Code,Municipality,Province,Type,Adults who may vote,Registered 2026,Registration rate 2026,Census caution,Young adults who may vote,Young adults registered,Youth registration rate,Young adults not registered,Turnout 2011,Registered 2011,Votes cast 2011,Turnout 2016,Registered 2016,Votes cast 2016,Turnout 2021,Registered 2021,Votes cast 2021,Predicted turnout 2026,Predicted turnout 2026 (low),Predicted turnout 2026 (high),Main factor pulling turnout down,Main factor holding turnout up,Worse than expected in 2021,After COVID (2024),Predicted turnout 2026 (COVID recovery),Effect on turnout: turnout last election,Effect on turnout: registration rate,Effect on turnout: neighbours' turnout,Effect on turnout: population density,Effect on turnout: metro,Effect on turnout: province,Turnout used,Turnout basis,Typical registration rate,Typical turnout,Typical youth registration rate,Problem group,What to send,Registration rate 2021,Participation 2021,Registration gap 2026,Turnout gap 2021,Participation shortfall 2021,Youth registration gap 2026,Adults not registered 2026,Registered who did not vote 2021,Registered per 100 adults,Voters per 100 adults,Registrations needed to reach typical,Extra voters needed to reach typical,Shortfall: registration part,Shortfall: turnout part,Priority score,Priority rank
MP303,Mkhondo,Mpumalanga,Local,164072.0,80034.0,0.4877972707093873,False,59878.0,15853.0,0.2647565256208179,44025.0,0.5939491692635338,63858.994032127805,37928.99645538727,0.5718572023892208,71990.0,41168.0,0.4309860752672925,70522.0,30394.0,0.4777053930042634,0.4191618073518757,0.5308835850337353,population density,turnout last election,False,recovered after COVID,0.5307204230585552,0.037122380993419,0.0022399142151531,0.026273629021266,-0.003319708717508,-0.0001852057446948,-0.0174049658213324,0.4777053930042634,predicted 2026,0.7870515055593977,0.5274541578299832,0.5450640106365076,Both low,Registration drive and voter mobilisation,0.4298234921254084,0.18524793992881175,0.5122027292906127,0.5690139247327075,0.8147520600711883,0.735243474379182,84038.0,40128.0,49.0,23.0,49100.0,3980.0,0.4783938010490922,0.09906774713272844,0.5774615481818206,1
MP302,Msukaligwa,Mpumalanga,Local,133788.0,77000.0,0.5755364159008015,False,44622.0,14506.0,0.3250884986715845,30116.0,0.5678379071556809,62192.53740345593,35315.28027987982,0.5721154520094761,71337.0,40813.0,0.4028021015761821,69662.0,28060.0,0.4573703469762208,0.3988267613238332,0.5105485390056929,metro,turnout last election,True,recovered after COVID,0.5062426096175981,0.0436662320903299,0.0013920538304173,0.0251893321635469,-8.247490889623525e-05,-0.0001852057446948,-0.0174049658213324,0.4573703469762208,predicted 2026,0.7870515055593977,0.5274541578299832,0.5450640106365076,Both low,Registration drive and voter mobilisation,0.5206894489789816,0.2097348043172781,0.4244635840991985,0.5971978984238179,0.7902651956827219,0.6749115013284155,56788.0,41602.0,58.0,26.0,28300.0,5400.0,0.31299118857558367,0.1425685070218434,0.45555969559742704,2
MP315,Thembisile Hani,Mpumalanga,Local,278959.0,168944.0,0.6056224823195036,False,84912.0,28376.0,0.33418312470039246,56536.0,0.5561779027302765,138007.9761874703,76756.98675599718,0.5513049210842673,154722.0,85299.0,0.407284178004872,151479.0,61695.0,0.449437110024769,0.3908935243723814,0.502615302054241,population density,turnout last election,False,recovered after COVID,0.4928071830764532,0.0426255683047413,0.0011837296659295,0.0272112092887332,-0.0132706774641479,-0.0001852057446948,-0.0174049658213324,0.449437110024769,predicted 2026,0.7870515055593977,0.5274541578299832,0.5450640106365076,Both low,Registration drive and voter mobilisation,0.5430152818156073,0.2211615326983535,0.39437751768049645,0.5927158219951281,0.7788384673016465,0.6658168752996075,110015.0,89784.0,61.0,27.0,50610.0,13180.0,0.26203686623794104,0.16006602381999785,0.4221028900579389,3
GT421,Emfuleni,Gauteng,Local,638240.0,371537.0,0.5821274296489081,False,182919.0,59791.0,0.32687085598119414,123128.0,0.5569905023124171,342449.0169489599,190740.8499667946,0.5455224827236277,362634.0,197825.0,0.4365996859568077,351544.0,153484.0,0.4743466434311095,0.4158030577787219,0.5275248354605815,population density,turnout last election,False,still falling,0.4624050866236425,0.035818993725505,0.0011110656527934,0.0219566910629672,-0.0270422404158907,-0.0001852057446948,0.0040943794029535,0.4743466434311095,predicted 2026,0.7870515055593977,0.5274541578299832,0.5450640106365076,Both low,Registration drive and voter mobilisation,0.5508022060666834,0.24048007019303083,0.41787257035109193,0.5634003140431922,0.7595199298069691,0.6731291440188059,266703.0,198060.0,58.0,28.0,130790.0,19730.0,0.30160431666166565,0.10612358731620619,0.40772790397787184,4
MP304,Dr Pixley Ka Isaka Seme,Mpumalanga,Local,77375.0,44543.0,0.5756736217411899,False,24553.0,9699.0,0.3950265062258351,14854.0,0.608479379952571,34576.90190981635,21039.33183476592,0.5928677177216176,38501.0,22826.0,0.445362353377287,37767.0,16820.0,0.4871390828106269,0.4285954971582392,0.5403172748400988,metro,turnout last election,False,recovered after COVID,0.5452066531993605,0.0337844477299751,0.0016961290186447,0.0187216999685004,0.0031713504915788,-0.0001852057446948,-0.0174049658213324,0.4871390828106269,predicted 2026,0.7870515055593977,0.5274541578299832,0.5450640106365076,Both low,Registration drive and voter mobilisation,0.48810339256865914,0.21738287560581585,0.42432637825881014,0.554637646622713,0.7826171243941842,0.6049734937741649,32832.0,20947.0,58.0,28.0,16360.0,1800.0,0.31275282053404174,0.07951228368992917,0.39226510422397093,5
MP324,Nkomazi,Mpumalanga,Local,347215.0,202502.0,0.5832183113661069,False,124392.0,49599.0,0.39873108521718,74793.0,0.5775595748445135,146910.67413860463,84849.66649561335,0.6094102713027442,167009.0,101777.0,0.4528454766962027,172783.0,78244.0,0.4890067713327644,0.4304631856803767,0.5421849633622363,population density,turnout last election,False,recovered after COVID,0.5203170429620614,0.032046990646191,0.001607250795724,0.0275749496693532,-0.0094709986993473,-0.0001852057446948,-0.0174049658213324,0.4890067713327644,predicted 2026,0.7870515055593977,0.5274541578299832,0.5450640106365076,Both low,Registration drive and voter mobilisation,0.49762539060812466,0.2253474072260703,0.4167816886338931,0.5471545233037973,0.7746525927739297,0.6012689147828201,144713.0,94539.0,58.0,29.0,70770.0,7790.0,0.2997321134219812,0.07568562030082383,0.375417733722805,6
EKU,Ekurhuleni,Gauteng,Metro,2744084.0,1711727.0,0.6237880986177636,False,831216.0,256043.0,0.3080341919501265,575173.0,0.5595166218288224,1424372.7689298214,796960.2398965796,0.5774669274331555,1587116.0,916507.0,0.4313737435272616,1575840.0,679776.0,0.4639467180365823,0.4054031323841947,0.5171249100660543,population density,turnout last election,True,still falling,0.4614663891067987,0.0370323708551738,0.0008921074023283,0.0167634214593431,-0.032948475608952,0.0047458972078058,0.0040943794029535,0.4639467180365823,predicted 2026,0.7870515055593977,0.5274541578299832,0.5450640106365076,Both low,Registration drive and voter mobilisation,0.5742681346489393,0.24772419503193052,0.37621190138223637,0.5686262564727385,0.7522758049680695,0.6919658080498735,1032357.0,896064.0,62.0,29.0,448010.0,108710.0,0.23248296656480952,0.12829224317122281,0.36077520973603233,7
NW383,Mafikeng,North West,Local,221638.0,150215.0,0.6777503712407199,False,74115.0,29878.0,0.40313193552938925,44237.0,0.5198965283821682,122243.17006850864,63553.799737048605,0.4984613321212753,134207.0,66897.0,0.3755667086170035,131902.0,49538.0,0.4278169045044375,0.3692733188520498,0.4809950965339095,population density,turnout last election,False,recovered after COVID,0.437081836974778,0.0499898384789825,0.0006974980781159,0.0234117484744885,-0.0080683341757347,-0.0001852057446948,-0.0155886230143914,0.4278169045044375,predicted 2026,0.7870515055593977,0.5274541578299832,0.5450640106365076,Both low,Registration drive and voter mobilisation,0.5951235798915349,0.2235086041202321,0.3222496287592801,0.6244332913829965,0.7764913958797679,0.5968680644706108,71423.0,82364.0,68.0,29.0,24230.0,14970.0,0.1495146555802688,0.20936664614784548,0.3588813017281143,8
FS203,Ngwathe,Free State,Local,89859.0,52155.0,0.5804113492458424,False,23949.0,8415.0,0.35137796877760924,15534.0,0.5834784501523727,32892.60796906471,19192.12791925946,0.5870029612387112,67877.0,39844.0,0.4573475691014847,63783.0,29171.0,0.5023384860827167,0.443794900430329,0.5555166781121886,population density,turnout last election,False,recovered after COVID,0.5505532848421472,0.0310016794829183,-0.0003726647189508,0.0223234169482715,-0.0009527663963351,-0.0001852057446948,-0.0088168163806452,0.5023384860827167,predicted 2026,0.7870515055593977,0.5274541578299832,0.5450640106365076,Both low,Registration drive and voter mobilisation,0.7098120388608821,0.324630810491993,0.41958865075415763,0.5426524308985152,0.675369189508007,0.6486220312223907,37704.0,34612.0,58.0,29.0,18570.0,1310.0,0.30455661671509565,0.04878778945048526,0.35334440616558094,9
KZN241,eNdumeni,KwaZulu-Natal,Local,66530.0,35914.0,0.5398206385605133,False,21493.0,8903.0,0.4142368352488327,12590.0,0.5679591836734694,24499.99007499502,13914.994363002275,0.5849764288909535,29061.0,17000.0,0.502708158116064,29725.0,14943.0,0.550645506657945,0.4921019210055573,0.6038236986874169,population density,turnout last election,False,still falling,0.5477336422355067,0.0204697032813792,0.0020815552481305,0.0093048904165369,-0.0049923035230007,-0.0001852057446948,0.019265435072862,0.550645506657945,predicted 2026,0.7870515055593977,0.5274541578299832,0.5450640106365076,Low registration,Registration drive,0.44679092138884713,0.22460544115436645,0.4601793614394867,0.49729184188393605,0.7753945588456336,0.5857631647511673,30616.0,14782.0,54.0,30.0,16450.0,0.0,0.3770567581433958,0.0,0.3340274766209351,10
WC045,Oudtshoorn,Western Cape,Local,93467.0,56448.0,0.603936033796262,False,26391.0,10312.0,0.3907385330845283,16079.0,0.6202446790682085,47516.21798574095,29471.68137510093,0.5511317048986518,52443.0,28903.0,0.442555472593954,52233.0,23116.0,0.4931271916768402,0.4345836060244526,0.5463053837063122,population density,turnout last election,False,still falling,0.4862096299781809,0.0344361588795177,0.0010360673940965,0.0016429014254917,-0.0014299847839756,-0.0001852057446948,0.0130785081217825,0.4931271916768402,predicted 2026,0.7870515055593977,0.5274541578299832,0.5450640106365076,Both low,Registration drive and voter mobilisation,0.5588389485058898,0.24731723495993238,0.39606396620373796,0.557444527406046,0.7526827650400676,0.6092614669154717,37019.0,29117.0,60.0,30.0,17120.0,1940.0,0.2648254036978194,0.0672948209307522,0.3321202246285716,11
MP316,Dr JS Moroka,Mpumalanga,Local,204830.0,133712.0,0.6527955727435769,False,58245.0,23145.0,0.39737447795963843,35100.0,0.52798990805493,118113.95795483456,62362.97780057696,0.5472357754811941,130145.0,71220.0,0.4287485916691658,123373.0,52896.0,0.4592903019021186,0.4007467162497309,0.5124684939315906,population density,turnout last election,False,recovered after COVID,0.4856196452994581,0.0376418875633013,0.0006303620886265,0.0228221809604165,-0.0149558226040323,-0.0001852057446948,-0.0174049658213324,0.4592903019021186,predicted 2026,0.7870515055593977,0.5274541578299832,0.5450640106365076,Both low,Registration drive and voter mobilisation,0.602318996240785,0.25824342137382217,0.3472044272564231,0.5712514083308342,0.7417565786261778,0.6026255220403616,71118.0,70477.0,65.0,30.0,27500.0,9110.0,0.18702967003583013,0.13837948083019688,0.325409150866027,12
MP325,Bushbuckridge,Mpumalanga,Local,452915.0,293222.0,0.6474101786734349,False,149995.0,67209.0,0.44807374061325544,82786.0,0.5159057305434831,223189.96928762924,115144.98415531192,0.5357441231878123,244180.0,130818.0,0.4312947851535432,245338.0,105813.0,0.4671634082201363,0.4086198225677487,0.5203416002496083,population density,turnout last election,False,recovered after COVID,0.4685354357679988,0.03705070367957,0.0011961262400675,0.0187375109630095,-0.0055188200406947,-0.0001852057446948,-0.0174049658213324,0.4671634082201363,predicted 2026,0.7870515055593977,0.5274541578299832,0.5450640106365076,Both low,Registration drive and voter mobilisation,0.5416866299416006,0.23362661868120949,0.35258982132656513,0.5687052148464569,0.7663733813187905,0.5519262593867446,159693.0,139525.0,65.0,30.0,63250.0,17680.0,0.19531362795786314,0.12138284998598288,0.31669647794384603,13
GT485,Rand West City,Gauteng,Local,220215.0,141981.0,0.644738985285418,False,68419.0,25449.0,0.37195800012904545,42970.0,0.5504151080742419,126231.99182223428,69479.99542126189,0.5649784261351962,136276.0,76993.0,0.4245268001303811,131921.0,56004.0,0.4765216152290684,0.4179780295766808,0.5296998072585404,population density,turnout last election,False,recovered after COVID,0.5000367960005757,0.0386221175157838,0.0006608110104582,0.0242466378214705,-0.0174371986979519,-0.0001852057446948,0.0040943794029535,0.4765216152290684,predicted 2026,0.7870515055593977,0.5274541578299832,0.5450640106365076,Both low,Registration drive and voter mobilisation,0.5990554685194015,0.25431510115114775,0.35526101471458205,0.575473199869619,0.7456848988488523,0.6280419998709545,78234.0,75917.0,64.0,31.0,31340.0,7230.0,0.19944813079648607,0.10154887242525798,0.30099700322174405,14
MP326,City of Mbombela,Mpumalanga,Local,527954.0,362699.0,0.6869900141220467,False,169234.0,73433.0,0.43391333574381474,95801.0,0.5745990782163186,282724.29399119184,162453.11871669829,0.5962796421640555,316905.0,188964.0,0.4093412465892945,318116.0,130218.0,0.4498789616764286,0.391335376024041,0.5030571537059007,population density,turnout last election,True,recovered after COVID,0.4884646931331858,0.042147951107815,0.0006282569983359,0.0229798622518648,-0.0096214574955222,-0.0001852057446948,-0.0174049658213324,0.4498789616764286,predicted 2026,0.7870515055593977,0.5274541578299832,0.5450640106365076,Both low,Registration drive and voter mobilisation,0.6025449186860976,0.24664648814101228,0.31300998587795326,0.5906587534107055,0.7533535118589877,0.5660866642561853,165255.0,187898.0,69.0,31.0,52830.0,28140.0,0.13597393508149228,0.15908338445411319,0.29505731953560543,15
TSH,City of Tshwane,Gauteng,Metro,2668145.0,1684002.0,0.6311509708259233,False,776456.0,281419.0,0.36244055972058176,495037.0,0.5530368425853815,1326426.9438345532,733562.9689384386,0.5900514636461967,1512524.0,892467.0,0.4457799598450135,1526585.0,680521.0,0.4916529613764056,0.4331093757240179,0.5448311534058775,population density,turnout last election,True,still falling,0.4910582431992402,0.0336874864365869,0.0009118499605867,0.0239451504318186,-0.0235050356990277,0.0047458972078058,0.0040943794029535,0.4916529613764056,predicted 2026,0.7870515055593977,0.5274541578299832,0.5450640106365076,Both low,Registration drive and voter mobilisation,0.572152188130705,0.25505397945014235,0.3688490291740767,0.5542200401549865,0.7449460205498577,0.6375594402794182,984143.0,846064.0,63.0,31.0,415970.0,60290.0,0.22074860133013496,0.07028885243543136,0.29103745376556633,16
WC015,Swartland,Western Cape,Local,100065.0,58682.0,0.5864390275465321,False,27388.0,9550.0,0.34868830094960546,17838.0,0.6020024142583256,42248.86398396565,25433.918118018944,0.5904035783267256,49185.0,29039.0,0.4759197122822527,49771.0,23687.0,0.5308350499823227,0.472291464329935,0.5840132420117946,population density,turnout last election,False,recovered after COVID,0.5527600095965776,0.0266895359627238,0.0016094796735064,0.0133338796478688,-0.0016041337517849,-0.0001852057446948,0.0130785081217825,0.5308350499823227,predicted 2026,0.7870515055593977,0.5274541578299832,0.5450640106365076,Low registration,Registration drive,0.4973866986458802,0.23671613451256684,0.4135609724534679,0.5240802877177473,0.7632838654874332,0.6513116990503945,41383.0,26084.0,59.0,31.0,20070.0,0.0,0.2942249888766823,0.0,0.2878356132141449,17
KZN252,Newcastle,KwaZulu-Natal,Local,329828.0,201426.0,0.6106994541909686,False,111383.0,45867.0,0.41179357711820597,65516.0,0.5992583950219933,149135.92239967815,89370.95349735567,0.5871570140657638,183353.0,107657.0,0.4563539928289354,181563.0,82857.0,0.5108891446653225,0.4523455590129349,0.5640673366947945,population density,turnout last election,False,recovered after COVID,0.5601323812226904,0.0312323714091969,0.0011140981956492,0.0177113568161796,-0.0165961777034738,-0.0001852057446948,0.019265435072862,0.5108891446653225,predicted 2026,0.7870515055593977,0.5274541578299832,0.5450640106365076,Both low,Registration drive and voter mobilisation,0.5504778248056563,0.2512127533138484,0.3893005458090314,0.5436460071710646,0.7487872466861516,0.588206422881794,128402.0,98706.0,61.0,31.0,58170.0,3340.0,0.25368874522815943,0.03190932834948069,0.2855980735776401,18
ETH,eThekwini,KwaZulu-Natal,Metro,2996287.0,2031920.0,0.6781460642939832,False,867904.0,343097.0,0.39531662050745026,524807.0,0.5909589591876224,1669062.2451279615,986347.2872001764,0.5945391108305152,1919724.0,1141351.0,0.4140734629738755,1909125.0,790518.0,0.464389205351718,0.4058456196993304,0.5175673973811901,population density,turnout last election,True,recovered after COVID,0.5295228179455849,0.0410492089744859,0.0003052343231126,0.0147285668818234,-0.0317718738729154,0.0047458972078058,0.019265435072862,0.464389205351718,predicted 2026,0.7870515055593977,0.5274541578299832,0.5450640106365076,Both low,Registration drive and voter mobilisation,0.6371635961441611,0.26383253673630064,0.32185393570601684,0.5859265370261245,0.7361674632636994,0.6046833794925497,964367.0,1118607.0,68.0,31.0,326310.0,128140.0,0.14893099291381978,0.12733895172251858,0.27626994463633836,19
GT484,Merafong City,Gauteng,Local,149271.0,98898.0,0.6625398115481766,False,44462.0,15728.0,0.3537415593435374,28734.0,0.5527256573519769,94517.05659306102,52242.00223637365,0.5364831339282141,99964.0,53629.0,0.4203626161521342,94811.0,39855.0,0.4802826194039558,0.4217390337515681,0.5334608114334277,population density,turnout last election,False,recovered after COVID,0.4929638375453073,0.0395889719484639,0.0003239296086039,0.02542692984889,-0.0113222756030631,-0.0001852057446948,0.0040943794029535,0.4802826194039558,predicted 2026,0.7870515055593977,0.5274541578299832,0.5450640106365076,Both low,Registration drive and voter mobilisation,0.6351602119634758,0.2669976083767108,0.33746018845182335,0.5796373838478658,0.7330023916232892,0.6462584406564627,50373.0,54956.0,66.0,32.0,18590.0,4670.0,0.1722130427557731,0.09368723592831774,0.26590027868409083,20
MP311,Victor Khanye,Mpumalanga,Local,69256.0,41042.0,0.5926127397127346,False,22949.0,8080.0,0.3520868242831729,14869.0,0.5670876360591682,28663.99952974223,16254.999733322633,0.5537353143403785,33451.0,18523.0,0.5170487437767743,34548.0,17863.0,0.5396859428920685,0.4811423572396808,0.5928641349215404,population density,neighbours' turnout,False,still falling,0.4322520068832103,0.0171400572124934,0.0015958766993201,0.0250224368978981,-0.0055242739190582,-0.0001852057446948,-0.0174049658213324,0.5396859428920685,predicted 2026,0.7870515055593977,0.5274541578299832,0.5450640106365076,Low registration,Registration drive,0.4988448654268222,0.25792711100843246,0.40738726028726535,0.48295125622322566,0.7420728889915675,0.647913175716827,28214.0,16685.0,59.0,32.0,13470.0,0.0,0.2837525588086513,0.0,0.2608271326607893,21
EC102,Blue Crane Route,Eastern Cape,Local,34709.0,19320.0,0.5566253774941465,False,8703.0,3594.0,0.41297076891032325,5109.0,0.5910836055240387,17450.21939239479,10314.538595642212,0.6080992815153494,18372.0,11172.0,0.5263894330329658,17867.0,9405.0,0.5771450851376155,0.5186014994852279,0.6303232771670875,metro,neighbours' turnout,False,still falling,0.5614590724410616,0.0149713041365454,0.0014473424134978,0.0195620222387525,0.0155153189592907,-0.0001852057446948,-0.00254840368941,0.5771450851376155,predicted 2026,0.7870515055593977,0.5274541578299832,0.5450640106365076,Low registration,Registration drive,0.5147656227491428,0.27096718430378286,0.44337462250585347,0.4736105669670342,0.7290328156962171,0.5870292310896768,15389.0,8462.0,56.0,32.0,8000.0,0.0,0.3464012498879563,0.0,0.2563695245946569,22
WC025,Breede Valley,Western Cape,Local,139577.0,84836.0,0.6078062744952112,False,42244.0,13123.0,0.31064933382850085,29121.0,0.6182827875127003,71826.44065542538,44409.051945551946,0.5987377876437412,77483.0,46392.0,0.4770707109687544,77739.0,37087.0,0.5304990302518685,0.4719554445994808,0.5836772222813404,population density,turnout last election,False,recovered after COVID,0.5385029115177197,0.0264222931636864,0.0010536086738296,0.0150530096235353,-0.003987168345693,-0.0001852057446948,0.0130785081217825,0.5304990302518685,predicted 2026,0.7870515055593977,0.5274541578299832,0.5450640106365076,Low registration,Registration drive,0.5569613904869714,0.2657099665417655,0.3921937255047888,0.5229292890312456,0.7342900334582345,0.6893506661714992,54741.0,40652.0,61.0,32.0,25020.0,0.0,0.25843748799488614,0.0,0.25268131491754625,23
MP307,Govan Mbeki,Mpumalanga,Local,211870.0,155046.0,0.7317970559984238,False,66332.0,24327.0,0.3667477379669634,42005.0,0.5464750410409194,131575.99548933303,71902.9975350331,0.5338793489108365,145295.0,77570.0,0.3991124218406613,141058.0,56298.0,0.4407301067803785,0.3821865211279908,0.4939082988098505,population density,turnout last election,False,recovered after COVID,0.446669367802513,0.0445229145102455,3.825971657585638e-05,0.022030384558002,-0.009376976069747,-0.0001852057446948,-0.0174049658213324,0.4407301067803785,predicted 2026,0.7870515055593977,0.5274541578299832,0.5450640106365076,Both low,Registration drive and voter mobilisation,0.6657761835087553,0.2657195450040119,0.2682029440015762,0.6008875781593387,0.734280454995988,0.6332522620330365,56824.0,84760.0,73.0,32.0,11710.0,13450.0,0.0727904620957839,0.1796292716549607,0.2524197337507446,24
LIM367,Mogalakwena,Limpopo,Local,235095.0,163336.0,0.6947646936360731,False,68919.0,30652.0,0.444752153600389,38267.0,0.5127794006750277,136345.36596691268,69915.0950453308,0.4884642889377981,144031.0,70354.0,0.4071034016289491,141932.0,57781.0,0.4657349527802669,0.4071913671278793,0.5189131448097389,population density,turnout last election,False,still falling,0.4515261866624482,0.0426675415800092,0.0006172867926434,0.0218690750935955,-0.0043675112773338,-0.0001852057446948,-0.0039629090835696,0.4657349527802669,predicted 2026,0.7870515055593977,0.5274541578299832,0.5450640106365076,Both low,Registration drive and voter mobilisation,0.6037218996575853,0.24577723898849402,0.30523530636392693,0.5928965983710509,0.754222761011506,0.555247846399611,71759.0,84151.0,69.0,32.0,21700.0,10080.0,0.12472047378443536,0.124445255529743,0.24916572931417835,25
EC145,Walter Sisulu,Eastern Cape,Local,66732.0,41413.0,0.6205878144623552,False,19655.0,8940.0,0.4548476729935484,10715.0,0.6185529014081605,35247.97517566956,21802.737313673224,0.569945638812249,36607.0,20864.0,0.4728607034062586,36110.0,17075.0,0.5250389815612081,0.4664953959088204,0.57821717359068,metro,turnout last election,False,still falling,0.5173704443186813,0.0273997870723801,0.0012014043652079,0.0125606188177145,0.0117568035430838,-0.0001852057446948,-0.00254840368941,0.5250389815612081,predicted 2026,0.7870515055593977,0.5274541578299832,0.5450640106365076,Both low,Registration drive and voter mobilisation,0.5411197026913624,0.2558742432416232,0.3794121855376448,0.5271392965937414,0.7441257567583768,0.5451523270064516,25319.0,19035.0,62.0,33.0,11110.0,100.0,0.2376265749833176,0.004589446558127226,0.24221602154144484,26
WC031,Theewaterskloof,Western Cape,Local,100432.0,65978.0,0.6569428647253006,False,32318.0,10784.0,0.3336845783787642,21534.0,0.5985451031263427,48864.75101278335,29247.75743418947,0.588918094095648,56687.0,33384.0,0.4351585976627712,59900.0,26066.0,0.4963773442878362,0.4378337586354486,0.5495555363173082,population density,turnout last election,True,recovered after COVID,0.507984221680164,0.0361535905185985,0.0006853706110819,0.0121496701983725,-0.0026564608707437,-0.0001852057446948,0.0130785081217825,0.4963773442878362,predicted 2026,0.7870515055593977,0.5274541578299832,0.5450640106365076,Both low,Registration drive and voter mobilisation,0.5964234506930062,0.2595387924167596,0.3430571352746994,0.5648414023372288,0.7404612075832404,0.6663154216212358,34454.0,33834.0,66.0,33.0,13070.0,2050.0,0.18069664089895138,0.06072554472973738,0.24142218562868875,27
NW403,Matlosana,North West,Local,284651.0,202216.0,0.7104002661590646,False,81371.0,36361.0,0.44685274677104386,45010.0,0.5662491757068138,186322.8127311085,105505.13912436522,0.5730965855300528,190132.0,108964.0,0.4212363596382727,181905.0,76625.0,0.4597896018086213,0.4012460161562336,0.5129677938380932,population density,turnout last election,False,recovered after COVID,0.4861251905551148,0.0393861032070703,0.0002876688739534,0.022808031411137,-0.0101480063533939,-0.0001852057446948,-0.0155886230143914,0.4597896018086213,predicted 2026,0.7870515055593977,0.5274541578299832,0.5450640106365076,Both low,Registration drive and voter mobilisation,0.6390457086045719,0.2691892879350503,0.2895997338409354,0.5787636403617273,0.7308107120649496,0.5531472532289561,82435.0,105280.0,71.0,33.0,21820.0,13680.0,0.10246512537481677,0.13729295950902215,0.23975808488383893,28
MP301,Chief Albert Luthuli,Mpumalanga,Local,153612.0,104214.0,0.6784230415221051,False,52418.0,24253.0,0.46268810639486174,28165.0,0.5828893726023114,83058.62806883443,48413.991604251634,0.5925673924313115,92592.0,54867.0,0.4367962242599916,92803.0,40536.0,0.4815578946388595,0.4230143089864719,0.5347360866683315,population density,turnout last election,False,recovered after COVID,0.5242714462804827,0.0357733607922299,0.0006133890307864,0.0257730008454657,-0.0018011825142548,-0.0001852057446948,-0.0174049658213324,0.4815578946388595,predicted 2026,0.7870515055593977,0.5274541578299832,0.5450640106365076,Both low,Registration drive and voter mobilisation,0.6041389995573262,0.2638856339348488,0.3215769584778949,0.5632037757400083,0.7361143660651512,0.5373118936051382,49398.0,52267.0,68.0,33.0,16690.0,4780.0,0.14852264330481987,0.09103549488899298,0.23955813819381286,29
KZN225,Msunduzi,KwaZulu-Natal,Local,566567.0,366147.0,0.6462557637825802,False,165120.0,68534.0,0.4150551988801462,96586.0,0.6214347150613219,281304.3212826875,174812.27074182543,0.6673470225631822,340998.0,227564.0,0.4745605838641502,339257.0,160998.0,0.5065298918691996,0.4479863062168119,0.5597080838986715,population density,turnout last election,True,recovered after COVID,0.5764904183564269,0.0270051030324038,0.0006632542501959,0.0113707528595771,-0.0281433052559626,-0.0001852057446948,0.019265435072862,0.5065298918691996,predicted 2026,0.7870515055593977,0.5274541578299832,0.5450640106365076,Both low,Registration drive and voter mobilisation,0.5987941408518321,0.2841640970970777,0.3537442362174198,0.5254394161358498,0.7158359029029223,0.5849448011198538,200420.0,178259.0,65.0,33.0,79770.0,7660.0,0.19709834711818255,0.04047861851516541,0.23757696563334796,30
LIM476,Fetakgomo Tubatse,Limpopo,Local,345583.0,243293.0,0.704007927551792,False,107097.0,52944.0,0.4943534658323223,54153.0,0.4596607043953093,171245.87249992206,78714.99837810351,0.4988171815701789,198678.0,99104.0,0.4140440794469088,200184.0,82885.0,0.4672581037636352,0.4087145181112475,0.5204362957931071,population density,turnout last election,False,still falling,0.4538515141560343,0.0410560313419519,0.00084548176395,0.0215189036327542,-0.0080515513843333,-0.0001852057446948,-0.0039629090835696,0.4672581037636352,predicted 2026,0.7870515055593977,0.5274541578299832,0.5450640106365076,Both low,Registration drive and voter mobilisation,0.5792646050297613,0.23984108014572475,0.295992072448208,0.5859559205530912,0.7601589198542753,0.5056465341676777,102290.0,117299.0,70.0,33.0,28700.0,14650.0,0.1115040748919342,0.12118016727243526,0.23268424216436945,31
LIM344,Makhado,Limpopo,Local,303133.0,208511.0,0.6878533080052964,False,90713.0,43355.0,0.4779335741316735,47358.0,0.4870033227190918,211725.5753665801,103111.058708136,0.4582558770789807,182361.0,83568.0,0.4280595491657792,180288.0,77174.0,0.4800954856508495,0.4215518999984619,0.5332736776803215,population density,turnout last election,False,still falling,0.4155065209416574,0.0378018718008337,0.0007010025210448,0.0203949776041984,-0.0047070744034101,-0.0001852057446948,-0.0039629090835696,0.4800954856508495,predicted 2026,0.7870515055593977,0.5274541578299832,0.5450640106365076,Both low,Registration drive and voter mobilisation,0.5947488396182534,0.25458792015385984,0.3121466919947036,0.5719404508342207,0.7454120798461401,0.5220664258683265,94622.0,103114.0,69.0,33.0,30070.0,9870.0,0.13471809162236223,0.09407694442852138,0.2287950360508836,32
MP312,Emalahleni,Mpumalanga,Local,288435.0,219576.0,0.7612671202305575,False,88691.0,39383.0,0.44404758401562905,49308.0,0.5342330146879044,167688.99607919046,89584.9979053741,0.5149426985500517,189524.0,97594.0,0.3932202845317327,186763.0,73439.0,0.435179934264762,0.3766363486123744,0.488358126294234,population density,turnout last election,False,still falling,0.4149438974847186,0.0458909710382129,0.000208741390225,0.0240695901427889,-0.0126127550628382,-0.0001852057446948,-0.0174049658213324,0.435179934264762,predicted 2026,0.7870515055593977,0.5274541578299832,0.5450640106365076,Both low,Registration drive and voter mobilisation,0.6475046370932792,0.25461195763343564,0.23873287976944246,0.6067797154682673,0.7453880423665644,0.555952415984371,68859.0,113324.0,76.0,33.0,7440.0,20260.0,0.03330938331270121,0.1923023694357098,0.225611752748411,33
LIM333,Greater Tzaneen,Limpopo,Local,294254.0,207067.0,0.7037004637855305,False,85128.0,40593.0,0.47684544181163285,44535.0,0.4961715861879527,154413.03885225745,76615.36241542656,0.5144419608949459,184324.0,94824.0,0.4371638329486202,182387.0,79733.0,0.4773142012171021,0.4187706155647145,0.5304923932465742,population density,turnout last election,False,still falling,0.4284700630205422,0.035688008153646,0.0004669968545872,0.0183810817643413,-0.012230877466496,-0.0001852057446948,-0.0039629090835696,0.4773142012171021,predicted 2026,0.7870515055593977,0.5274541578299832,0.5450640106365076,Both low,Registration drive and voter mobilisation,0.6198284475317243,0.2709665798935613,0.29629953621446947,0.5628361670513797,0.7290334201064387,0.5231545581883672,87187.0,102654.0,70.0,34.0,24530.0,10380.0,0.11194090367414886,0.09988698018597075,0.2118278838601196,34
BUF,Buffalo City,Eastern Cape,Metro,656889.0,458595.0,0.6981321703338406,False,174427.0,80661.0,0.4624349936746996,93766.0,0.561501353592812,389241.18396241486,218559.45166896467,0.557153902692796,419044.0,233472.0,0.4501163631711793,406486.0,182966.0,0.4820875188388782,0.4235439331864906,0.5352657108683502,population density,turnout last election,False,still falling,0.4776195015964494,0.0326806455285737,0.0004765360003018,0.0134005468492214,-0.0187773400194619,0.0047458972078058,-0.00254840368941,0.4820875188388782,predicted 2026,0.7870515055593977,0.5274541578299832,0.5450640106365076,Both low,Registration drive and voter mobilisation,0.6188046991196382,0.2785341206809674,0.30186782966615944,0.5498836368288207,0.7214658793190326,0.5375650063253004,198294.0,223520.0,70.0,34.0,58410.0,20800.0,0.11988525109758134,0.08993628506359806,0.2098215361611794,35
GT423,Lesedi,Gauteng,Local,90726.0,55738.0,0.6143535879132517,False,26898.0,9553.0,0.3551618473862357,17345.0,0.6204392689341997,44482.997666102136,27598.99855195812,0.636482125124131,48336.0,30765.0,0.5105844983595594,47853.0,24433.0,0.5479384685316714,0.4893948828792837,0.6011166605611433,population density,neighbours' turnout,False,still falling,0.5405289025800637,0.0186409477514839,0.0013290211483185,0.0195881846092895,-0.0081066307859068,-0.0001852057446948,0.0040943794029535,0.5479384685316714,predicted 2026,0.7870515055593977,0.5274541578299832,0.5450640106365076,Low registration,Registration drive,0.5274452747834137,0.26930538103740936,0.3856464120867483,0.48941550164044056,0.7306946189625907,0.6448381526137643,34988.0,23420.0,61.0,34.0,15670.0,0.0,0.2477230532391929,0.0,0.20962201328288305,36
CPT,City of Cape Town,Western Cape,Metro,3189834.0,2158431.0,0.676659348337616,False,896013.0,327366.0,0.36535847118438586,568647.0,0.643705397877141,1745125.1046831333,1123346.4498554436,0.6403683084811067,1977690.0,1266450.0,0.4661246749772509,1973708.0,919994.0,0.4987348851608433,0.4401912995084557,0.5519130771903153,population density,turnout last election,True,recovered after COVID,0.5388349485173517,0.0289637811176161,0.0004770559549165,0.0157979854180676,-0.0324462914272643,0.0047458972078058,0.0130785081217825,0.4987348851608433,predicted 2026,0.7870515055593977,0.5274541578299832,0.5450640106365076,Both low,Registration drive and voter mobilisation,0.6187494396260119,0.28841438143803094,0.323340651662384,0.533875325022749,0.7115856185619691,0.6346415288156142,1031403.0,1053714.0,68.0,34.0,352130.0,61990.0,0.1511257236689213,0.05598729468315364,0.20711301835207493,37
EC104,Makana,Eastern Cape,Local,68026.0,47078.0,0.6920576003270699,False,18025.0,10160.0,0.5636465207737704,7865.0,0.5524556555842767,44873.03894843175,24790.364150314643,0.5070908228802966,46398.0,23528.0,0.4401795529497984,43664.0,19220.0,0.4904238393702909,0.4318802537179032,0.5436020313997628,metro,turnout last election,False,still falling,0.4530716093537846,0.0349878080025257,0.000261310605917,0.0129526462035275,0.0027828572519591,-0.0001852057446948,-0.00254840368941,0.4904238393702909,predicted 2026,0.7870515055593977,0.5274541578299832,0.5450640106365076,Both low,Registration drive and voter mobilisation,0.6418722253256108,0.2825390291947197,0.30794239967293013,0.5598204470502016,0.7174609708052804,0.4363534792262296,20948.0,24444.0,69.0,34.0,6460.0,1740.0,0.12862450209306453,0.07279196145285453,0.20141646354591908,38
WC044,George,Western Cape,Local,199506.0,123788.0,0.6204736118395435,False,55880.0,20101.0,0.35971555466999267,35779.0,0.6228959945254468,90600.998966295,56434.99935610929,0.603205598398192,100886.0,60855.0,0.513100211218024,106525.0,54658.0,0.5486042304604227,0.4900606448080351,0.6017824224898947,population density,turnout last election,False,still falling,0.5280939056837037,0.0180568409633921,0.0012683613809268,0.0057091009017097,-0.0044168601713857,-0.0001852057446948,0.0130785081217825,0.5486042304604227,predicted 2026,0.7870515055593977,0.5274541578299832,0.5450640106365076,Low registration,Registration drive,0.5339438412879813,0.27396669774342625,0.3795263881604565,0.48689978878197604,0.7260333022565737,0.6402844453300074,75718.0,51867.0,62.0,34.0,33230.0,0.0,0.23781061522615132,0.0,0.1984952823632922,39
LIM343,Thulamela,Limpopo,Local,346652.0,261071.0,0.7531213541577778,False,109867.0,59178.0,0.5386337130600244,50689.0,0.4806782053325588,85927.17146645149,41303.31856979696,0.4586474442526508,227096.0,104157.0,0.4078980691474033,229018.0,93416.0,0.4547836128172077,0.3962400271648201,0.5079618048466797,population density,turnout last election,False,still falling,0.4020141043851098,0.0424830329663797,8.602139732703637e-05,0.0206548664998916,-0.0141835361561974,-0.0001852057446948,-0.0039629090835696,0.4547836128172077,predicted 2026,0.7870515055593977,0.5274541578299832,0.5450640106365076,Both low,Registration drive and voter mobilisation,0.6606567970183354,0.26948063187288696,0.2468786458422222,0.5921019308525968,0.730519368127113,0.4613662869399756,85581.0,135602.0,75.0,34.0,11760.0,18970.0,0.04406731599857819,0.14824022738329642,0.1923075433818746,40
MP305,Lekwa,Mpumalanga,Local,82450.0,56704.0,0.6877383401534767,False,24840.0,10102.0,0.40667805969801635,14738.0,0.5984299928690267,49182.883089309726,29432.51237641379,0.5740013896974591,53249.0,30565.0,0.457527975584944,51116.0,23387.0,0.4999798113097753,0.4414362256573877,0.5531580033392474,metro,turnout last election,False,recovered after COVID,0.5021407486153918,0.0309597920905437,0.0004657239154849,0.0249829213348566,0.0016402961593051,-0.0001852057446948,-0.0174049658213324,0.4999798113097753,predicted 2026,0.7870515055593977,0.5274541578299832,0.5450640106365076,Both low,Registration drive and voter mobilisation,0.6199636143117041,0.283650697392359,0.3122616598465233,0.542472024415056,0.7163493026076411,0.5933219403019836,25746.0,27729.0,69.0,34.0,8190.0,1560.0,0.13488524566439392,0.053494236759535414,0.18837948242392932,41
EC105,Ndlambe,Eastern Cape,Local,63578.0,37766.0,0.5940149143858227,False,12956.0,6120.0,0.4723776789102606,6836.0,0.672937415467847,32513.635190019897,21879.64163223643,0.6532578725874328,34455.0,22508.0,0.5553447185325743,33201.0,18438.0,0.5791547603614124,0.5206111747090248,0.6323329523908844,population density,neighbours' turnout,False,still falling,0.553800609154109,0.0082483672343673,0.0013778309769338,0.018495162324126,-0.0035709830631521,-0.0001852057446948,-0.00254840368941,0.5791547603614124,predicted 2026,0.7870515055593977,0.5274541578299832,0.5450640106365076,Low registration,Registration drive,0.5222089401994401,0.290005976910252,0.40598508561417734,0.4446552814674257,0.709994023089748,0.5276223210897394,25812.0,14763.0,59.0,34.0,12270.0,0.0,0.28138926427247696,0.0,0.1878814903484,42
EC124,Amahlathi,Eastern Cape,Local,75937.0,50277.0,0.6620896419004634,False,19873.0,8275.0,0.4163961516911093,11598.0,0.5846518118953162,58953.6167279579,34467.33883778261,0.5436207385022193,52945.0,28782.0,0.4725509997980206,49510.0,23396.0,0.519768496127933,0.4612249104755453,0.5729466881574049,metro,turnout last election,False,still falling,0.4567888029732351,0.0274716951119878,0.0001668990932985,0.0182697625140286,0.002049475254034,-0.0001852057446948,-0.00254840368941,0.519768496127933,predicted 2026,0.7870515055593977,0.5274541578299832,0.5450640106365076,Both low,Registration drive and voter mobilisation,0.6519878320186471,0.30809750187655555,0.3379103580995366,0.5274490002019794,0.6919024981234445,0.5836038483088908,25660.0,26114.0,66.0,34.0,9490.0,390.0,0.17289273421797335,0.014678444295425024,0.18757117851339838,43
NC092,Dikgatlong,Northern Cape,Local,42876.0,24027.0,0.5603891847288445,False,12989.0,5002.0,0.38508526754588646,7987.0,0.6245759167170145,21516.262331752485,13438.539270178077,0.6150448341357834,22639.0,13924.0,0.5692178449838617,22617.0,12874.0,0.6154339873226311,0.5568904016702435,0.668612179352103,metro,neighbours' turnout,False,still falling,0.5603748129546626,0.0050272574383957,0.0013284657555895,0.0156286565519809,0.0105402991550791,-0.0001852057446948,0.0118833953917507,0.6154339873226311,predicted 2026,0.7870515055593977,0.5274541578299832,0.5450640106365076,Low registration,Registration drive,0.5274979009235936,0.30026121839723857,0.43961081527115553,0.43078215501613826,0.6997387816027614,0.6149147324541135,18849.0,9743.0,56.0,34.0,9720.0,0.0,0.33966217663599635,0.0,0.18539644424058008,44
NW382,Tswaing,North West,Local,77354.0,55662.0,0.7195750924609794,False,25828.0,11947.0,0.46255178853071044,13881.0,0.550767519907858,49563.67225952139,27298.06084790249,0.5026963295127278,51737.0,26008.0,0.4289161554192229,48900.0,20974.0,0.4811451139663574,0.4226015283139697,0.5343233059958293,metro,turnout last election,False,still falling,0.4721421145574541,0.0376029820405517,0.0003519345274981,0.0239400063927981,0.0041145905547047,-0.0001852057446948,-0.0155886230143914,0.4811451139663574,predicted 2026,0.7870515055593977,0.5274541578299832,0.5450640106365076,Both low,Registration drive and voter mobilisation,0.6321586472580604,0.27114305659694393,0.2804249075390206,0.5710838445807771,0.7288569434030561,0.5374482114692896,21692.0,27926.0,72.0,35.0,5220.0,2580.0,0.08963280326987755,0.09189304014253102,0.18152584341240857,45
EC131,Inxuba Yethemba,Eastern Cape,Local,51384.0,33121.0,0.6445765262225929,False,14387.0,6979.0,0.48509075836531074,7408.0,0.5960711687280904,30236.704211827066,18023.22761802933,0.5683178567961951,30907.0,17565.0,0.4924724664039608,29691.0,14622.0,0.5393181709893243,0.4807745853369367,0.5924963630187963,metro,turnout last election,False,still falling,0.5041588888176186,0.0228462610787992,0.0008589240954973,0.0110707004303584,0.0128101546241454,-0.0001852057446948,-0.00254840368941,0.5393181709893243,predicted 2026,0.7870515055593977,0.5274541578299832,0.5450640106365076,Low registration,Registration drive,0.5778257823446987,0.284563288183092,0.35542347377740713,0.5075275335960392,0.715436711816908,0.5149092416346892,18263.0,15069.0,64.0,35.0,7320.0,0.0,0.1997001390322279,0.0,0.17745640058556125,46
LIM354,Polokwane,Limpopo,Local,529797.0,383348.0,0.7235757059823509,False,165405.0,81685.0,0.4938496353090663,83720.0,0.4828849910556558,282572.96192466497,136450.24219156202,0.5166148990216544,318088.0,164329.0,0.4345579072736569,326617.0,141934.0,0.4815762169479652,0.4230326312955776,0.5347544089774372,population density,turnout last election,False,still falling,0.4103397644810053,0.0362930608610275,0.000498091901145,0.024779833159316,-0.0123978352095838,-0.0001852057446948,-0.0039629090835696,0.4815762169479652,predicted 2026,0.7870515055593977,0.5274541578299832,0.5450640106365076,Both low,Registration drive and voter mobilisation,0.6164946196373328,0.26790261175506846,0.2764242940176491,0.565442092726343,0.7320973882449315,0.5061503646909338,146449.0,184683.0,72.0,35.0,33630.0,17590.0,0.08408851257809458,0.09099744762457264,0.1750859602026672,47
EC139,Enoch Mgijima,Eastern Cape,Local,190259.0,128174.0,0.6736812894120534,False,53380.0,22905.0,0.4290941517467603,30475.0,0.5566819353608174,119188.30069895997,66349.9739054641,0.5331191999935274,123599.0,65893.0,0.4699461382199482,118637.0,55753.0,0.5176564919361495,0.4591129062837618,0.5708346839656214,metro,turnout last election,False,still falling,0.4696195443280407,0.0280765007537255,0.0004322165010852,0.0163297976925012,0.0036121744123261,-0.0001852057446948,-0.00254840368941,0.5176564919361495,predicted 2026,0.7870515055593977,0.5274541578299832,0.5450640106365076,Both low,Registration drive and voter mobilisation,0.6235552588839424,0.2930373858792488,0.3263187105879466,0.5300538617800519,0.7069626141207512,0.5709058482532396,62085.0,62884.0,67.0,35.0,21570.0,1260.0,0.15553655701066807,0.01875007768357499,0.17428663469424305,48
EC101,Dr. Beyers Naude,Eastern Cape,Local,64962.0,43220.0,0.6653118648346784,False,17874.0,8425.0,0.47134808658443517,9449.0,0.6234096673859705,38211.47023745396,23821.399951060084,0.6111722552400518,40887.0,24989.0,0.4709743692531255,39913.0,18798.0,0.5247634545694241,0.4662198689170364,0.577941646598896,metro,turnout last election,False,recovered after COVID,0.5536159455995283,0.0278377625669787,0.0005175917350635,0.0080801952811812,0.0180938713765118,-0.0001852057446948,-0.00254840368941,0.5247634545694241,predicted 2026,0.7870515055593977,0.5274541578299832,0.5450640106365076,Both low,Registration drive and voter mobilisation,0.6144053446630338,0.2893691696684215,0.3346881351653216,0.5290256307468745,0.7106308303315785,0.5286519134155648,21742.0,21115.0,67.0,35.0,7910.0,120.0,0.16803779131340013,0.005114358653256192,0.17315214996665632,49
KZN254,Dannhauser,KwaZulu-Natal,Local,86871.0,57151.0,0.6578823464048049,False,29670.0,13415.0,0.4521352553666167,16255.0,0.6142107853846037,46956.50040962595,28841.18899550882,0.5897824290828972,50834.0,29981.0,0.4783676703645008,50480.0,24148.0,0.5345436920938266,0.4760001064414389,0.5877218841232985,population density,turnout last election,False,recovered after COVID,0.5921811119179512,0.0261211607095648,0.000828448684814,0.014801407376567,-0.0066484981604553,-0.0001852057446948,0.019265435072862,0.5345436920938266,predicted 2026,0.7870515055593977,0.5274541578299832,0.5450640106365076,Low registration,Registration drive,0.581091503493686,0.27797538879487976,0.3421176535951951,0.5216323296354992,0.7220246112051203,0.5478647446333833,29720.0,26332.0,66.0,35.0,11220.0,0.0,0.1792675812316487,0.0,0.1659160672322573,50
MP313,Steve Tshwete,Mpumalanga,Local,167223.0,122202.0,0.730774729269344,False,49318.0,19292.0,0.3911779760881554,30026.0,0.5504691005506832,98051.09172405416,53974.096269352645,0.5291184520744695,110703.0,58575.0,0.4401423054590365,108499.0,47755.0,0.4827551064691076,0.42421152081672,0.5359332984985796,population density,turnout last election,False,still falling,0.4341768380465543,0.0349964562519156,0.0001963765112816,0.0281419423223853,-0.0051250763001521,-0.0001852057446948,-0.0174049658213324,0.4827551064691076,predicted 2026,0.7870515055593977,0.5274541578299832,0.5450640106365076,Both low,Registration drive and voter mobilisation,0.6488282114302458,0.28557674482577156,0.26922527073065605,0.5598576945409635,0.7144232551742284,0.6088220239118446,45021.0,60744.0,73.0,35.0,9410.0,5460.0,0.07418844735145115,0.08855245785851185,0.16274090520996298,51
FS184,Matjhabeng,Free State,Local,285192.0,206437.0,0.7238533189545717,False,82214.0,32548.0,0.39589491974195024,49666.0,0.5449759307746395,208745.6996535451,113761.38196389408,0.5482245462194976,207975.0,114017.0,0.4446685165248947,197853.0,87979.0,0.4878029307439792,0.4292593450915915,0.5409811227734511,population density,turnout last election,False,still falling,0.4849812310943441,0.0339455451358046,-0.0002228077709916,0.0229486333643713,-0.0065282081754277,-0.0001852057446948,-0.0088168163806452,0.4878029307439792,predicted 2026,0.7870515055593977,0.5274541578299832,0.5450640106365076,Both low,Registration drive and voter mobilisation,0.6937536817302028,0.30849042048865327,0.2761466810454283,0.5553314834751053,0.6915095795113467,0.6041050802580498,78755.0,109874.0,72.0,35.0,18020.0,8190.0,0.08370491798265389,0.07815046313707986,0.16185538111973374,52
NW372,Madibeng,North West,Local,322654.0,254448.0,0.7886106326045952,False,92328.0,45467.0,0.49245215935266967,46861.0,0.5282000884477422,200443.5019152587,105874.27544041484,0.5280153853705116,224109.0,118333.0,0.4081165508698228,222804.0,90930.0,0.4526988706374898,0.3941552849851022,0.5058770626669619,population density,turnout last election,False,still falling,0.4402703548776771,0.0424323051352165,-0.0001927819856281,0.026873582902498,-0.010750231316001,-0.0001852057446948,-0.0155886230143914,0.4526988706374898,predicted 2026,0.7870515055593977,0.5274541578299832,0.5450640106365076,Low turnout,Voter mobilisation,0.6905353722563489,0.28181891437887024,0.21138936739540481,0.5918834491301772,0.7181810856211297,0.5075478406473304,68206.0,131874.0,79.0,36.0,0.0,19020.0,0.0,0.1528347972733988,0.1508557847474355,53
NW371,Moretele,North West,Local,139846.0,106982.0,0.7650009692768546,False,41563.0,21054.0,0.5065612849415788,20509.0,0.5506775944712682,95582.58734048984,52635.18927000084,0.5266961757459903,97823.0,51523.0,0.4337947272285747,94713.0,41086.0,0.4685903648505378,0.4100467791981501,0.5217685568800098,population density,turnout last election,False,still falling,0.4577349757632558,0.0364702586057418,-6.898026905446619e-05,0.0239992502560363,-0.0118243360023423,-0.0001852057446948,-0.0155886230143914,0.4685903648505378,predicted 2026,0.7870515055593977,0.5274541578299832,0.5450640106365076,Both low,Registration drive and voter mobilisation,0.6772664216352273,0.29379460263432633,0.23499903072314543,0.5662052727714253,0.7062053973656737,0.4934387150584212,32864.0,53627.0,77.0,36.0,3080.0,6300.0,0.02841659085925109,0.11833299268900636,0.14674958354825746,54
NC094,Phokwane,Northern Cape,Local,53377.0,35029.0,0.6562571219939424,False,15879.0,6519.0,0.41053283382810096,9360.0,0.5943974418759577,29794.08451712269,17709.527620013803,0.5834943589104282,32086.0,18722.0,0.506433398130149,32409.0,16413.0,0.546330137821648,0.4877865521692603,0.5995083298511199,population density,turnout last election,False,still falling,0.5360695539745113,0.0196047643547538,0.0005850816296395,0.014544752125313,-0.0085293218559312,-0.0001852057446948,0.0118833953917507,0.546330137821648,predicted 2026,0.7870515055593977,0.5274541578299832,0.5450640106365076,Low registration,Registration drive,0.6071716282293872,0.3074919909324241,0.34374287800605763,0.493566601869851,0.6925080090675759,0.5894671661718991,18348.0,15996.0,66.0,36.0,6980.0,0.0,0.18174102530440958,0.0,0.1465795412465619,55
JHB,City of Johannesburg,Gauteng,Metro,3065793.0,2417371.0,0.7884979115042366,False,928446.0,385587.0,0.4153037342458665,542859.0,0.5464676007066241,2006998.911560011,1096759.8798210055,0.5685099684548783,2239966.0,1273443.0,0.4205398273525134,2220710.0,933897.0,0.4561286240543969,0.3975850384020092,0.5093068160838689,population density,turnout last election,True,recovered after COVID,0.4803339097362915,0.0395478264478083,-0.0005083036045563,0.021014233511846,-0.0352985100546419,0.0047458972078058,0.0040943794029535,0.4561286240543969,predicted 2026,0.7870515055593977,0.5274541578299832,0.5450640106365076,Low turnout,Voter mobilisation,0.7243509264976468,0.30461841357195346,0.21150208849576335,0.5794601726474866,0.6953815864280466,0.5846962657541335,648422.0,1286813.0,79.0,36.0,0.0,172420.0,0.0,0.14528711695131966,0.14345105095997715,56
LIM355,Lepele-Nkumpi,Limpopo,Local,170192.0,127446.0,0.7488370008423765,False,48319.0,25333.0,0.5242847775463713,22986.0,0.4703377341423504,97554.91773019746,45883.75895966448,0.4941467935019006,105754.0,52258.0,0.4322683882359432,108738.0,47004.0,0.4825416839705023,0.4239980983181146,0.5357198759999743,population density,turnout last election,False,still falling,0.4442011063749656,0.0368246491966733,0.000288901841628,0.0217058575356922,-0.0063912718018379,-0.0001852057446948,-0.0039629090835696,0.4825416839705023,predicted 2026,0.7870515055593977,0.5274541578299832,0.5450640106365076,Both low,Registration drive and voter mobilisation,0.6389136974710915,0.2761821942276958,0.2511629991576235,0.5677316117640567,0.7238178057723041,0.47571522245362874,42746.0,61734.0,75.0,36.0,6500.0,5720.0,0.049772354252846734,0.08899464828988299,0.13876700254272972,57
NW381,Ratlou,North West,Local,74604.0,55985.0,0.7504291758886048,False,24680.0,12784.0,0.5179903960974411,11896.0,0.555562689953341,46721.11971405773,25956.510945973983,0.5322871211817927,49958.0,26592.0,0.429991311166211,47187.0,20290.0,0.4850669762213397,0.4265233905689521,0.5382451682508117,metro,turnout last election,False,recovered after COVID,0.497569026295828,0.0373533487137757,0.0003487524637788,0.028230313688635,0.0029238051573573,-0.0001852057446948,-0.0155886230143914,0.4850669762213397,predicted 2026,0.7870515055593977,0.5274541578299832,0.5450640106365076,Both low,Registration drive and voter mobilisation,0.6324995978767894,0.27196933140314195,0.2495708241113952,0.570008688833789,0.728030668596858,0.48200960390255887,18619.0,26897.0,75.0,36.0,2730.0,2370.0,0.047648414328795304,0.08377498028115331,0.13142339460994862,58
NMA,Nelson Mandela Bay,Eastern Cape,Metro,835172.0,636445.0,0.7620524398475154,False,215017.0,120641.0,0.5610757436096061,94376.0,0.6438758845944476,568665.459567006,366149.975817014,0.6360656383521799,609217.0,387502.0,0.4560015087352341,583270.0,265972.0,0.4796554481021952,0.4211118624498076,0.5328336401316672,population density,turnout last election,True,recovered after COVID,0.5289485862190215,0.0313142123677676,-0.0002659974217887,0.0119791094123392,-0.0235641523004207,0.0047458972078058,-0.00254840368941,0.4796554481021952,predicted 2026,0.7870515055593977,0.5274541578299832,0.5450640106365076,Both low,Registration drive and voter mobilisation,0.6983830875556173,0.3184637416005326,0.23794756015248464,0.543998491264766,0.6815362583994674,0.4389242563903939,198727.0,317298.0,76.0,37.0,20880.0,30420.0,0.0322783196972773,0.09499392729149742,0.1272722469887747,59
FS194,Maluti a Phofung,Free State,Local,253121.0,189897.0,0.750223560750981,False,79405.0,34820.0,0.43851380997337747,44585.0,0.526416782776565,179884.34112269295,94694.13612569016,0.5255027092761094,185843.0,97661.0,0.4627947017609655,175983.0,81444.0,0.4922004322182325,0.4336568465658449,0.5453786242477046,population density,turnout last election,False,still falling,0.4381809339570248,0.0297369456515777,-0.0002367988533889,0.0142191186993915,-0.0073047867056411,-0.0001852057446948,-0.0088168163806452,0.4922004322182325,predicted 2026,0.7870515055593977,0.5274541578299832,0.5450640106365076,Both low,Registration drive and voter mobilisation,0.6952524681871516,0.321759158663248,0.24977643924901904,0.5372052982390345,0.678240841336752,0.5614861900266226,63224.0,94539.0,75.0,37.0,9320.0,6690.0,0.04792244859920353,0.0691759408941426,0.11709838949334614,60
GT481,Mogale City,Gauteng,Local,288170.0,202249.0,0.7018388709295876,False,86222.0,31577.0,0.3662288838159066,54645.0,0.599326503563729,175798.99272742175,105360.9956413511,0.6227542118241913,193028.0,120209.0,0.4856370808050242,188367.0,91478.0,0.5267662417865632,0.4682226561341755,0.5799444338160351,population density,neighbours' turnout,False,recovered after COVID,0.5290157011703744,0.0244333242104795,0.0001512530528338,0.0287267166766395,-0.0180845804073406,-0.0001852057446948,0.0040943794029535,0.5267662417865632,predicted 2026,0.7870515055593977,0.5274541578299832,0.5450640106365076,Both low,Registration drive and voter mobilisation,0.6536662386785578,0.317444563972655,0.29816112907041237,0.5143629191949758,0.6825554360273449,0.6337711161840933,85921.0,96889.0,70.0,37.0,24560.0,140.0,0.11458984262379053,0.0013050708206918122,0.11589491344448234,61
NW373,Rustenburg,North West,Local,358777.0,324493.0,0.9044422420745509,False,101185.0,57651.0,0.5697583858956826,43534.0,0.4501206508961165,240528.7194863452,108266.94377440312,0.4994566296232744,297219.0,148448.0,0.3600869785362774,288347.0,103830.0,0.4096649926158704,0.3511214069634828,0.4628431846453424,population density,turnout last election,True,still falling,0.382907316026737,0.0535839749828991,-0.0012486497584752,0.0234779343368455,-0.012454690513258,-0.0001852057446948,-0.0155886230143914,0.4096649926158704,predicted 2026,0.7870515055593977,0.5274541578299832,0.5450640106365076,Low turnout,Voter mobilisation,0.8036942167418759,0.28939982217366217,0.09555775792544907,0.6399130214637225,0.7106001778263378,0.4302416141043174,34284.0,184517.0,90.0,37.0,0.0,38220.0,0.0,0.2527222224694906,0.11369746757834892,62
NW375,Moses Kotane,North West,Local,169606.0,137780.0,0.8123519713799918,False,46324.0,25273.0,0.5455745005981715,21051.0,0.5078942291392486,120936.26921968612,61422.83323030913,0.5181086280190942,126321.0,65448.0,0.4077827552161105,122553.0,49975.0,0.4596855726981362,0.4011419870457485,0.5128637647276082,population density,turnout last election,False,still falling,0.4340854513931294,0.0425098069480776,-0.0004917171485495,0.0259161285169545,-0.0022508458660386,-0.0001852057446948,-0.0155886230143914,0.4596855726981362,predicted 2026,0.7870515055593977,0.5274541578299832,0.5450640106365076,Low turnout,Voter mobilisation,0.7225746730658114,0.2946534910321569,0.18764802862000818,0.5922172447838895,0.7053465089678431,0.4544254994018285,31826.0,72578.0,81.0,37.0,0.0,9340.0,0.0,0.13751923883403983,0.10587922201292375,63
FS191,Setsoto,Free State,Local,80240.0,60096.0,0.7489504360954776,False,21866.0,9498.0,0.43438109536687836,12368.0,0.5001127122023965,52509.33303777468,26260.5849614604,0.5367043164614838,59053.0,31694.0,0.447988082845759,55718.0,24961.0,0.4990605194285117,0.440516933776124,0.5522387114579836,registration rate,turnout last election,False,still falling,0.4947771343296968,0.0331747969103013,-0.0002287333194908,0.0219488456027421,0.0031862757238722,-0.0001852057446948,-0.0088168163806452,0.4990605194285117,predicted 2026,0.7870515055593977,0.5274541578299832,0.5450640106365076,Both low,Registration drive and voter mobilisation,0.6943918245264208,0.3110792622133599,0.2510495639045224,0.552011917154241,0.6889207377866401,0.5656189046331217,20144.0,30757.0,75.0,37.0,3060.0,1710.0,0.04962088382317088,0.0553345871687045,0.10495547099187538,64
WC053,Beaufort West,Western Cape,Local,47715.0,29410.0,0.6163659117755961,False,14025.0,7163.0,0.5107139134498255,6862.0,0.6664286914160928,23811.999890745028,15868.999927189354,0.609520882160833,26027.0,15864.0,0.5738150159982142,26878.0,15423.0,0.6080148575351149,0.5494712718827273,0.6611930495645868,neighbours' turnout,population density,False,still falling,0.5136248014169319,0.0039598705995254,0.0009944404378584,-0.0040575235741243,0.0184164779058854,-0.0001852057446948,0.0130785081217825,0.6080148575351149,predicted 2026,0.7870515055593977,0.5274541578299832,0.5450640106365076,Low registration,Registration drive,0.563302944566698,0.323231688148381,0.3836340882244039,0.42618498400178584,0.676768311851619,0.48928608655017447,18305.0,11455.0,62.0,37.0,8140.0,0.0,0.24445289191297478,0.0,0.10231553049608308,65
LIM472,Elias Motsoaledi,Limpopo,Local,175591.0,141812.0,0.8076267278752787,False,55753.0,30679.0,0.5502682677361356,25074.0,0.5157067353299906,110684.9707865114,57080.98493440716,0.514859411235547,121169.0,62385.0,0.4048826807266548,120057.0,48609.0,0.465044151153931,0.4065005655015434,0.518222343183403,population density,turnout last election,False,recovered after COVID,0.4740126251008201,0.0431831561300254,-0.0001292802519816,0.025328138763025,-0.0060657031761961,-0.0001852057446948,-0.0039629090835696,0.465044151153931,predicted 2026,0.7870515055593977,0.5274541578299832,0.5450640106365076,Low turnout,Voter mobilisation,0.6837309429298768,0.276830817069212,0.19237327212472133,0.5951173192733452,0.723169182930788,0.4497317322638644,33779.0,71448.0,81.0,38.0,0.0,8850.0,0.0,0.12592960718794619,0.10012331757301537,66
NC078,Siyancuma,Northern Cape,Local,31982.0,20511.0,0.6413260260478032,False,9572.0,4326.0,0.4519331408147398,5246.0,0.5897533206831119,16896.530959728563,9964.785241524927,0.635174197474517,19719.0,12525.0,0.5347293681827536,19436.0,10393.0,0.5861465800107494,0.5276029943583618,0.6393247720402213,metro,population density,False,still falling,0.5615262250023538,0.0130349095608111,0.0005800308827192,0.0053440840622517,0.0187667238844897,-0.0001852057446948,0.0118833953917507,0.5861465800107494,predicted 2026,0.7870515055593977,0.5274541578299832,0.5450640106365076,Low registration,Registration drive,0.6077168407229067,0.324964042273779,0.3586739739521968,0.46527063181724637,0.675035957726221,0.5480668591852602,11471.0,9043.0,64.0,38.0,4660.0,0.0,0.2047557431172779,0.0,0.09924780526816757,67
WC022,Witzenberg,Western Cape,Local,69771.0,53212.0,0.7626633788861535,False,21008.0,8172.0,0.38899321123819613,12836.0,0.5117750189537529,42207.999675548825,21600.999833954,0.5161345253299277,46980.0,24248.0,0.4312285022718586,47098.0,20310.0,0.4961833283128312,0.4376397426604436,0.5493615203423032,metro,turnout last election,False,still falling,0.4711364383025885,0.0370660934650123,-4.813236280938352e-05,0.0033190175723867,0.0097312711986271,-0.0001852057446948,0.0130785081217825,0.4961833283128312,predicted 2026,0.7870515055593977,0.5274541578299832,0.5450640106365076,Both low,Registration drive and voter mobilisation,0.6750369064511044,0.2910951541471385,0.23733662111384646,0.5687714977281414,0.7089048458528615,0.6110067887618038,16559.0,26788.0,76.0,38.0,1700.0,1660.0,0.03147693879228795,0.06111648501748353,0.09259342380977148,68
FS201,Moqhaka,Free State,Local,103180.0,81751.0,0.792314271986145,False,27164.0,14087.0,0.5185938503546628,13077.0,0.543134396020437,81604.4206217956,44322.16770701664,0.5236280205750656,81069.0,42450.0,0.4203304616512608,76378.0,32104.0,0.4789473028033645,0.4204037171509768,0.5321254948328364,registration rate,turnout last election,False,recovered after COVID,0.4957040507783113,0.0395964376900984,-0.0006565643366312,0.0224950458754721,0.0041906702578363,-0.0001852057446948,-0.0088168163806452,0.4789473028033645,predicted 2026,0.7870515055593977,0.5274541578299832,0.5450640106365076,Low turnout,Voter mobilisation,0.7402403566582672,0.3111455708470634,0.207685728013855,0.5796695383487391,0.6888544291529366,0.48140614964533723,21429.0,44274.0,79.0,38.0,0.0,3970.0,0.0,0.09647138065156213,0.08980695119487327,69
NW384,Ditsobotla,North West,Local,103847.0,80414.0,0.774351051406057,False,31932.0,16898.0,0.5291950136711919,15034.0,0.5673239882284096,70322.526245757,39895.65605203987,0.5108413075944466,72316.0,36942.0,0.4454703908039354,69421.0,30925.0,0.4918252993935422,0.4332817137411545,0.5450034914230142,metro,turnout last election,False,still falling,0.4548037532619832,0.0337593632319328,1.289973591675763e-05,0.0239355064376221,0.0024276941525534,-0.0001852057446948,-0.0155886230143914,0.4918252993935422,predicted 2026,0.7870515055593977,0.5274541578299832,0.5450640106365076,Both low,Registration drive and voter mobilisation,0.6684930715379356,0.2977938698277273,0.22564894859394302,0.5545296091960645,0.7022061301722726,0.4708049863288081,23433.0,38496.0,77.0,38.0,1320.0,2870.0,0.01626836616052089,0.06993838608396234,0.08620675224448324,70
KZN282,uMhlathuze,KwaZulu-Natal,Local,280163.0,218132.0,0.7785893356324807,False,86766.0,46319.0,0.5338406019878712,40447.0,0.5881317281891931,167511.05572679098,98518.56669539382,0.5981153106720661,195576.0,116977.0,0.4404715005494619,192916.0,84974.0,0.4897211433096544,0.4311775576572667,0.5428993353391264,population density,turnout last election,True,recovered after COVID,0.5442615762438403,0.0349200226135228,-0.00017457018244,0.0119870436542351,-0.0185563564439606,-0.0001852057446948,0.019265435072862,0.4897211433096544,predicted 2026,0.7870515055593977,0.5274541578299832,0.5450640106365076,Both low,Registration drive and voter mobilisation,0.6885848595282033,0.30330200633202814,0.22141066436751933,0.5595284994505381,0.6966979936679718,0.4661593980121288,62031.0,107942.0,78.0,38.0,2370.0,8230.0,0.010809953481140099,0.07422582316402308,0.08503577664516318,71
FS185,Nala,Free State,Local,57868.0,42902.0,0.7413821824889085,False,16653.0,7989.0,0.4797238856724386,8664.0,0.5273946408994723,39222.999573538094,20685.99977508628,0.5617627420431783,40437.0,22716.0,0.4676132023285831,37963.0,17752.0,0.5166278287264842,0.4580842430740965,0.5698060207559561,metro,turnout last election,False,still falling,0.5111240681534447,0.0286181697624696,0.0001291740364675,0.023670020562687,0.0036060103709489,-0.0001852057446948,-0.0088168163806452,0.5166278287264842,predicted 2026,0.7870515055593977,0.5274541578299832,0.5450640106365076,Both low,Registration drive and voter mobilisation,0.656027510886846,0.30676712518144744,0.2586178175110915,0.532386797671417,0.6932328748185526,0.5202761143275614,14966.0,20211.0,74.0,38.0,2640.0,460.0,0.0597774335369695,0.020739208773133268,0.08051664231010278,72
FS193,Nketoana,Free State,Local,44447.0,32868.0,0.7394930298420325,False,12572.0,6225.0,0.49515438978558773,6347.0,0.5422044309476154,28944.11853428291,15693.629319161191,0.5374521417585654,30559.0,16424.0,0.4670454149384824,28691.0,13400.0,0.5187735865899777,0.4602300009375901,0.5719517786194497,metro,turnout last election,False,still falling,0.494221523986557,0.0287500005744141,0.0002273066472124,0.021624522340544,0.0081350904239966,-0.0001852057446948,-0.0088168163806452,0.5187735865899777,predicted 2026,0.7870515055593977,0.5274541578299832,0.5450640106365076,Both low,Registration drive and voter mobilisation,0.6455103831529687,0.30148266474677704,0.26050697015796753,0.5329545850615176,0.698517335253223,0.5048456102144123,11579.0,15291.0,74.0,38.0,2110.0,290.0,0.06232883510808845,0.016594418349566993,0.07892325345765544,73
NW374,Kgetlengrivier,North West,Local,34848.0,25066.0,0.7192891318173421,False,11362.0,5479.0,0.48221229632927654,5883.0,0.5790570064017885,19425.513182629173,11248.479511351728,0.6008542736402054,22007.0,13223.0,0.4903881195335277,21952.0,10765.0,0.5334291928909529,0.4748856072385652,0.5866073849204249,metro,neighbours' turnout,False,still falling,0.4764750556866137,0.0233302118411691,0.0003727274964776,0.0258891980759471,0.0072294909122497,-0.0001852057446948,-0.0155886230143914,0.5334291928909529,predicted 2026,0.7870515055593977,0.5274541578299832,0.5450640106365076,Low registration,Registration drive,0.6299357208448118,0.30891299357208446,0.2807108681826579,0.5096118804664723,0.6910870064279155,0.5177877036707235,9782.0,11187.0,72.0,38.0,2360.0,0.0,0.0900302843422083,0.0,0.07876590124869837,74
LIM473,Makhuduthamaga,Limpopo,Local,197394.0,156100.0,0.7908039953893624,False,55331.0,34041.0,0.6152234450689341,21290.0,0.4804021379485874,117869.96457504772,56624.98298177719,0.5016094042463211,127687.0,64049.0,0.4357871480280167,127638.0,55623.0,0.4854369953615175,0.4268934097091298,0.5386151873909895,population density,turnout last election,False,still falling,0.458784849558651,0.0360076515519306,0.0002170424466461,0.0270734788531029,-0.0114934844805825,-0.0001852057446948,-0.0039629090835696,0.4854369953615175,predicted 2026,0.7870515055593977,0.5274541578299832,0.5450640106365076,Low turnout,Voter mobilisation,0.6466153986443357,0.2817866804462142,0.2091960046106376,0.5642128519719833,0.7182133195537859,0.3847765549310659,41294.0,72015.0,79.0,38.0,0.0,6560.0,0.0,0.08301245036073816,0.07825599845199487,75
KZN291,Mandeni,KwaZulu-Natal,Local,112449.0,84879.0,0.7548234210146623,False,37707.0,20420.0,0.5415377915361073,17287.0,0.5935858004323024,63703.80158341305,37813.67205347081,0.6170882179937895,73103.0,45111.0,0.4652180898064101,74694.0,34749.0,0.5091985943060353,0.4506550086536476,0.5623767863355073,population density,turnout last election,True,recovered after COVID,0.553407259168894,0.0291742751533283,5.2504543629815145e-05,0.0113213245044037,-0.0176411028205718,-0.0001852057446948,0.019265435072862,0.5091985943060353,predicted 2026,0.7870515055593977,0.5274541578299832,0.5450640106365076,Both low,Registration drive and voter mobilisation,0.6642477923325241,0.30902008910706186,0.24517657898533773,0.5347819101935899,0.6909799108929382,0.45846220846389274,27570.0,39945.0,75.0,38.0,3620.0,1550.0,0.04180984926936995,0.03522385089966635,0.0770337001690363,76
NW404,Maquassi Hills,North West,Local,56257.0,42229.0,0.7506422611502628,False,17690.0,9429.0,0.5329996517189527,8261.0,0.5702328759323578,35125.99968953526,20029.9998229628,0.5708872581721147,37475.0,21394.0,0.474673515108464,36602.0,17374.0,0.5134635321347575,0.4549199464823698,0.5666417241642294,metro,turnout last election,False,recovered after COVID,0.55029411701279,0.0269788822710918,0.0001796797445572,0.0206008299078129,0.0048111800712497,-0.0001852057446948,-0.0155886230143914,0.5134635321347575,predicted 2026,0.7870515055593977,0.5274541578299832,0.5450640106365076,Both low,Registration drive and voter mobilisation,0.6506212560214729,0.30883267859999647,0.24935773884973722,0.525326484891536,0.6911673214000036,0.4670003482810473,14028.0,19228.0,75.0,39.0,2050.0,590.0,0.047364503439771076,0.026882948377448437,0.0742474518172195,77
FS181,Masilonyana,Free State,Local,42250.0,32578.0,0.7710747259455603,False,12098.0,6301.0,0.520839537595682,5797.0,0.5449128089323799,30721.350645841198,16740.457474621908,0.5836998041922127,31153.0,18184.0,0.4471572361262241,29408.0,13150.0,0.5019695414716814,0.4434259558192937,0.5551477335011533,registration rate,turnout last election,False,recovered after COVID,0.52802303163922,0.0333677057341804,-0.0002441856587024,0.0189208768216434,0.0097766567830079,-0.0001852057446948,-0.0088168163806452,0.5019695414716814,predicted 2026,0.7870515055593977,0.5274541578299832,0.5450640106365076,Both low,Registration drive and voter mobilisation,0.6960473372781065,0.31124260355029587,0.22892527405443974,0.5528427638737758,0.6887573964497041,0.479160462404318,9672.0,16258.0,77.0,39.0,670.0,830.0,0.020508402035379,0.04952251349432413,0.07003091552970313,78
LIM334,Ba-Phalaborwa,Limpopo,Local,114035.0,90965.0,0.7976918703681807,False,37404.0,24492.0,0.6547960695481725,12912.0,0.530995331587423,61476.99169037468,32643.995587627745,0.5123835491933652,70416.0,36080.0,0.4309487502486243,75415.0,32500.0,0.4853184935246055,0.4267749078722178,0.5384966855540775,metro,turnout last election,False,still falling,0.4269108420098436,0.0371310472435025,7.973533473472497e-05,0.0163665160610814,0.0029472856742589,-0.0001852057446948,-0.0039629090835696,0.4853184935246055,predicted 2026,0.7870515055593977,0.5274541578299832,0.5450640106365076,Low turnout,Voter mobilisation,0.6613320471784978,0.2850002192309379,0.20230812963181932,0.5690512497513758,0.7149997807690621,0.3452039304518275,23070.0,42915.0,80.0,39.0,0.0,3830.0,0.0,0.08325659389401169,0.06982789008228844,79
EC157,King Sabata Dalindyebo,Eastern Cape,Local,287643.0,249284.0,0.8666438514170565,False,97567.0,55265.0,0.5664319880272064,42302.0,0.4757501027538019,194100.50775300412,92343.33650805683,0.4517325210712022,211426.0,95508.0,0.3935361124693193,206563.0,81290.0,0.4479093535009624,0.3893657678485747,0.5010875455304343,population density,turnout last election,False,still falling,0.3638136150175464,0.0458176410309377,-0.0004501895457896,0.0213838539576696,-0.0116377287677378,-0.0001852057446948,-0.00254840368941,0.4479093535009624,predicted 2026,0.7870515055593977,0.5274541578299832,0.5450640106365076,Low turnout,Voter mobilisation,0.7181228119578783,0.2826072596934394,0.13335614858294353,0.6064638875306807,0.7173927403065605,0.4335680119727936,38359.0,125273.0,87.0,39.0,0.0,19830.0,0.0,0.16347108097913302,0.06713666298574976,80
LIM368,Modimolle-Mookgophong,Limpopo,Local,84043.0,60019.0,0.7141450172352017,False,24970.0,13002.0,0.5207103681781021,11968.0,0.5836221054261153,45278.39454433317,26425.47195427805,0.5755130228887135,50680.0,29167.0,0.4962831158560696,50580.0,25102.0,0.5495703241099018,0.4910267384575141,0.6027485161393737,metro,neighbours' turnout,False,still falling,0.4956737968106064,0.021961491497674,0.0006348955617547,0.0247575090401984,0.0080881531918013,-0.0001852057446948,-0.0039629090835696,0.5495703241099018,predicted 2026,0.7870515055593977,0.5274541578299832,0.5450640106365076,Low registration,Registration drive,0.6018347750556263,0.29868043739514294,0.28585498276479826,0.5037168841439303,0.7013195626048571,0.4792896318218979,24024.0,25478.0,71.0,39.0,6130.0,0.0,0.09720764462564047,0.0,0.05613285759461709,81
NC452,Ga-Segonyana,Northern Cape,Local,88719.0,69843.0,0.7872348185936903,False,27769.0,15926.0,0.5735217091645127,11843.0,0.5931160088528218,43360.94253903678,25718.06917885004,0.5742990559744486,49469.0,28410.0,0.433684293234855,50908.0,22078.0,0.4987956405228945,0.4402520548705068,0.5519738325523664,metro,turnout last election,False,recovered after COVID,0.5108890045064466,0.0364958995468972,0.000896390273497,0.0131406431878345,0.0008869508420867,-0.0001852057446948,0.0118833953917507,0.4987956405228945,predicted 2026,0.7870515055593977,0.5274541578299832,0.5450640106365076,Low turnout,Voter mobilisation,0.5738116976070515,0.24885312052660646,0.21276518140630973,0.566315706765145,0.7511468794733935,0.4264782908354873,18876.0,28830.0,79.0,39.0,0.0,2000.0,0.0,0.055865483148444625,0.055632599165005875,82
KZN263,AbaQulusi,KwaZulu-Natal,Local,151062.0,112562.0,0.7451354461409008,False,50823.0,25606.0,0.5038259458100015,25217.0,0.6058969419436532,89702.55024925321,54350.50088056941,0.5613551148844005,97881.0,54946.0,0.4741157373421975,96719.0,45856.0,0.527205749731794,0.4686621640794063,0.580383941761266,population density,turnout last election,False,recovered after COVID,0.5397819029827676,0.0271083890144495,0.0002763585594071,0.0079071937077859,-0.0032754320108812,-0.0001852057446948,0.019265435072862,0.527205749731794,predicted 2026,0.7870515055593977,0.5274541578299832,0.5450640106365076,Both low,Registration drive and voter mobilisation,0.6402602904767579,0.3035574797103176,0.25486455385909923,0.5258842626578025,0.6964425202896825,0.4961740541899985,38500.0,50863.0,75.0,39.0,6330.0,30.0,0.05472768295832648,0.00047106768921750705,0.05519875064754399,83
LIM345,Collins Chabane,Limpopo,Local,250163.0,190769.0,0.7625778679393127,False,77917.0,45368.0,0.5822578242398768,32549.0,0.4773054425826371,240344.93559316688,114717.94585579191,0.4524137582323124,158218.0,71580.0,0.4742062018957111,161628.0,76645.0,0.5152279910627322,0.4566844054103445,0.5684061830922041,population density,turnout last election,False,still falling,0.4366458574429577,0.0270873846460014,0.0002219438703682,0.0205969525177278,-0.0047296508294799,-0.0001852057446948,-0.0039629090835696,0.5152279910627322,predicted 2026,0.7870515055593977,0.5274541578299832,0.5450640106365076,Both low,Registration drive and voter mobilisation,0.6460907488317617,0.3063802400834656,0.2374221320606873,0.5257937981042888,0.6936197599165344,0.4177421757601232,59394.0,84983.0,76.0,39.0,6120.0,2330.0,0.031589066558447364,0.02345245319288697,0.05504151975133433,84
MP321,Thaba Chweu,Mpumalanga,Local,69916.0,57587.0,0.8236636135686365,False,20423.0,11315.0,0.5540290228776218,9108.0,0.5344117131334386,45555.11314396252,24345.186057252635,0.5374886030766843,51549.0,27707.0,0.4309346729723896,50959.0,21960.0,0.478884827173539,0.4203412415211513,0.5320630192030109,registration rate,turnout last election,False,still falling,0.4301840920242369,0.0371343157534912,-0.000550410885621,0.0222817707040408,0.0046813764045975,-0.0001852057446948,-0.0174049658213324,0.478884827173539,predicted 2026,0.7870515055593977,0.5274541578299832,0.5450640106365076,Low turnout,Voter mobilisation,0.7288603467017564,0.3140911951484639,0.1763363864313635,0.5690653270276105,0.685908804851536,0.4459709771223782,12329.0,28999.0,82.0,39.0,0.0,2800.0,0.0,0.09660183280065765,0.05113331391611582,85
FS195,Phumelela,Free State,Local,33847.0,25991.0,0.7678987575504487,False,10210.0,4508.0,0.4415174310247257,5702.0,0.5922128646405468,24578.777302378923,14555.868115603873,0.5903530504800247,25832.0,15250.0,0.4583783783783783,24050.0,11024.0,0.5146780441071116,0.4561344584547239,0.5678562361365835,registration rate,turnout last election,False,recovered after COVID,0.5168132697736433,0.0307623426707557,-0.0003795488425861,0.0195996499288902,0.0133259703063455,-0.0001852057446948,-0.0088168163806452,0.5146780441071116,predicted 2026,0.7870515055593977,0.5274541578299832,0.5450640106365076,Both low,Registration drive and voter mobilisation,0.7105504180577303,0.3257009483853813,0.23210124244955133,0.5416216216216216,0.6742990516146188,0.5584825689752744,7856.0,13026.0,77.0,40.0,650.0,330.0,0.02463579336189158,0.024520408888086164,0.04915620224997774,86
KZN238,Alfred Duma,KwaZulu-Natal,Local,262820.0,181256.0,0.6896594149238703,False,83990.0,41817.0,0.49787832067593996,42173.0,0.6313392426331498,134032.80137677473,84620.16730921235,0.6144916249383963,164357.0,100996.0,0.535110830735738,161688.0,86521.0,0.5731123066128287,0.5145687209604412,0.6262904986423007,population density,turnout last election,False,recovered after COVID,0.586255801074676,0.0129463402847702,0.0005101260283343,0.0126362180998828,-0.0091647116547318,-0.0001852057446948,0.019265435072862,0.5731123066128287,predicted 2026,0.7870515055593977,0.5274541578299832,0.5450640106365076,Low registration,Registration drive,0.6152043223498973,0.3292024960048702,0.3103405850761297,0.46488916926426205,0.6707975039951297,0.50212167932406,81564.0,75167.0,69.0,40.0,25600.0,0.0,0.13209581754320768,0.0,0.04907607944046602,87
NC091,Sol Plaatje,Northern Cape,Local,188916.0,142052.0,0.7519314061200795,False,57463.0,27233.0,0.473919368643289,30230.0,0.6172825003786175,121703.8972632516,75125.68600848233,0.6010221151337497,130318.0,78324.0,0.4896129012133878,128236.0,62786.0,0.5274541578299832,0.4689105721775955,0.5806323498594551,population density,turnout last election,False,recovered after COVID,0.5302136482935276,0.0235102046736274,-8.325615825789887e-05,0.007951148879119,-0.007228304215617,-0.0001852057446948,0.0118833953917507,0.5274541578299832,predicted 2026,0.7870515055593977,0.5274541578299832,0.5450640106365076,Low registration,Registration drive,0.6787990429608927,0.33234876876495373,0.24806859387992053,0.5103870987866121,0.6676512312350462,0.526080631356711,46864.0,65450.0,75.0,40.0,6630.0,0.0,0.04564858718992965,-0.0,0.04564858718992965,88
FS205,Mafube,Free State,Local,40873.0,32169.0,0.7870515055593977,False,11617.0,5612.0,0.48307292029244436,6005.0,0.5921939023543302,28788.164416557047,17048.175427458988,0.5303412991386568,30882.0,16378.0,0.4523212470349034,29510.0,13348.0,0.504092726050166,0.4455491403977783,0.5572709180796379,registration rate,turnout last election,False,still falling,0.4757976249369433,0.0321687080761646,-0.0004863291054377,0.021025302283845,0.0060725460953627,-0.0001852057446948,-0.0088168163806452,0.504092726050166,predicted 2026,0.7870515055593977,0.5274541578299832,0.5450640106365076,Low turnout,Voter mobilisation,0.7219925133951508,0.32657255400875884,0.21294849444060227,0.5476787529650966,0.6734274459912412,0.5169270797075556,8704.0,16162.0,79.0,40.0,0.0,750.0,-0.0,0.04530172557874717,0.04530172557874717,89
WC026,Langeberg,Western Cape,Local,63735.0,48541.0,0.7616016862757858,False,17274.0,7348.0,0.42538196971610237,9926.0,0.6175310254735467,38265.371219434346,23630.05392926323,0.5907599907599907,43290.0,25574.0,0.4707447418518773,43599.0,20524.0,0.5225254726948532,0.4639818870424655,0.5757036647243251,metro,turnout last election,False,recovered after COVID,0.5351187373619944,0.0278910782398504,-0.000132373535062,0.0055819037855423,0.0035535461848893,-0.0001852057446948,0.0130785081217825,0.5225254726948532,predicted 2026,0.7870515055593977,0.5274541578299832,0.5450640106365076,Both low,Registration drive and voter mobilisation,0.6840668392562956,0.32202086765513455,0.23839831372421416,0.5292552581481227,0.6779791323448654,0.5746180302838977,15194.0,23075.0,76.0,40.0,1620.0,240.0,0.03286999411622991,0.009388222766345515,0.042258216882575424,90
WC013,Bergrivier,Western Cape,Local,48882.0,32935.0,0.6737715526349369,False,12750.0,5198.0,0.40767493814294786,7552.0,0.65092835910912,23212.99980043179,15109.999870095393,0.6245534017483847,26310.0,16432.0,0.5457681275189717,27541.0,15031.0,0.5929936125106612,0.5344500268582736,0.6461718045401331,metro,neighbours' turnout,False,still falling,0.5477208170306667,0.0104718927845915,0.0009933005954178,0.015406791463402,0.0054669239805222,-0.0001852057446948,0.0130785081217825,0.5929936125106612,predicted 2026,0.7870515055593977,0.5274541578299832,0.5450640106365076,Low registration,Registration drive,0.5634180270856348,0.3074956016529602,0.32622844736506307,0.45423187248102825,0.6925043983470398,0.5923250618570521,15947.0,12510.0,67.0,40.0,5540.0,0.0,0.1554025809334327,0.0,0.03828091046267437,91
WC014,Saldanha Bay,Western Cape,Local,104840.0,76068.0,0.7255640283998859,False,29446.0,13621.0,0.46258139615833715,15825.0,0.6334343798359232,47172.99935404928,29880.99959083261,0.6368488734652175,56767.0,36152.0,0.5102781530248531,61441.0,31352.0,0.5506881521203606,0.4921445664679729,0.6038663441498325,population density,turnout last election,False,still falling,0.5259237180389085,0.018712076055694,0.0007822049900632,0.0128536139067975,-0.0068244720248031,-0.0001852057446948,0.0130785081217825,0.5506881521203606,predicted 2026,0.7870515055593977,0.5274541578299832,0.5450640106365076,Low registration,Registration drive,0.5860454025181229,0.29904616558565433,0.2744359716001141,0.48972184697514687,0.7009538344143457,0.5374186038416628,28772.0,30089.0,73.0,40.0,6450.0,0.0,0.0813443691140989,0.0,0.03823764428079949,92
EC141,Elundini,Eastern Cape,Local,87761.0,66796.0,0.7611157112484904,False,24720.0,12154.0,0.4916621463498819,12566.0,0.564682111607678,57874.74417512276,32680.83274956248,0.5438623949415429,63893.0,34749.0,0.4792682527735052,61114.0,29290.0,0.5261126904396143,0.4675691047872266,0.5792908824690862,registration rate,turnout last election,False,still falling,0.4591033965854373,0.0259120604155604,-0.0002472281822951,0.0200735934745001,0.0018463476017805,-0.0001852057446948,-0.00254840368941,0.5261126904396143,predicted 2026,0.7870515055593977,0.5274541578299832,0.5450640106365076,Both low,Registration drive and voter mobilisation,0.6963685463930448,0.3337473365162202,0.23888428875150958,0.5207317472264947,0.6662526634837798,0.5083378536501181,20965.0,31824.0,76.0,40.0,2280.0,90.0,0.033508293835646706,0.0025465268150775757,0.03605482065072428,93
MAN,Mangaung,Free State,Metro,528950.0,447303.0,0.845643271750426,False,158419.0,81972.0,0.5174385756932439,76447.0,0.5461613300210836,386908.6355885082,211314.5350096624,0.5750533264661545,425211.0,244519.0,0.4331389899825943,410785.0,177927.0,0.473769264952095,0.4152256792997074,0.526947456981567,population density,turnout last election,True,recovered after COVID,0.5222594738028771,0.0366225099150647,-0.0009958772152154,0.014071756166582,-0.0069904685147593,0.0047458972078058,-0.0088168163806452,0.473769264952095,predicted 2026,0.7870515055593977,0.5274541578299832,0.5450640106365076,Low turnout,Voter mobilisation,0.776604594006995,0.3363777294640325,0.15435672824957403,0.5668610100174056,0.6636222705359676,0.4825614243067561,81647.0,232858.0,85.0,40.0,0.0,24010.0,0.0,0.10734153660971123,0.035537622240160646,94
NW396,Lekwa-Teemane,North West,Local,37434.0,29267.0,0.7818354850016661,False,11658.0,6857.0,0.5881714490919199,4801.0,0.5883389830508474,21960.619119581625,12920.28831998165,0.583491501117719,23709.0,13834.0,0.4815550390872596,23665.0,11396.0,0.5132727548532187,0.454729169200831,0.5664509468826906,metro,turnout last election,False,still falling,0.482193008171517,0.02538110657308,0.0003516967724626,0.0136674928006204,0.0060979745882142,-0.0001852057446948,-0.0155886230143914,0.5132727548532187,predicted 2026,0.7870515055593977,0.5274541578299832,0.5450640106365076,Both low,Registration drive and voter mobilisation,0.6321793022386066,0.30442912859966875,0.2181645149983339,0.5184449609127404,0.6955708714003312,0.4118285509080801,8167.0,12269.0,78.0,40.0,200.0,420.0,0.006649350536357138,0.027254567236452747,0.033903917772809884,95
FS183,Tswelopele,Free State,Local,35854.0,28094.0,0.7835713563639246,False,11217.0,5672.0,0.5056819244110297,5545.0,0.5950324420382692,24196.999750923227,14397.99985179124,0.6016467807723097,26233.0,15783.0,0.4607441212871287,25856.0,11913.0,0.5125181085646713,0.4539745229122836,0.5656963005941432,registration rate,turnout last election,False,recovered after COVID,0.5304871478549429,0.0302130564168688,-0.0004784458997576,0.0179845723443222,0.0110635527507811,-0.0001852057446948,-0.0088168163806452,0.5125181085646713,predicted 2026,0.7870515055593977,0.5274541578299832,0.5450640106365076,Both low,Registration drive and voter mobilisation,0.7211468734311374,0.3322641825179896,0.2164286436360754,0.5392558787128713,0.6677358174820104,0.49431807558897034,7760.0,13943.0,78.0,40.0,120.0,420.0,0.00443156021132188,0.02872591281302521,0.03315747302434709,96
EC122,Mnquma,Eastern Cape,Local,145121.0,124256.0,0.8562225161923493,False,37690.0,23043.0,0.611388700736096,14647.0,0.5458015267175572,112670.11591857376,61495.5212838017,0.5109473433971236,126195.0,64479.0,0.4222247912864681,121099.0,51131.0,0.469283234052259,0.4107396483998713,0.522461426081731,population density,turnout last election,False,still falling,0.4418605819631405,0.0391566057772134,-0.0015357982002072,0.0164468929012224,-0.0062689220690008,-0.0001852057446948,-0.00254840368941,0.469283234052259,predicted 2026,0.7870515055593977,0.5274541578299832,0.5450640106365076,Low turnout,Voter mobilisation,0.8344691671088265,0.35233356991751713,0.14377748380765065,0.5777752087135319,0.6476664300824828,0.38861129926390403,20865.0,69968.0,86.0,40.0,0.0,7230.0,0.0,0.11685546026122036,0.03261886079103371,97
EC153,Ngquza Hill,Eastern Cape,Local,191794.0,157026.0,0.8187220237672401,False,75577.0,38556.0,0.5101541426035902,37021.0,0.5383213925203733,121850.9979890372,65594.9989174557,0.5159436817404273,136794.0,70578.0,0.4535217930431417,139517.0,63274.0,0.4933949712354737,0.434851385583086,0.5465731632649456,population density,turnout last election,False,still falling,0.4413676198500609,0.0318899612110488,-0.0005370460408534,0.019249001697995,-0.0099884030324215,-0.0001852057446948,-0.00254840368941,0.4933949712354737,predicted 2026,0.7870515055593977,0.5274541578299832,0.5450640106365076,Low turnout,Voter mobilisation,0.7274315150630364,0.3299060450274774,0.18127797623275987,0.5464782069568583,0.6700939549725227,0.48984585739640985,34768.0,76243.0,82.0,40.0,0.0,5350.0,0.0,0.06675194500707396,0.027301019799545675,98
EC142,Senqu,Eastern Cape,Local,86835.0,68460.0,0.7883908005405852,False,24757.0,13400.0,0.5412621642888964,11357.0,0.5960476327299429,62645.99963178927,37339.99978052887,0.5798067259373793,64675.0,37499.0,0.4635884825626796,60187.0,27902.0,0.5127248126402731,0.4541812269878855,0.5659030046697451,registration rate,turnout last election,False,recovered after COVID,0.5241737757307912,0.0295526429188639,-0.0002168733348512,0.0155982577037659,0.0049426384332517,-0.0001852057446948,-0.00254840368941,0.5127248126402731,predicted 2026,0.7870515055593977,0.5274541578299832,0.5450640106365076,Low turnout,Voter mobilisation,0.6931191339897507,0.32132204756146715,0.2116091994594148,0.5364115174373204,0.6786779524385329,0.4587378357111036,18375.0,32285.0,79.0,40.0,0.0,1010.0,0.0,0.02832268334588656,0.02662246836672761,99
NW385,Ramotshere Moiloa,North West,Local,99783.0,77625.0,0.7779375407691376,False,28156.0,16316.0,0.5794945357474738,11840.0,0.5340525460046821,66643.27196546287,35591.0090672379,0.5292611611364066,68743.0,36383.0,0.4792972917671475,68421.0,32794.0,0.5216282086959353,0.4630846230435476,0.5748064007254072,metro,neighbours' turnout,False,still falling,0.466827426168229,0.0259053180430163,-0.0001476302376374,0.0265237088194053,0.0038300752724217,-0.0001852057446948,-0.0155886230143914,0.5216282086959353,predicted 2026,0.7870515055593977,0.5274541578299832,0.5450640106365076,Both low,Registration drive and voter mobilisation,0.6856979645831455,0.32865317739494704,0.22206245923086243,0.5207027082328525,0.671346822605053,0.4205054642525262,22158.0,35627.0,78.0,41.0,910.0,450.0,0.011647452545656774,0.011106866747142594,0.02275431929279937,100
EC129,Raymond Mhlaba,Eastern Cape,Local,116340.0,90001.0,0.7736063734414722,False,29650.0,21260.0,0.7170367629289391,8390.0,0.571329863165311,80459.4494348751,45968.88623598345,0.5490399334643155,82963.0,45550.0,0.4811630590532709,78861.0,37945.0,0.5247850475364876,0.4662414618840999,0.5779632395659595,metro,turnout last election,False,still falling,0.4519290876706074,0.0254721178337169,-7.44265096872461e-05,0.0174800428146005,0.0014845899880233,-0.0001852057446948,-0.00254840368941,0.5247850475364876,predicted 2026,0.7870515055593977,0.5274541578299832,0.5450640106365076,Both low,Registration drive and voter mobilisation,0.6778494069107788,0.3261560942066357,0.2263936265585278,0.518836940946729,0.6738439057933643,0.28296323707106086,26339.0,40916.0,77.0,41.0,1560.0,240.0,0.017230508930183918,0.0050732114989832655,0.022303720429167184,101
NC086,Kgatelopele,Northern Cape,Local,13123.0,9754.0,0.7432558382123177,False,4009.0,1944.0,0.4848987694889334,2065.0,0.6012764528048371,8930.968019771368,5369.980771041568,0.5885123374628852,9767.0,5748.0,0.4848707711704139,9518.0,4615.0,0.5470894025339157,0.488545816881528,0.6002675945633876,registration rate,turnout last election,False,recovered after COVID,0.5525439274098758,0.0246112485939599,-0.0005169027280176,0.013084926253517,0.0113478958063184,-0.0001852057446948,0.0118833953917507,0.5470894025339157,predicted 2026,0.7870515055593977,0.5274541578299832,0.5450640106365076,Low registration,Registration drive,0.7252914729863599,0.35167263583022174,0.25674416178768233,0.5151292288295861,0.6483273641697782,0.5151012305110666,3369.0,4903.0,74.0,41.0,570.0,0.0,0.05725337488830413,0.0,0.020703101246440155,102
NC093,Magareng,Northern Cape,Local,18237.0,12890.0,0.706806128985985,False,5007.0,2736.0,0.5464852553056306,2271.0,0.6401189970250745,11752.76525166732,7523.16830516843,0.5930232558139535,12040.0,7140.0,0.5328065956715905,11644.0,6204.0,0.5773240692388805,0.5187804835864929,0.6305022612683524,metro,turnout last election,False,still falling,0.5367760282724563,0.0134813454376035,0.0002929203707602,0.0120726835413078,0.0049790607798944,-0.0001852057446948,0.0118833953917507,0.5773240692388805,predicted 2026,0.7870515055593977,0.5274541578299832,0.5450640106365076,Low registration,Registration drive,0.6384822065032626,0.3401875308438888,0.29319387101401495,0.4671934043284095,0.6598124691561111,0.45351474469436936,5347.0,5440.0,71.0,41.0,1460.0,0.0,0.10753727984835679,0.0,0.017195482861898065,103
EC443,Winnie Madikizela-Mandela,Eastern Cape,Local,187794.0,152819.0,0.813759757748345,False,73709.0,39637.0,0.5377473453067485,34072.0,0.5736182389883221,116656.2053950224,66916.12710575275,0.5597147950089126,131835.0,73790.0,0.4674587280514239,133323.0,62323.0,0.5023295030381144,0.4437859173857267,0.5555076950675863,population density,turnout last election,False,still falling,0.4516072064494001,0.0286540361267769,-0.0003738703034697,0.017351164200562,-0.0100202193937419,-0.0001852057446948,-0.00254840368941,0.5023295030381144,predicted 2026,0.7870515055593977,0.5274541578299832,0.5450640106365076,Low turnout,Voter mobilisation,0.7099428096744305,0.33186896279966344,0.18624024225165503,0.532541271948576,0.6681310372003366,0.4622526546932515,34975.0,71000.0,81.0,41.0,0.0,3840.0,0.0,0.048805672063845694,0.015434179237915568,104
NW394,Greater Taung,North West,Local,122742.0,99658.0,0.8119326562023566,False,37043.0,21293.0,0.5748120506741017,15750.0,0.5334006569859897,86090.15955372048,45920.547665983184,0.5654300582940611,89546.0,50632.0,0.4869721782609693,87198.0,42463.0,0.5132549886354624,0.4547114029830747,0.5664331806649343,registration rate,turnout last election,False,still falling,0.485087977027012,0.02412333673152,-0.0003783018428313,0.0162169014941059,0.0001014289601168,-0.0001852057446948,-0.0155886230143914,0.5132549886354624,predicted 2026,0.7870515055593977,0.5274541578299832,0.5450640106365076,Low turnout,Voter mobilisation,0.71041697218556,0.34595330041876454,0.18806734379764345,0.5130278217390307,0.6540466995812355,0.4251879493258983,23084.0,44735.0,81.0,42.0,0.0,1420.0,0.0,0.02728918143537869,-0.003834527862007102,105
WC023,Drakenstein,Western Cape,Local,192053.0,146369.0,0.7621267959588293,False,51871.0,22965.0,0.4427371815522143,28906.0,0.6528599605522682,114988.91121646986,75071.65604073279,0.6461068347967354,129265.0,83519.0,0.5093915323748684,131182.0,66823.0,0.5477919750536152,0.4892483894012275,0.6009701670830871,population density,turnout last election,False,recovered after COVID,0.5633280271729063,0.0189179346608905,-0.0001229253248748,0.018516009345516,-0.0137971521705407,-0.0001852057446948,0.0130785081217825,0.5477919750536152,predicted 2026,0.7870515055593977,0.5274541578299832,0.5450640106365076,Low registration,Registration drive,0.6830510327878242,0.3479404122820263,0.23787320404117074,0.49060846762513155,0.6520595877179737,0.5572628184477857,45684.0,64359.0,76.0,42.0,4790.0,0.0,0.03218075097356536,0.0,-0.005652899352773563,106
FS161,Letsemeng,Free State,Local,27457.0,21230.0,0.773216205376936,False,8253.0,4445.0,0.5386071025108894,3808.0,0.6173585323948346,18037.94647559801,11135.880163591768,0.5929180799671087,19458.0,11537.0,0.508114215283484,19472.0,9894.0,0.5443732330303593,0.4858296473779717,0.5975514250598313,registration rate,turnout last election,False,still falling,0.5354056643623223,0.0192145064978205,-0.0003668206418891,0.0079885375205768,0.0164315427050392,-0.0001852057446948,-0.0088168163806452,0.5443732330303593,predicted 2026,0.7870515055593977,0.5274541578299832,0.5450640106365076,Low registration,Registration drive,0.709181629456969,0.3603452671449903,0.22678379462306397,0.491885784716516,0.6396547328550097,0.4613928974891106,6227.0,9578.0,77.0,42.0,380.0,0.0,0.017734985756619817,0.0,-0.013838158990334276,107
EC106,Sundays River Valley,Eastern Cape,Local,33437.0,27323.0,0.8171568356319409,False,9437.0,4762.0,0.5046080136481739,4675.0,0.6420405266892691,25365.90768830305,16285.940732149473,0.5766477030844847,25839.0,14900.0,0.463170088679396,25034.0,11595.0,0.5164036335214529,0.4578600478690652,0.5695818255509248,registration rate,turnout last election,False,still falling,0.4568919580718347,0.0296497870370807,-0.0007354928456645,0.0141247886369405,0.010934797657137,-0.0001852057446948,-0.00254840368941,0.5164036335214529,predicted 2026,0.7870515055593977,0.5274541578299832,0.5450640106365076,Low turnout,Voter mobilisation,0.7486915692197267,0.346771540509017,0.18284316436805914,0.536829911320604,0.653228459490983,0.49539198635182613,6114.0,13439.0,82.0,42.0,0.0,300.0,0.0,0.021173261784574574,-0.01636408821667316,108
MP314,Emakhazeni,Mpumalanga,Local,33928.0,27794.0,0.8192083142259433,False,10506.0,5224.0,0.49725771410485275,5282.0,0.5992653061224489,24476.98053951989,14668.205235968611,0.5666954335672207,26651.0,15103.0,0.4737219663218304,26486.0,12547.0,0.520134746886803,0.4615911612344153,0.5733129389162749,registration rate,turnout last election,False,still falling,0.4762010819094752,0.0271998161124096,-0.00103367991282,0.0269079777537234,0.0089355643870188,-0.0001852057446948,-0.0174049658213324,0.520134746886803,predicted 2026,0.7870515055593977,0.5274541578299832,0.5450640106365076,Low turnout,Voter mobilisation,0.78065314784249,0.3698125442112709,0.1807916857740567,0.5262780336781696,0.630187455788729,0.5027422858951472,6134.0,13939.0,82.0,43.0,0.0,200.0,0.0,0.013974050350173411,-0.026070661371605686,109
EC155,Nyandeni,Eastern Cape,Local,169139.0,153680.0,0.9086012636442794,False,62027.0,37302.0,0.6013788409482725,24725.0,0.5393926111986783,118638.9979861033,63992.998913719006,0.5073540313732467,134892.0,68438.0,0.4231766480189597,134601.0,56960.0,0.4722370973914697,0.4136935117390821,0.5254152894209417,population density,turnout last election,False,still falling,0.4349922067443335,0.0389356004359764,-0.0011749935258324,0.0210378998671074,-0.0089977217613045,-0.0001852057446948,-0.00254840368941,0.4722370973914697,predicted 2026,0.7870515055593977,0.5274541578299832,0.5450640106365076,Low turnout,Voter mobilisation,0.7958010866801861,0.3367644363511668,0.0913987363557206,0.5768233519810403,0.6632355636488332,0.39862115905172746,15459.0,77641.0,91.0,43.0,0.0,8490.0,0.0,0.11058077254156574,-0.03303187982893528,110
KZN292,KwaDukuza,KwaZulu-Natal,Local,222247.0,168010.0,0.7559601048884212,False,65892.0,37298.0,0.5660495719536279,28594.0,0.6320395068089575,109103.1106622748,68957.47625430727,0.6631380668462101,128474.0,85196.0,0.5391172750601326,136781.0,73741.0,0.5685436412787581,0.5100000556263705,0.62172183330823,population density,neighbours' turnout,False,still falling,0.5676833615012368,0.0120161103826904,0.0005078857977381,0.0155061614799836,-0.0196772945606219,-0.0001852057446948,0.019265435072862,0.5685436412787581,predicted 2026,0.7870515055593977,0.5274541578299832,0.5450640106365076,Low registration,Registration drive,0.615445877784627,0.33179750457823953,0.24403989511157875,0.46088272493986737,0.6682024954217605,0.43395042804637207,54237.0,63040.0,76.0,43.0,6910.0,0.0,0.04030508823808611,0.0,-0.03471103068192616,111
KZN212,uMdoni,KwaZulu-Natal,Local,104901.0,84443.0,0.804979102458372,False,30033.0,17922.0,0.5967428309779821,12111.0,0.6398498091685091,66376.21934932571,42470.81128399316,0.6017390094602114,71880.0,43253.0,0.482897356294636,71831.0,34687.0,0.535575851799097,0.4770322661467093,0.5887540438285689,population density,turnout last election,False,recovered after COVID,0.5783989473900718,0.0250694427876194,-0.0001388017890383,0.0192198415343591,-0.0125454901473145,-0.0001852057446948,0.019265435072862,0.535575851799097,predicted 2026,0.7870515055593977,0.5274541578299832,0.5450640106365076,Healthy,Nothing urgent,0.684750383695103,0.3306641500081029,0.195020897541628,0.5171026437053641,0.6693358499918971,0.4032571690220179,20458.0,37144.0,80.0,43.0,0.0,0.0,0.0,0.0,-0.0378031952434358,112
LIM471,Ephraim Mogale,Limpopo,Local,78767.0,68944.0,0.8752945459340414,False,23522.0,15906.0,0.6762316771627914,7616.0,0.4990470954737034,54569.96516631248,27232.98261634941,0.5011241086169951,56934.0,28531.0,0.4424116922234392,58432.0,25851.0,0.4939288983136672,0.4353853126612795,0.5471070903431392,population density,turnout last election,False,still falling,0.4564252815265958,0.0344695422961225,-0.0006714637189762,0.0244402887641882,-0.0045663202135099,-0.0001852057446948,-0.0039629090835696,0.4939288983136672,predicted 2026,0.7870515055593977,0.5274541578299832,0.5450640106365076,Low turnout,Voter mobilisation,0.7418335089567967,0.32819581804562825,0.12470545406595857,0.5575883077765609,0.6718041819543717,0.3237683228372086,9823.0,32581.0,88.0,43.0,0.0,2310.0,0.0,0.06567038069629615,-0.040596381227263056,113
NW393,Mamusa,North West,Local,42411.0,33567.0,0.7914686410784182,False,14128.0,8257.0,0.5844389036071713,5871.0,0.5831145062465186,25054.3306127878,14609.543624612796,0.5925415341109933,28290.0,16763.0,0.5191589283808304,28107.0,14592.0,0.5480585987402298,0.4895150130878421,0.6012367907697017,metro,neighbours' turnout,False,still falling,0.4659757564218819,0.0166501073570444,6.669064493687578e-05,0.0209685975376518,0.0049948297881845,-0.0001852057446948,-0.0155886230143914,0.5480585987402298,predicted 2026,0.7870515055593977,0.5274541578299832,0.5450640106365076,Healthy,Nothing urgent,0.6627290089835184,0.34406168211077315,0.2085313589215818,0.48084107161916956,0.6559383178892269,0.4155610963928287,8844.0,13515.0,79.0,43.0,0.0,0.0,0.0,0.0,-0.04391682346512501,114
KZN435,uMzimkhulu,KwaZulu-Natal,Local,123078.0,98015.0,0.7963648669661855,False,42164.0,21630.0,0.5130006504208872,20534.0,0.6216167261812348,77286.6430620066,48042.67003774218,0.5866698425759511,92362.0,54186.0,0.4996955101588883,90315.0,45130.0,0.5457465760332467,0.487202990380859,0.5989247680627187,population density,turnout last election,False,still falling,0.5181323910828546,0.0211691901548497,-0.0005964982730423,0.0109985901312077,-0.0065937192574918,-0.0001852057446948,0.019265435072862,0.5457465760332467,predicted 2026,0.7870515055593977,0.5274541578299832,0.5450640106365076,Healthy,Nothing urgent,0.7338029542241505,0.3666780415671363,0.20363513303381453,0.5003044898411118,0.6333219584328638,0.48699934957911284,25063.0,45185.0,80.0,43.0,0.0,0.0,0.0,0.0,-0.04585652924474418,115
KZN284,uMlalazi,KwaZulu-Natal,Local,147880.0,118316.0,0.8000788827336124,False,45785.0,24635.0,0.5380638238760117,21150.0,0.6227010038562139,96276.99178604972,59951.77943342962,0.6286543778801843,108500.0,68209.0,0.5014155779414393,106317.0,53309.0,0.5467584182534565,0.4882148326010688,0.5999366102829284,population density,turnout last election,False,recovered after COVID,0.5653782386813765,0.020769818953011,-0.0004578043112363,0.0128042756034881,-0.0088469530520809,-0.0001852057446948,0.019265435072862,0.5467584182534565,predicted 2026,0.7870515055593977,0.5274541578299832,0.5450640106365076,Healthy,Nothing urgent,0.7189410332702191,0.3604882337030024,0.19992111726638762,0.4985844220585607,0.6395117662969976,0.4619361761239883,29564.0,53008.0,80.0,44.0,0.0,0.0,0.0,0.0,-0.052361733859689744,116
WC024,Stellenbosch,Western Cape,Local,123222.0,106273.0,0.8624480213951397,False,40644.0,27625.0,0.6796789942322502,13019.0,0.6252592676396275,79380.29595080418,49633.26571121671,0.6110294837888138,91881.0,56142.0,0.460033195547145,94591.0,43515.0,0.5083999026498198,0.4498563169974321,0.5615780946792918,population density,turnout last election,False,recovered after COVID,0.5502762612316765,0.0303781215788791,-0.0009122656556697,0.0191807639032092,-0.0151664888914994,-0.0001852057446948,0.0130785081217825,0.5083999026498198,predicted 2026,0.7870515055593977,0.5274541578299832,0.5450640106365076,Low turnout,Voter mobilisation,0.7676470110856828,0.3531431075619613,0.13755197860486035,0.5399668044528549,0.6468568924380387,0.3203210057677498,16949.0,51076.0,86.0,44.0,0.0,2020.0,0.0,0.036793609154247446,-0.05468758117259056,117
KZN237,iNkosi Langalibalele,KwaZulu-Natal,Local,146880.0,110144.0,0.749890113984563,False,47394.0,25833.0,0.5450640106365076,21561.0,0.6741259864602284,82042.7623603325,55307.15810808125,0.6536229942390733,97033.0,63423.0,0.552235628105039,98630.0,54467.0,0.5847128961637901,0.5261693105114025,0.637891088193262,population density,turnout last election,False,recovered after COVID,0.6147753664907428,0.0089702464493993,-1.5152163527957207e-05,0.0078000685006767,-0.0053513978466323,-0.0001852057446948,0.019265435072862,0.5847128961637901,predicted 2026,0.7870515055593977,0.5274541578299832,0.5450640106365076,Low registration,Registration drive,0.6715005446623094,0.3708265250544662,0.25010988601543704,0.447764371894961,0.6291734749455338,0.45493598936349244,36736.0,44163.0,75.0,44.0,5460.0,0.0,0.048367010604770895,0.0,-0.05469198338274852,118
LIM351,Blouberg,Limpopo,Local,110266.0,95692.0,0.8678320560211309,False,33593.0,20301.0,0.6043176079697732,13292.0,0.5105148804474875,81916.4177564078,41819.55021759897,0.5070143607622707,84327.0,42755.0,0.4485440405136552,82935.0,37200.0,0.5069910597566788,0.4484474741042911,0.5601692517861507,registration rate,turnout last election,False,still falling,0.4748900635364898,0.0330457127635883,-0.0007675874207312,0.0231846176360525,0.0051391173017104,-0.0001852057446948,-0.0039629090835696,0.5069910597566788,predicted 2026,0.7870515055593977,0.5274541578299832,0.5450640106365076,Low turnout,Voter mobilisation,0.7521357444724575,0.33736600584042226,0.1321679439788691,0.5514559594863448,0.6626339941595778,0.3956823920302268,14574.0,45735.0,87.0,44.0,0.0,1960.0,0.0,0.03956858716639847,-0.0581359332133618,119
LIM331,Greater Giyani,Limpopo,Local,175643.0,147766.0,0.8412859188825553,False,54399.0,35117.0,0.6455403430697968,19282.0,0.5363457246477891,113449.1416622086,60847.96209548695,0.5495761643662949,126936.0,69761.0,0.486461316930397,127782.0,62161.0,0.5235086650562465,0.4649650794038588,0.5766868570857184,population density,turnout last election,False,still falling,0.484903026300297,0.0242419502568899,-0.0005377767297845,0.0207279279892341,-0.0052299123528935,-0.0001852057446948,-0.0039629090835696,0.5235086650562465,predicted 2026,0.7870515055593977,0.5274541578299832,0.5450640106365076,Low turnout,Voter mobilisation,0.727509778357236,0.3539053648594023,0.15871408111744467,0.5135386830696029,0.6460946351405976,0.3544596569302032,27877.0,65621.0,84.0,44.0,0.0,580.0,0.0,0.00750837465155412,-0.059129510719551547,120
KZN216,Ray Nkonyeni,KwaZulu-Natal,Local,237599.0,201190.0,0.8467641417406419,False,69700.0,40186.0,0.5765590361442305,29514.0,0.6387140975646151,149640.13476933824,95577.26363864524,0.6111537088306048,170849.0,104415.0,0.4774899675921051,170946.0,81625.0,0.5224694612642412,0.4639258756118535,0.5756476532937131,population density,turnout last election,False,recovered after COVID,0.5615607139483104,0.0263249487315397,-0.0004627949207114,0.0136410288580105,-0.0155971921155378,-0.0001852057446948,0.019265435072862,0.5224694612642412,predicted 2026,0.7870515055593977,0.5274541578299832,0.5450640106365076,Low turnout,Voter mobilisation,0.7194727250535566,0.3435410081692263,0.15323585825935815,0.5225100324078948,0.6564589918307737,0.42344096385576946,36409.0,89321.0,85.0,44.0,0.0,1000.0,0.0,0.009495422196400935,-0.0636330788479233,121
LIM341,Musina,Limpopo,Local,65820.0,53791.0,0.8172399190417018,False,23218.0,15365.0,0.6617722789447263,7853.0,0.5156959522854985,37853.49605882392,19520.89469739057,0.5502749410840534,43282.0,23817.0,0.4863492904279503,45309.0,22036.0,0.5415768595716557,0.483033273919268,0.5947550516011276,metro,neighbours' turnout,False,still falling,0.4672186639532837,0.0242679609521507,-0.0001726045012887,0.0244267944993215,0.0088602592311182,-0.0001852057446948,-0.0039629090835696,0.5415768595716557,predicted 2026,0.7870515055593977,0.5274541578299832,0.5450640106365076,Healthy,Nothing urgent,0.6883773928896991,0.33479185657854754,0.1827600809582982,0.5136507095720497,0.6652081434214525,0.33822772105527366,12029.0,23273.0,82.0,44.0,0.0,0.0,0.0,0.0,-0.06406205624480212,122
FS162,Kopanong,Free State,Local,32774.0,27242.0,0.83119559051828,False,8819.0,4731.0,0.5364339690941787,4088.0,0.6644671463211034,25153.891899892085,16713.93476959081,0.6220086459780763,25908.0,16115.0,0.4919693996074818,24967.0,12283.0,0.5338632384310579,0.4753196527786702,0.5870414304605298,registration rate,turnout last election,False,recovered after COVID,0.5426508704260863,0.02296306484267,-0.0008575670215208,0.0080737665180113,0.0187233228190876,-0.0001852057446948,-0.0088168163806452,0.5338632384310579,predicted 2026,0.7870515055593977,0.5274541578299832,0.5450640106365076,Healthy,Nothing urgent,0.7617928846036492,0.374778788063709,0.16880440948172004,0.5080306003925181,0.625221211936291,0.46356603090582127,5532.0,12684.0,83.0,44.0,0.0,0.0,0.0,0.0,-0.06664918446452828,123
FS196,Mantsopa,Free State,Local,34881.0,30381.0,0.8709892974412596,False,9850.0,5767.0,0.5854747872624235,4083.0,0.5372463821482492,27156.99949129041,14589.999726697615,0.5398928672117282,28376.0,15320.0,0.4541865855425177,27612.0,12541.0,0.5096406173045103,0.4510970316521226,0.5628188093339822,registration rate,turnout last election,False,recovered after COVID,0.5105196926285327,0.0317356074221212,-0.0011358461167776,0.0239251973514906,0.0079378214398304,-0.0001852057446948,-0.0088168163806452,0.5096406173045103,predicted 2026,0.7870515055593977,0.5274541578299832,0.5450640106365076,Low turnout,Voter mobilisation,0.7916057452481293,0.359536710530088,0.12901070255874036,0.5458134144574823,0.640463289469912,0.4145252127375765,4500.0,15071.0,87.0,44.0,0.0,540.0,0.0,0.034356151617638116,-0.06697984577791904,124
NC451,Joe Morolong,Northern Cape,Local,76597.0,59426.0,0.7758220289791325,False,22469.0,14138.0,0.6292341013705588,8331.0,0.573580790435608,49505.28937642259,28395.28301127197,0.5466856735566643,51911.0,28379.0,0.5079333319994398,49979.0,25386.0,0.5726051635566188,0.5140615779042312,0.6257833555860908,metro,turnout last election,False,still falling,0.5423840858520089,0.0192565045953804,0.0001622353093984,0.0175662517639479,0.0139953764507282,-0.0001852057446948,0.0118833953917507,0.5726051635566188,predicted 2026,0.7870515055593977,0.5274541578299832,0.5450640106365076,Low registration,Registration drive,0.6524929174771857,0.3314229016802225,0.22417797102086745,0.4920666680005602,0.6685770983197775,0.3707658986294412,17171.0,24593.0,78.0,44.0,860.0,0.0,0.014370541932769198,0.0,-0.0677639114422171,125
KZN434,Johannes Phumani Pungula,KwaZulu-Natal,Local,79810.0,62156.0,0.7787979283397832,False,24435.0,13052.0,0.5341483501223653,11383.0,0.603976250243878,48062.21573008805,29028.436835070912,0.6405860729280998,57399.0,36769.0,0.5297909680109816,57551.0,30490.0,0.5713730684232787,0.5128294827708911,0.6245512604527507,population density,turnout last election,False,still falling,0.5336304246542153,0.0141815241487756,-0.0004779546150982,0.0129566903985415,-0.006151662638757,-0.0001852057446948,0.019265435072862,0.5713730684232787,predicted 2026,0.7870515055593977,0.5274541578299832,0.5450640106365076,Low registration,Registration drive,0.7211001127678236,0.3820323267760932,0.22120207166021677,0.4702090319890184,0.6179676732239068,0.4658516498776347,17654.0,27061.0,78.0,44.0,660.0,0.0,0.010542078286093425,0.0,-0.06943832079782021,126
LIM366,Bela-Bela,Limpopo,Local,44734.0,36426.0,0.8142796884254538,False,13653.0,7808.0,0.5718770952122952,5845.0,0.59539694306188,28284.61634935583,16840.574110084533,0.5532238845491858,30212.0,16714.0,0.5006236607285637,31267.0,15653.0,0.5470081368871559,0.4884645512347682,0.6001863289166278,registration rate,neighbours' turnout,False,still falling,0.4601885914440438,0.0209536889913149,-0.0002713220464239,0.0237462080936226,0.004110742157675,-0.0001852057446948,-0.0039629090835696,0.5470081368871559,predicted 2026,0.7870515055593977,0.5274541578299832,0.5450640106365076,Healthy,Nothing urgent,0.69895381588948,0.34991281799079,0.18572031157454616,0.4993763392714363,0.65008718200921,0.42812290478770476,8308.0,15614.0,81.0,45.0,0.0,0.0,0.0,0.0,-0.07041193365164125,127
WC032,Overstrand,Western Cape,Local,95609.0,70030.0,0.7324593807035444,False,22624.0,8798.0,0.38887357997095695,13826.0,0.694136606472692,44336.930923812906,30775.88677286965,0.6712685448823618,53384.0,35835.0,0.5831874489404625,59979.0,34979.0,0.6088857873858616,0.550342201733474,0.6620639794153336,population density,neighbours' turnout,False,still falling,0.5457903906762457,0.0017837471663276,0.0003969566490698,0.0161957363765817,-0.0075646779143358,-0.0001852057446948,0.0130785081217825,0.6088857873858616,predicted 2026,0.7870515055593977,0.5274541578299832,0.5450640106365076,Low registration,Registration drive,0.6273363386292086,0.36585467895281826,0.26754061929645556,0.4168125510595375,0.6341453210471817,0.611126420029043,25579.0,25000.0,73.0,45.0,5220.0,0.0,0.07188580532434682,0.0,-0.07168294657308127,128
KZN266,Ulundi,KwaZulu-Natal,Local,127588.0,103617.0,0.8121189614995655,False,41614.0,23631.0,0.5678677833423607,17983.0,0.6503684097574934,83873.97276692638,54548.98228846922,0.5918177251224516,95548.0,56547.0,0.5049830353439199,94019.0,47478.0,0.5493841083222802,0.4908405226698926,0.6025623003517522,population density,turnout last election,False,still falling,0.5237275390287442,0.0199415145310633,-0.0006253289278035,0.0085437341900432,-0.0045323499337778,-0.0001852057446948,0.019265435072862,0.5493841083222802,predicted 2026,0.7870515055593977,0.5274541578299832,0.5450640106365076,Healthy,Nothing urgent,0.736895319309026,0.3721196350753989,0.18788103850043447,0.49501696465608014,0.6278803649246011,0.43213221665763935,23971.0,46541.0,81.0,45.0,0.0,0.0,0.0,0.0,-0.0720890327693631,129
EC136,Emalahleni,Eastern Cape,Local,80058.0,64144.0,0.8012240132234537,False,19788.0,10878.0,0.549716370656839,8910.0,0.6251577073877237,58561.55197028148,36610.20557080821,0.5966227977420246,61471.0,36675.0,0.5270808711801452,59230.0,31219.0,0.558520946782228,0.4999773611298403,0.6116991388116999,registration rate,neighbours' turnout,False,still falling,0.5098833196090358,0.01481076367027,-0.0006528590653032,0.0183480421211961,-0.0003255354806433,-0.0001852057446948,-0.00254840368941,0.558520946782228,predicted 2026,0.7870515055593977,0.5274541578299832,0.5450640106365076,Healthy,Nothing urgent,0.7398386170026731,0.3899547827824827,0.1987759867765463,0.47291912881985476,0.6100452172175173,0.450283629343161,15914.0,28011.0,80.0,45.0,0.0,0.0,0.0,0.0,-0.07507704945002186,130
NW392,Naledi,North West,Local,40761.0,37614.0,0.9228029864053453,False,12612.0,8633.0,0.6845002078721597,3979.0,0.5691464636514367,30520.030463779927,17370.367408994465,0.559564772621594,32259.0,18051.0,0.4325953838907206,31845.0,13776.0,0.4864983087633482,0.4279547231109605,0.5396765007928201,registration rate,turnout last election,False,still falling,0.4800055347283665,0.0367487262307476,-0.0010394024683929,0.0213458763348282,0.010628279743863,-0.0001852057446948,-0.0155886230143914,0.4864983087633482,predicted 2026,0.7870515055593977,0.5274541578299832,0.5450640106365076,Low turnout,Voter mobilisation,0.7812614999632002,0.3379701184956208,0.0771970135946547,0.5674046161092794,0.6620298815043792,0.3154997921278403,3147.0,18069.0,92.0,45.0,0.0,1540.0,0.0,0.08082853170040269,-0.07829353912373738,131
KZN245,uMvoti,KwaZulu-Natal,Local,86818.0,65622.0,0.7558589693878759,False,27290.0,16081.0,0.5892631462801843,11209.0,0.6385034480587466,48557.65407873118,31004.22955891372,0.644935952177626,58550.0,37761.0,0.5619569419001361,59501.0,33437.0,0.5944052356700119,0.5358616500176243,0.6475834276994838,population density,neighbours' turnout,False,still falling,0.533176021049197,0.0067131186703762,-0.0001444346944117,0.0078322136479603,-0.0030261069728842,-0.0001852057446948,0.019265435072862,0.5944052356700119,predicted 2026,0.7870515055593977,0.5274541578299832,0.5450640106365076,Low registration,Registration drive,0.6853532677555345,0.38513902646916537,0.2441410306121241,0.4380430580998639,0.6148609735308346,0.4107368537198157,21196.0,26064.0,76.0,45.0,2710.0,0.0,0.040438881365077346,0.0,-0.07906046334133496,132
KZN242,Nqutu,KwaZulu-Natal,Local,111883.0,88402.0,0.7901261597852297,False,37861.0,22272.0,0.5882589621179382,15589.0,0.6123206032595476,65775.96845912894,40275.98068687481,0.5795945367524028,77097.0,44685.0,0.5328917882575569,80324.0,42804.0,0.5697758702935996,0.511232284641212,0.6229540623230715,population density,turnout last election,False,still falling,0.5337060846402608,0.0134615651325537,-0.0004483520434637,0.010351401595865,-0.0075540357677477,-0.0001852057446948,0.019265435072862,0.5697758702935996,predicted 2026,0.7870515055593977,0.5274541578299832,0.5450640106365076,Healthy,Nothing urgent,0.7179285503606446,0.3825782290428394,0.2098738402147703,0.4671082117424431,0.6174217709571606,0.41174103788206184,23481.0,37520.0,79.0,45.0,0.0,0.0,0.0,0.0,-0.08108005343209763,133
WC043,Mossel Bay,Western Cape,Local,101913.0,79934.0,0.7843378031299333,False,22758.0,10048.0,0.44151406178061264,12710.0,0.6502512177348214,51663.54297306577,33594.281730731294,0.6375738147460773,59270.0,37789.0,0.5520603327631783,64310.0,35503.0,0.5795393220594953,0.5209957364071077,0.6327175140889673,population density,neighbours' turnout,False,still falling,0.5350050924827272,0.0090109471194926,0.0003624656667954,0.0098747162736994,-0.0066557159314262,-0.0001852057446948,0.0130785081217825,0.5795393220594953,predicted 2026,0.7870515055593977,0.5274541578299832,0.5450640106365076,Low registration,Registration drive,0.6310284262066664,0.348365762954677,0.2156621968700667,0.44793966723682166,0.651634237045323,0.5584859382193874,21979.0,28807.0,78.0,45.0,280.0,0.0,0.0034538928223441694,0.0,-0.09071766581943749,134
EC138,Sakhisizwe,Eastern Cape,Local,39629.0,34027.0,0.8586424426256061,False,11023.0,6344.0,0.5755102767885725,4679.0,0.5766649580613493,30224.223772149773,17429.250734003585,0.55236354139462,30632.0,16920.0,0.4882110030638071,30028.0,14660.0,0.5296771951492778,0.4711336094968901,0.5828553871787497,registration rate,turnout last election,False,still falling,0.4850231308632854,0.0238357021653733,-0.0008197698694069,0.0169617015994464,0.0022288938334946,-0.0001852057446948,-0.00254840368941,0.5296771951492778,predicted 2026,0.7870515055593977,0.5274541578299832,0.5450640106365076,Healthy,Nothing urgent,0.7577279265184587,0.36993111105503546,0.14135755737439393,0.5117889969361928,0.6300688889449646,0.4244897232114275,5602.0,15368.0,86.0,45.0,0.0,0.0,0.0,0.0,-0.09126469346479801,135
WC034,Swellendam,Western Cape,Local,32130.0,23935.0,0.7449445915356685,False,8519.0,5209.0,0.6114488701228156,3310.0,0.6684895342259098,15902.305397711576,10630.524728434384,0.6599756368836396,18881.0,12461.0,0.5794546423209183,20647.0,11964.0,0.6125305175910092,0.5539869319386216,0.6657087096204811,metro,population density,False,still falling,0.5195041980426928,0.0026504429332047,0.0002544148379244,0.0075891331660667,0.0076953081651391,-0.0001852057446948,0.0130785081217825,0.6125305175910092,predicted 2026,0.7870515055593977,0.5274541578299832,0.5450640106365076,Low registration,Registration drive,0.6426081543728602,0.3723622782446312,0.2550554084643315,0.42054535767908174,0.6276377217553688,0.38855112987718443,8195.0,8683.0,74.0,46.0,1350.0,0.0,0.054983849877485516,0.0,-0.09455295895248327,136
KZN293,Ndwedwe,KwaZulu-Natal,Local,103290.0,81917.0,0.7930753321417201,False,32837.0,18470.0,0.5624763844368544,14367.0,0.6460423547089483,56714.29791687655,36639.83857188373,0.643271883707842,72851.0,46863.0,0.5448151782793589,73368.0,39972.0,0.5753666337779885,0.5168230481256009,0.6285448258074604,population density,neighbours' turnout,False,recovered after COVID,0.5941914445213973,0.0106931517878565,-0.0003772749520397,0.0116850987063969,-0.0125230231624192,-0.0001852057446948,0.019265435072862,0.5753666337779885,predicted 2026,0.7870515055593977,0.5274541578299832,0.5450640106365076,Healthy,Nothing urgent,0.7103107754864944,0.38698809178042404,0.2069246678582799,0.4551848217206411,0.613011908219576,0.43752361556314556,21373.0,33396.0,79.0,46.0,0.0,0.0,0.0,0.0,-0.09457002638222782,137
WC048,Knysna,Western Cape,Local,61624.0,48931.0,0.7940278125147281,False,15448.0,7494.0,0.4851136226082097,7954.0,0.6591159308598481,36331.9997254683,23946.99981905178,0.6356275303643725,40014.0,25434.0,0.5586118251928021,42790.0,23903.0,0.5752304260763034,0.5166868404239158,0.6284086181057753,population density,turnout last election,False,still falling,0.5574168206220799,0.007489799271717,-0.0002285972438875,0.0018215470116415,-0.0073507243237253,-0.0001852057446948,0.0130785081217825,0.5752304260763034,predicted 2026,0.7870515055593977,0.5274541578299832,0.5450640106365076,Healthy,Nothing urgent,0.6943723224717643,0.38788459041931717,0.2059721874852719,0.44138817480719794,0.6121154095806829,0.5148863773917902,12693.0,18887.0,79.0,46.0,0.0,0.0,0.0,0.0,-0.09553354181448365,138
KZN281,uMfolozi,KwaZulu-Natal,Local,99774.0,81090.0,0.812740319832151,False,33663.0,17499.0,0.5198221666786371,16164.0,0.682610686281156,60876.47168761401,41554.93011705756,0.6501257717813858,74341.0,48331.0,0.5307838717079953,74081.0,39321.0,0.5657083371792793,0.5071647515268917,0.6188865292087512,population density,turnout last election,False,recovered after COVID,0.6277450557362843,0.0139509883833779,-0.0006775683841877,0.0106905779769486,-0.0101130356236901,-0.0001852057446948,0.019265435072862,0.5657083371792793,predicted 2026,0.7870515055593977,0.5274541578299832,0.5450640106365076,Healthy,Nothing urgent,0.7424880229318259,0.39410066750856937,0.187259680167849,0.46921612829200465,0.6058993324914306,0.4801778333213629,18684.0,34760.0,81.0,46.0,0.0,0.0,0.0,0.0,-0.1021346400762375,139
EC441,Matatiele,Eastern Cape,Local,129065.0,107450.0,0.8325247292525754,False,41388.0,23629.0,0.5709164705692176,17759.0,0.5947516025641025,89855.98694008606,53441.99223259526,0.5928641000666427,97535.0,57825.0,0.5218881006127056,99232.0,51788.0,0.5527818041772058,0.4942382185248181,0.6059599962066777,population density,neighbours' turnout,False,still falling,0.4915478085734661,0.0160164388439047,-0.0009235336376784,0.0188956685948443,-0.0023545345931335,-0.0001852057446948,-0.00254840368941,0.5527818041772058,predicted 2026,0.7870515055593977,0.5274541578299832,0.5450640106365076,Healthy,Nothing urgent,0.7688529035757177,0.40125518149769496,0.16747527074742463,0.47811189938729437,0.598744818502305,0.42908352943078243,21615.0,47444.0,83.0,46.0,0.0,0.0,0.0,0.0,-0.10307063369028605,140
NW397,Kagisano-Molopo,North West,Local,65460.0,61794.0,0.9439934060763495,False,22305.0,14693.0,0.6587376444475135,7612.0,0.5279108476778174,49263.76249004679,26006.874615919263,0.5150878246509533,53288.0,27448.0,0.4280736967677188,52811.0,22607.0,0.4877915929840945,0.4292480073317068,0.5409697850135665,registration rate,turnout last election,False,still falling,0.4843121629223506,0.0377985869623831,-0.0012773011622217,0.0204107133553128,0.0165664520293197,-0.0001852057446948,-0.0155886230143914,0.4877915929840945,predicted 2026,0.7870515055593977,0.5274541578299832,0.5450640106365076,Low turnout,Voter mobilisation,0.8067674915979224,0.3453559425603422,0.05600659392365048,0.5719263032322812,0.6546440574396578,0.3412623555524865,3666.0,30204.0,94.0,46.0,0.0,2450.0,0.0,0.07817370590773799,-0.10365178341120178,141
WC051,Laingsburg,Western Cape,Local,8079.0,5285.0,0.654169972487971,False,2383.0,1333.0,0.5593973044017527,1050.0,0.7542168674698794,4149.9995018756845,3129.9996243062387,0.7149532710280374,4494.0,3213.0,0.6773584905660377,4770.0,3231.0,0.7039362261961083,0.6453926405437207,0.7571144182255802,turnout last election,population density,False,still falling,0.5676690698545326,-0.0200812063279036,0.0007413583373001,0.0057602854935547,0.0252707219593635,-0.0001852057446948,0.0130785081217825,0.7039362261961083,predicted 2026,0.7870515055593977,0.5274541578299832,0.5450640106365076,Low registration,Registration drive,0.590419606386929,0.39992573338284443,0.34583002751202896,0.3226415094339623,0.6000742666171556,0.4406026955982473,2794.0,1539.0,65.0,46.0,1070.0,0.0,0.18492647725307076,0.0,-0.10369933002594162,142
NC087,Dawid Kruiper,Northern Cape,Local,82286.0,65148.0,0.7917286381537272,False,24293.0,14090.0,0.5800140254452828,10203.0,0.6910228493262048,51907.68949920995,35869.39949968398,0.6486411918885363,57992.0,37616.0,0.5369776000268867,59509.0,31955.0,0.5836407338929916,0.525097148240604,0.6368189259224636,registration rate,population density,False,still falling,0.5650205341414495,0.0125129074265279,-0.000497555606977,0.0012591288051054,0.0196971898037247,-0.0001852057446948,0.0118833953917507,0.5836407338929916,predicted 2026,0.7870515055593977,0.5274541578299832,0.5450640106365076,Healthy,Nothing urgent,0.7231971416765914,0.3883406654838004,0.20827136184627282,0.46302239997311334,0.6116593345161996,0.4199859745547172,17138.0,27554.0,79.0,46.0,0.0,0.0,0.0,0.0,-0.10714866764666538,143
EC126,Ngqushwa,Eastern Cape,Local,45662.0,37987.0,0.831925031658266,False,9920.0,6455.0,0.650684762721965,3465.0,0.4667220902612827,39578.50628431237,18472.163182433585,0.5738862498395173,38945.0,22350.0,0.5251074038944373,35846.0,18823.0,0.5562907685896238,0.4977471829372361,0.6094689606190957,registration rate,neighbours' turnout,False,still falling,0.4891912779931182,0.0152689700326457,-0.0010745552497206,0.0175928522587393,0.0001364332969588,-0.0001852057446948,-0.00254840368941,0.5562907685896238,predicted 2026,0.7870515055593977,0.5274541578299832,0.5450640106365076,Healthy,Nothing urgent,0.7850291270640796,0.41222460689413515,0.16807496834173397,0.47489259610556267,0.5877753931058649,0.34931523727803504,7675.0,17023.0,83.0,46.0,0.0,0.0,0.0,0.0,-0.1086778045230409,144
NW405,JB Marks,North West,Local,142777.0,132001.0,0.9245233992825846,False,42530.0,33175.0,0.7800365401206575,9355.0,0.5944745853746216,107113.1038257585,63676.01798500658,0.5731811108914125,116321.0,66673.0,0.4607836209789963,113218.0,52169.0,0.5017241795875581,0.4431805939351704,0.55490237161703,registration rate,turnout last election,False,recovered after COVID,0.5154764027391969,0.030203885243748,-0.001148571196674,0.0257601483851528,-9.434885524671383e-05,-0.0001852057446948,-0.0155886230143914,0.5017241795875581,predicted 2026,0.7870515055593977,0.5274541578299832,0.5450640106365076,Low turnout,Voter mobilisation,0.792970856650581,0.36538798265827127,0.07547660071741535,0.5392163790210037,0.6346120173417287,0.21996345987934252,10776.0,61049.0,92.0,46.0,0.0,3400.0,0.0,0.05001143134618028,-0.11097323765005304,145
WC011,Matzikama,Western Cape,Local,45024.0,36323.0,0.806754221156678,False,12530.0,7682.0,0.61310888464817,4848.0,0.6156214795343598,26629.998850632644,16393.999292424767,0.5993442188586758,30193.0,18096.0,0.5383598300015741,31765.0,17101.0,0.5752594322094899,0.5167158465571023,0.6284376242389619,neighbours' turnout,population density,False,still falling,0.4700902774857411,0.0121919765586818,-0.0003325786143623,-0.0045592775761834,0.014712905672024,-0.0001852057446948,0.0130785081217825,0.5752594322094899,predicted 2026,0.7870515055593977,0.5274541578299832,0.5450640106365076,Healthy,Nothing urgent,0.7055126154939588,0.3798196517412935,0.19324577884332195,0.46164016999842594,0.6201803482587065,0.38689111535182996,8701.0,14664.0,81.0,46.0,0.0,0.0,0.0,0.0,-0.11148454001170725,146
LIM353,Molemole,Limpopo,Local,75979.0,68956.0,0.9075617905620031,False,22832.0,15908.0,0.6967529793689523,6924.0,0.509041566249257,55179.39636801947,28088.606351865197,0.5179841495630969,59052.0,30588.0,0.4624504601330019,59548.0,27538.0,0.5120240096878124,0.4534804240354247,0.5652022017172843,registration rate,turnout last election,False,still falling,0.4650818031812014,0.029816872846353,-0.0010624453139086,0.022562799029024,0.0004111640309385,-0.0001852057446948,-0.0039629090835696,0.5120240096878124,predicted 2026,0.7870515055593977,0.5274541578299832,0.5450640106365076,Low turnout,Voter mobilisation,0.7837428763210887,0.3624422537806499,0.09243820943799685,0.537549539866998,0.63755774621935,0.3032470206310477,7023.0,32010.0,91.0,46.0,0.0,1060.0,0.0,0.029690439124558755,-0.11277752175651672,147
KZN253,eMadlangeni,KwaZulu-Natal,Local,22792.0,17688.0,0.7760621256767731,False,7731.0,4324.0,0.5593306233967934,3407.0,0.6142228359368258,11586.996429002687,7116.997806611904,0.6395924918009909,14331.0,9166.0,0.5417804114787935,15019.0,8137.0,0.5995683617447348,0.5410247760923472,0.6527465537742068,metro,neighbours' turnout,False,recovered after COVID,0.6193375071670911,0.0113977742897932,0.0001018585360303,0.0154235133097794,0.009791301011503,-0.0001852057446948,0.019265435072862,0.5995683617447348,predicted 2026,0.7870515055593977,0.5274541578299832,0.5450640106365076,Low registration,Registration drive,0.6589592839592839,0.357011232011232,0.22393787432322687,0.4582195885212065,0.642988767988768,0.4406693766032066,5104.0,6882.0,78.0,47.0,250.0,0.0,0.01406111587305221,0.0,-0.11408692637463726,148
NC076,Thembelihle,Northern Cape,Local,13661.0,10101.0,0.7394222885347724,False,4624.0,1992.0,0.430812651421091,2632.0,0.6962384832832899,8847.927259556189,6160.267455394276,0.6504394861392833,8874.0,5772.0,0.5919454506712124,9386.0,5556.0,0.6295979308069866,0.571054345154599,0.6827761228364585,turnout last election,population density,False,still falling,0.5568963275685405,-0.0002497155334545,-0.0001605515069106,0.0036559934242127,0.0207152903142027,-0.0001852057446948,0.0118833953917507,0.6295979308069866,predicted 2026,0.7870515055593977,0.5274541578299832,0.5450640106365076,Low registration,Registration drive,0.6870653685674548,0.40670521923724473,0.26057771146522757,0.4080545493287876,0.5932947807627553,0.569187348578909,3560.0,3830.0,74.0,47.0,650.0,0.0,0.06242450158261201,0.0,-0.11459495200905737,149
WC042,Hessequa,Western Cape,Local,51603.0,36995.0,0.716908828161892,False,12238.0,6087.0,0.49737682949917816,6151.0,0.7353491614986606,27158.50378329661,19970.982984605365,0.7063651050080776,30950.0,21862.0,0.6318304779080253,33270.0,21021.0,0.6517551118715313,0.5932115262191437,0.7049333039010033,turnout last election,neighbours' turnout,False,still falling,0.5599543336180495,-0.0095103571340484,0.0002346914636791,0.007184206179488,0.0071295172866315,-0.0001852057446948,0.0130785081217825,0.6517551118715313,predicted 2026,0.7870515055593977,0.5274541578299832,0.5450640106365076,Low registration,Registration drive,0.6447299575606069,0.40736003720713915,0.28309117183810795,0.36816952209197473,0.5926399627928609,0.5026231705008218,14608.0,12249.0,72.0,47.0,3620.0,0.0,0.09334501657444133,0.0,-0.11826192252348225,150
NC061,Richtersveld,Northern Cape,Local,10616.0,7689.0,0.7242549606721048,False,3298.0,1483.0,0.44971045724398656,1815.0,0.6309188275084554,7095.453835592847,4476.655414592612,0.6000813669650122,7374.0,4425.0,0.6044474393530997,7420.0,4485.0,0.6459941271476828,0.5874505414952952,0.6991723191771547,turnout last election,population density,False,still falling,0.5378833176660345,-0.0031524698876193,-0.0002709795244804,0.007468300753943,0.0238103730150159,-0.0001852057446948,0.0118833953917507,0.6459941271476828,predicted 2026,0.7870515055593977,0.5274541578299832,0.5450640106365076,Low registration,Registration drive,0.6989449886963075,0.4224755086661643,0.2757450393278952,0.39555256064690025,0.5775244913338358,0.5502895427560135,2927.0,2935.0,72.0,47.0,670.0,0.0,0.08315020569562016,0.0,-0.11957824995690962,151
NC073,Emthanjeni,Northern Cape,Local,29239.0,24726.0,0.845637311358482,False,9262.0,5755.0,0.6213436688516762,3507.0,0.6237690543639551,22228.92135632859,13865.713253967811,0.6319074242621245,23073.0,14580.0,0.5058552164655784,22544.0,11404.0,0.5533612667120231,0.4948176810596355,0.6065394587414951,neighbours' turnout,turnout last election,False,recovered after COVID,0.5661208975248303,0.0197390085447811,-0.000943694881698,-0.0034211021556734,0.0184403753013111,-0.0001852057446948,0.0118833953917507,0.5533612667120231,predicted 2026,0.7870515055593977,0.5274541578299832,0.5450640106365076,Healthy,Nothing urgent,0.7710250008550223,0.39002701870789014,0.15436268864151803,0.4941447835344216,0.6099729812921099,0.37865633114832375,4513.0,11140.0,85.0,47.0,0.0,0.0,0.0,0.0,-0.11974598242401802,152
KZN214,uMuziwabantu,KwaZulu-Natal,Local,65131.0,52107.0,0.80003765798037,False,21446.0,13111.0,0.6113405964220666,8335.0,0.6517887834157434,37811.94795257425,24645.40355458778,0.6206784154371021,46019.0,28563.0,0.5445450108700475,45078.0,24547.0,0.5852642202684591,0.5267206346160715,0.6384424122979311,population density,neighbours' turnout,False,still falling,0.5341026150995202,0.01075588017801,-0.0002075228270281,0.0170290631178133,-0.0079317141892186,-0.0001852057446948,0.019265435072862,0.5852642202684591,predicted 2026,0.7870515055593977,0.5274541578299832,0.5450640106365076,Healthy,Nothing urgent,0.6921128187806114,0.3768865824261872,0.19996234201963003,0.4554549891299525,0.6231134175738128,0.3886594035779334,13024.0,20531.0,80.0,47.0,0.0,0.0,0.0,0.0,-0.12036655417925897,153
KZN223,Mpofana,KwaZulu-Natal,Local,21839.0,18646.0,0.8538100446698824,False,6770.0,4111.0,0.6072465529378037,2659.0,0.6064902331442974,15296.794150509577,9277.356250702878,0.6364312267657992,16140.0,10272.0,0.4967199427480916,16768.0,8329.0,0.5484616866313814,0.4899181009789937,0.6016398786608533,registration rate,turnout last election,False,recovered after COVID,0.5994952175560698,0.0218600675406463,-0.0009138662949662,0.0051657065511703,0.0045563329676041,-0.0001852057446948,0.019265435072862,0.5484616866313814,predicted 2026,0.7870515055593977,0.5274541578299832,0.5450640106365076,Healthy,Nothing urgent,0.7678007234763496,0.38138193140711574,0.14618995533011758,0.5032800572519084,0.6186180685928843,0.3927534470621963,3193.0,8439.0,85.0,47.0,0.0,0.0,0.0,0.0,-0.12047051632089696,154
EC156,Kumkani Mhlontlo,Eastern Cape,Local,111326.0,103266.0,0.9276040614586998,False,35802.0,21972.0,0.6137142690653951,13830.0,0.5613823477337111,90367.9963011462,50730.997923528776,0.5243123949384842,96967.0,50841.0,0.4600918809840711,93164.0,42864.0,0.5065006744016618,0.4479570887492741,0.5596788664311337,population density,turnout last election,False,still falling,0.4692152712143556,0.0303644957940621,-0.0015581259893945,0.0228046508202193,-0.0044618915638594,-0.0001852057446948,-0.00254840368941,0.5065006744016618,predicted 2026,0.7870515055593977,0.5274541578299832,0.5450640106365076,Low turnout,Voter mobilisation,0.836857517561037,0.3850313493703178,0.07239593854130022,0.539908119015929,0.6149686506296822,0.38628573093460494,8060.0,50300.0,93.0,47.0,0.0,2160.0,0.0,0.04053630180433502,-0.12377499031304545,155
WC041,Kannaland,Western Cape,Local,22033.0,16362.0,0.7426299515869266,False,6015.0,3232.0,0.5372920112502922,2783.0,0.7104981662591687,13063.529950595332,9281.614074769712,0.7047166610111978,14735.0,10384.0,0.6087567784695722,14937.0,9093.0,0.6328007580106987,0.5742571723583111,0.6859789500401706,turnout last election,population density,False,still falling,0.4539796781951501,-0.0041530269351581,-7.536550443909508e-05,0.0009593098705252,0.0124264859424427,-0.0001852057446948,0.0130785081217825,0.6328007580106987,predicted 2026,0.7870515055593977,0.5274541578299832,0.5450640106365076,Low registration,Registration drive,0.6779376389960514,0.41269913311850404,0.2573700484130734,0.3912432215304278,0.587300866881496,0.46270798874970775,5671.0,5844.0,74.0,47.0,980.0,0.0,0.05809581737843943,0.0,-0.12399783995592649,156
FS163,Mohokare,Free State,Local,23388.0,19918.0,0.8516267270708885,False,6952.0,3900.0,0.5609950336125044,3052.0,0.5719912226410848,17766.80689596949,10162.457598853644,0.5548341719417843,18483.0,10255.0,0.5024105841462048,17838.0,8962.0,0.5521269724811271,0.4935833868287394,0.605305164510599,registration rate,turnout last election,False,still falling,0.5300268619804485,0.0205387950201956,-0.0008660684182726,0.0202454355793862,0.0168069744882851,-0.0001852057446948,-0.0088168163806452,0.5521269724811271,predicted 2026,0.7870515055593977,0.5274541578299832,0.5450640106365076,Healthy,Nothing urgent,0.762698819907645,0.3831879596374209,0.1483732729291115,0.49758941585379524,0.6168120403625791,0.43900496638749564,3470.0,8876.0,85.0,47.0,0.0,0.0,0.0,0.0,-0.12457071079992299,157
MP306,Dipaleseng,Mpumalanga,Local,24252.0,22879.0,0.9433995853440924,False,6508.0,3899.0,0.5990917995179138,2609.0,0.6166675193124265,19266.38106305555,11880.951416282376,0.6000560407229253,21413.0,12849.0,0.4595665457322895,20948.0,9627.0,0.4990083473740391,0.4404647617216514,0.552186539403511,registration rate,turnout last election,False,recovered after COVID,0.5107323156182448,0.0304864699238031,-0.0018092674418298,0.0194942946292063,0.0068672023059292,-0.0001852057446948,-0.0174049658213324,0.4990083473740391,predicted 2026,0.7870515055593977,0.5274541578299832,0.5450640106365076,Low turnout,Voter mobilisation,0.863763813293749,0.3969569520039584,0.056600414655907594,0.5404334542677105,0.6030430479960416,0.4009082004820862,1373.0,11321.0,94.0,47.0,0.0,650.0,0.0,0.05543913316999845,-0.12575710643301008,158
KZN285,Mthonjaneni,KwaZulu-Natal,Local,59469.0,49923.0,0.8394759123314094,False,19548.0,12208.0,0.6245053195355396,7340.0,0.6235686096354708,40235.69754519424,25089.7179759701,0.627148691710426,44562.0,27947.0,0.516318710359408,45408.0,23445.0,0.5618610902321466,0.503317504579759,0.6150392822616185,population density,turnout last election,False,still falling,0.5359395898759226,0.0173095588601805,-0.0008741060623538,0.0118412898199897,-0.003807865863913,-0.0001852057446948,0.019265435072862,0.5618610902321466,predicted 2026,0.7870515055593977,0.5274541578299832,0.5450640106365076,Healthy,Nothing urgent,0.7635574837310195,0.39423901528527466,0.1605240876685906,0.483681289640592,0.6057609847147254,0.37549468046446044,9546.0,21963.0,84.0,47.0,0.0,0.0,0.0,0.0,-0.12767678346789063,159
EC442,Umzimvubu,Eastern Cape,Local,125824.0,117229.0,0.9316878496829132,False,42175.0,28810.0,0.6831015945237789,13365.0,0.551483610208716,92037.74617071068,50757.30853369695,0.5414978876439254,103439.0,56012.0,0.470513300861746,106760.0,50232.0,0.5075583519479006,0.4490147662955129,0.5607365439773725,population density,turnout last election,False,still falling,0.4149884998487274,0.0279448149979719,-0.0016665827936263,0.0178217627806564,-0.0063146082554106,-0.0001852057446948,-0.00254840368941,0.5075583519479006,predicted 2026,0.7870515055593977,0.5274541578299832,0.5450640106365076,Low turnout,Voter mobilisation,0.8484867751780264,0.3992243133265514,0.06831215031708682,0.5294866991382541,0.6007756866734486,0.31689840547622106,8595.0,56528.0,93.0,47.0,0.0,2330.0,0.0,0.038450273472063645,-0.13025386816706702,160
KZN221,uMshwathi,KwaZulu-Natal,Local,75132.0,62169.0,0.8274689803340561,False,23924.0,13694.0,0.5723873578526462,10230.0,0.6692627170121386,50713.73939615525,33940.815018116395,0.6769329943057695,55846.0,37804.0,0.5278589278800465,56822.0,29994.0,0.573410540920336,0.5148669552679485,0.626588732949808,population density,neighbours' turnout,False,recovered after COVID,0.585758644867838,0.014630111813122,-0.0008064207938546,0.0154342370832754,-0.0047798181810885,-0.0001852057446948,0.019265435072862,0.573410540920336,predicted 2026,0.7870515055593977,0.5274541578299832,0.5450640106365076,Healthy,Nothing urgent,0.7562955864345419,0.3992173774157483,0.17253101966594386,0.4721410721199535,0.6007826225842516,0.42761264214735384,12963.0,26828.0,83.0,47.0,0.0,0.0,0.0,0.0,-0.13361790831670592,161
KZN261,eDumbe,KwaZulu-Natal,Local,57445.0,44588.0,0.7761872057593456,False,19889.0,12501.0,0.6285324181048895,7388.0,0.6221416620189627,31521.06722688633,19610.56915314652,0.6055320275277924,37780.0,22877.0,0.5754861695284279,40418.0,23260.0,0.61172612309584,0.5531825374434524,0.6649043151253119,population density,neighbours' turnout,False,still falling,0.5510251484210801,0.0035718564755538,-0.0003146392650176,0.0144283306032284,-0.0025190973651877,-0.0001852057446948,0.019265435072862,0.61172612309584,predicted 2026,0.7870515055593977,0.5274541578299832,0.5450640106365076,Low registration,Registration drive,0.7035947427974585,0.40490904343284884,0.22381279424065437,0.4245138304715721,0.5950909565671512,0.37146758189511053,12857.0,17158.0,78.0,47.0,620.0,0.0,0.013899956089878044,0.0,-0.13432275799199403,162
FS192,Dihlabeng,Free State,Local,86742.0,77560.0,0.8941419733722623,False,24110.0,14257.0,0.5913326910063401,9853.0,0.5930204680991339,63262.93123561917,37516.2130946702,0.5898598628677575,73214.0,43186.0,0.4960994771639603,72298.0,35867.0,0.5320975427701407,0.473553957117753,0.5852757347996126,registration rate,turnout last election,False,still falling,0.4955305264042151,0.0220041293552723,-0.0015265727529357,0.0212395857718011,0.0012896715667147,-0.0001852057446948,-0.0088168163806452,0.5320975427701407,predicted 2026,0.7870515055593977,0.5274541578299832,0.5450640106365076,Healthy,Nothing urgent,0.8334832030619539,0.41349058126397825,0.10585802662773769,0.5039005228360397,0.5865094187360218,0.4086673089936599,9182.0,36431.0,89.0,48.0,0.0,0.0,0.0,0.0,-0.13633574437607132,163
KZN265,Nongoma,KwaZulu-Natal,Local,127673.0,110178.0,0.8629693016189477,False,44438.0,28515.0,0.6416825413133967,15923.0,0.6456126152638806,81551.96546373225,52650.97770294985,0.5786273348093174,96207.0,55668.0,0.5127627704127903,98137.0,50321.0,0.5517666800975596,0.4932230944451719,0.6049448721270315,population density,turnout last election,False,still falling,0.4868868396588232,0.0181351891199605,-0.0009217295423277,0.0084763198278117,-0.0077593728395104,-0.0001852057446948,0.019265435072862,0.5517666800975596,predicted 2026,0.7870515055593977,0.5274541578299832,0.5450640106365076,Healthy,Nothing urgent,0.7686589960289176,0.39413971630650174,0.1370306983810523,0.4872372295872097,0.6058602836934983,0.35831745868660325,17495.0,47816.0,86.0,48.0,0.0,0.0,0.0,0.0,-0.13714874598614518,164
KZN235,Okhahlamba,KwaZulu-Natal,Local,86476.0,68726.0,0.7947432763573457,False,28149.0,16010.0,0.5687661223483431,12139.0,0.6298123827392119,53298.25771580769,33567.90268784143,0.5992984439420136,60152.0,36049.0,0.5556010079523513,61114.0,33955.0,0.5994079935154918,0.5408644078631042,0.6525861855449637,registration rate,neighbours' turnout,False,still falling,0.5963130857400483,0.008188861083137,-0.0003437765502841,0.0147873550541117,0.0001010428573405,-0.0001852057446948,0.019265435072862,0.5994079935154918,predicted 2026,0.7870515055593977,0.5274541578299832,0.5450640106365076,Healthy,Nothing urgent,0.7067163143531153,0.3926522965909617,0.20525672364265435,0.44439899204764866,0.6073477034090383,0.4312338776516569,17750.0,27159.0,79.0,48.0,0.0,0.0,0.0,0.0,-0.137605981638262,165
KZN436,Dr. Nkosazana Dlamini Zuma,KwaZulu-Natal,Local,77632.0,61926.0,0.7976818853675042,False,25157.0,14260.0,0.5668357688829115,10897.0,0.6371999456408861,45016.90351396991,28684.768472022643,0.6556280846998885,56529.0,37062.0,0.5557241523650063,57336.0,31863.0,0.5980662778080554,0.5395226921556678,0.6512444698375274,registration rate,neighbours' turnout,False,still falling,0.5730933704447561,0.0081602689935806,-0.0006408593872855,0.0135646932264226,0.0001845194914961,-0.0001852057446948,0.019265435072862,0.5980662778080554,predicted 2026,0.7870515055593977,0.5274541578299832,0.5450640106365076,Healthy,Nothing urgent,0.7385614179719703,0.41043641797197034,0.20231811463249583,0.4442758476349937,0.5895635820280296,0.43316423111708846,15706.0,25473.0,80.0,48.0,0.0,0.0,0.0,0.0,-0.13905580964592856,166
KZN226,Mkhambathini,KwaZulu-Natal,Local,40493.0,44579.0,1.1009159504170751,True,12175.0,9530.0,0.7827386558560555,2645.0,0.6614670640397337,29553.16634427982,19548.44617482864,0.6378935394292214,29889.0,19066.0,0.4018826241475363,31233.0,12552.0,0.4782773474135167,0.419733761761129,0.5314555394429886,population density,turnout last election,True,recovered after COVID,0.6400496388470079,0.0438797194944119,-0.0009466158739331,0.0177973928490337,-0.0054092763223672,-0.0001852057446948,0.019265435072862,0.4782773474135167,predicted 2026,0.7870515055593977,0.5274541578299832,0.5450640106365076,Low turnout,Voter mobilisation,0.7713184994937397,0.3099795026300842,0.0,0.5981173758524637,0.6900204973699158,0.2172613441439445,0.0,18681.0,100.0,48.0,0.0,2190.0,0.0,0.09787116804543838,-0.1415904192231464,167
EC121,Mbhashe,Eastern Cape,Local,141303.0,133631.0,0.9457057751539091,False,43209.0,24993.0,0.5784252119012722,18216.0,0.5798423623689678,123694.4178281498,71723.26344532854,0.5352021613134136,129921.0,69534.0,0.4621139725400831,122433.0,56578.0,0.5108422438748399,0.4522986582224522,0.5640204359043118,population density,turnout last election,False,still falling,0.4596515563811557,0.0298949996828364,-0.0018342878064462,0.0263769436971243,-0.0049690485953207,-0.0001852057446948,-0.00254840368941,0.5108422438748399,predicted 2026,0.7870515055593977,0.5274541578299832,0.5450640106365076,Low turnout,Voter mobilisation,0.8664571877454831,0.4004019730649738,0.05429422484609092,0.5378860274599169,0.5995980269350262,0.42157478809872784,7672.0,65855.0,95.0,48.0,0.0,2220.0,0.0,0.03200113484782583,-0.15163667419190113,168
LIM332,Greater Letaba,Limpopo,Local,150413.0,135703.0,0.902200783614258,False,44994.0,31111.0,0.6914548667548333,13883.0,0.5407206202833753,101793.74044169443,55041.974472597925,0.5167112239295005,111093.0,57403.0,0.5073708289459351,110164.0,55894.0,0.5363530398696267,0.477809454217239,0.5895312318990986,population density,neighbours' turnout,False,still falling,0.4620537326320931,0.0193871084720386,-0.0005834882129649,0.0222252342783728,-0.0098918025761584,-0.0001852057446948,-0.0039629090835696,0.5363530398696267,predicted 2026,0.7870515055593977,0.5274541578299832,0.5450640106365076,Healthy,Nothing urgent,0.7324100975314634,0.3716035183129118,0.09779921638574196,0.4926291710540649,0.6283964816870882,0.30854513324516675,14710.0,54270.0,90.0,48.0,0.0,0.0,0.0,0.0,-0.15327404555865254,169
KZN262,uPhongolo,KwaZulu-Natal,Local,87933.0,73333.0,0.8339664321869973,False,32873.0,19860.0,0.6041511111856898,13013.0,0.6158315318097591,45580.07170999594,28069.645381165465,0.5893727873889519,59884.0,35294.0,0.543383558435475,64045.0,34801.0,0.5803299163430876,0.5217863306907,0.6335081083725596,population density,turnout last election,False,still falling,0.5167964325197711,0.0110255501639135,-0.0005455271719084,0.0080087422645041,-0.0026159104677318,-0.0001852057446948,0.019265435072862,0.5803299163430876,predicted 2026,0.7870515055593977,0.5274541578299832,0.5450640106365076,Healthy,Nothing urgent,0.7283386214504225,0.395767231869719,0.1660335678130027,0.45661644156452497,0.604232768130281,0.39584888881431024,14600.0,29244.0,83.0,48.0,0.0,0.0,0.0,0.0,-0.15343426677697114,170
KZN433,Greater Kokstad,KwaZulu-Natal,Local,53474.0,48750.0,0.9116636312668387,False,18595.0,12915.0,0.6945345510750981,5680.0,0.5528779614100789,36847.482861778735,20372.16120771305,0.5400886907443857,42169.0,22775.0,0.4712869927445011,43691.0,20591.0,0.5325443581370435,0.4740007724846558,0.5857225501665154,registration rate,turnout last election,False,still falling,0.4921610637939551,0.0277651765789495,-0.0013733287124949,0.0129956007136877,0.0007964136935648,-0.0001852057446948,0.019265435072862,0.5325443581370435,predicted 2026,0.7870515055593977,0.5274541578299832,0.5450640106365076,Healthy,Nothing urgent,0.8170512772562367,0.3850656393761454,0.08833636873316131,0.5287130072554989,0.6149343606238546,0.3054654489249019,4724.0,23100.0,91.0,49.0,0.0,0.0,0.0,0.0,-0.1565816437565758,171
NC085,Tsantsabane,Northern Cape,Local,27279.0,23407.0,0.8580571099195912,False,8494.0,5026.0,0.5917158755281342,3468.0,0.6321369812930351,16372.345048741903,10349.564775799678,0.6393319773043571,18682.0,11944.0,0.5000545375218151,18336.0,9169.0,0.5659382695590925,0.507394683906705,0.6191164615885645,metro,population density,False,recovered after COVID,0.5794369991963366,0.0210858299577228,-2.134775439220517e-05,0.0097033497806008,0.021424436615622,-0.0001852057446948,0.0118833953917507,0.5659382695590925,predicted 2026,0.7870515055593977,0.5274541578299832,0.5450640106365076,Healthy,Nothing urgent,0.6721654019575498,0.33611935921404745,0.14194289008040883,0.49994546247818494,0.6638806407859525,0.4082841244718658,3872.0,9167.0,86.0,49.0,0.0,0.0,0.0,0.0,-0.15680001812303745,172
LIM361,Thabazimbi,Limpopo,Local,47138.0,54561.0,1.1574704434272325,True,12821.0,11075.0,0.8638071218889232,1746.0,0.4839530282395868,38916.4364131477,18833.727250436157,0.5069786989316286,45209.0,22920.0,0.4147040798459114,45688.0,18947.0,0.4856148136108519,0.4270712279584642,0.5387930056403238,registration rate,turnout last election,False,still falling,0.387640626642006,0.0409027901992263,-0.0027933084841743,0.0217892900810037,0.0131668030064812,-0.0001852057446948,-0.0039629090835696,0.4856148136108519,predicted 2026,0.7870515055593977,0.5274541578299832,0.5450640106365076,Low turnout,Voter mobilisation,0.9692392549535407,0.4019474733760448,0.0,0.5852959201540886,0.5980525266239551,0.13619287811107683,0.0,26741.0,100.0,49.0,0.0,2280.0,0.0,0.08264621191768307,-0.15681537535090173,173
EC123,Great Kei,Eastern Cape,Local,25041.0,20806.0,0.8308775417765868,False,5140.0,4049.0,0.7878195426169693,1091.0,0.6105060557694113,20855.80004355878,12732.592224508586,0.6163980774667798,17685.0,10901.0,0.5511011987733482,17935.0,9884.0,0.5853964237180569,0.5268528380656693,0.6385746157475288,registration rate,neighbours' turnout,False,still falling,0.5408193303185264,0.0092336421191482,-0.0004324853152093,0.023024940606964,0.0032094631772426,-0.0001852057446948,-0.00254840368941,0.5853964237180569,predicted 2026,0.7870515055593977,0.5274541578299832,0.5450640106365076,Healthy,Nothing urgent,0.7162253903598099,0.3947126712192005,0.1691224582234132,0.4488988012266518,0.6052873287807995,0.2121804573830307,4235.0,8051.0,83.0,49.0,0.0,0.0,0.0,0.0,-0.158416037927678,174
KZN224,iMpendle,KwaZulu-Natal,Local,22766.0,18595.0,0.8167871230086662,False,7472.0,4491.0,0.6010234837098567,2981.0,0.6212164054880552,18532.88163621923,11512.930113387698,0.6863943579194828,17015.0,11679.0,0.5606682467194636,17299.0,9699.0,0.601186454259926,0.5426428686075384,0.6543646462893979,registration rate,neighbours' turnout,False,recovered after COVID,0.6243178757631302,0.0070123323108675,-0.0008396365706927,0.009736633309493,0.0035353753719593,-0.0001852057446948,0.019265435072862,0.601186454259926,predicted 2026,0.7870515055593977,0.5274541578299832,0.5450640106365076,Healthy,Nothing urgent,0.759861196521128,0.4260300448036546,0.18321287699133382,0.4393317532805364,0.5739699551963454,0.3989765162901433,4171.0,7600.0,82.0,49.0,0.0,0.0,0.0,0.0,-0.1679279793098318,175
KZN276,Big Five Hlabisa,KwaZulu-Natal,Local,77103.0,63317.0,0.8211955446511707,False,25327.0,16551.0,0.6534895745636365,8776.0,0.6464230093920398,40793.33564598006,26369.750791414,0.637356615766786,54748.0,34894.0,0.5661424606845513,56212.0,31824.0,0.5996250872926838,0.5410815016402962,0.6528032793221558,registration rate,neighbours' turnout,False,still falling,0.5595520544103489,0.005741310649665,-0.0005521175354137,0.0072787047483232,-5.87743732772064e-05,-0.0001852057446948,0.019265435072862,0.5996250872926838,predicted 2026,0.7870515055593977,0.5274541578299832,0.5450640106365076,Healthy,Nothing urgent,0.7290507502950598,0.41274658573596357,0.17880445534882927,0.4338575393154487,0.5872534142640364,0.34651042543636346,13786.0,24388.0,82.0,49.0,0.0,0.0,0.0,0.0,-0.17071021641882714,176
FS182,Tokologo,Free State,Local,18499.0,15299.0,0.8270241922330549,False,5822.0,3157.0,0.5422647762437005,2665.0,0.5704151551793631,12392.530546873504,7068.887234959848,0.626843979361965,13761.0,8626.0,0.5600852064051711,13614.0,7625.0,0.596785661386522,0.5382420757341344,0.6499638534159939,registration rate,population density,False,still falling,0.5317791702322489,0.0071477045987514,-0.0006164156004619,0.0180290776728919,0.0191488366448414,-0.0001852057446948,-0.0088168163806452,0.596785661386522,predicted 2026,0.7870515055593977,0.5274541578299832,0.5450640106365076,Healthy,Nothing urgent,0.7359316719822693,0.412184442402292,0.1729758077669451,0.4399147935948289,0.587815557597708,0.4577352237562995,3200.0,5989.0,83.0,49.0,0.0,0.0,0.0,0.0,-0.17303632167272662,177
WC033,Cape Agulhas,Western Cape,Local,28376.0,23185.0,0.8170609975524586,False,6748.0,3690.0,0.5468384210970996,3058.0,0.7157441016333939,17607.950843185376,12602.786957860675,0.672824427480916,19650.0,13221.0,0.5695933500212534,21173.0,12060.0,0.6059148946433583,0.5473713089909708,0.6590930866728303,registration rate,neighbours' turnout,False,still falling,0.5555537079104275,0.0049400713986356,-0.0007117661053858,0.0093155996325101,0.0078910635285891,-0.0001852057446948,0.0130785081217825,0.6059148946433583,predicted 2026,0.7870515055593977,0.5274541578299832,0.5450640106365076,Healthy,Nothing urgent,0.7461587256836764,0.4250070482097547,0.18293900244754135,0.43040664997874656,0.5749929517902452,0.45316157890290043,5191.0,9113.0,82.0,50.0,0.0,0.0,0.0,0.0,-0.17609764210508255,178
KZN294,Maphumulo,KwaZulu-Natal,Local,64329.0,55754.0,0.8667058092751813,False,20788.0,13319.0,0.6407065588799895,7469.0,0.6370778420844664,43022.820787441975,27408.885827650254,0.6242518602394047,49456.0,30873.0,0.5471407419264477,49978.0,27345.0,0.5759420671556961,0.5173984815033085,0.629120259185168,population density,turnout last election,False,still falling,0.5636198811199431,0.0101531944919221,-0.0009987908575811,0.0079196226738246,-0.0093462041977523,-0.0001852057446948,0.019265435072862,0.5759420671556961,predicted 2026,0.7870515055593977,0.5274541578299832,0.5450640106365076,Healthy,Nothing urgent,0.7769124345163145,0.42508044583313903,0.13329419072481874,0.4528592580735523,0.574919554166861,0.3592934411200105,8575.0,22633.0,87.0,50.0,0.0,0.0,0.0,0.0,-0.1843510279531258,179
WC012,Cederberg,Western Cape,Local,35356.0,29712.0,0.8403561367755651,False,10834.0,5732.0,0.529065945396219,5102.0,0.6197169721720961,21057.999506835626,13049.999694377664,0.6211543861056515,24931.0,15486.0,0.5489004309868494,27147.0,14901.0,0.5949238275023232,0.5363802418499356,0.6481020195317951,registration rate,population density,False,still falling,0.4981301955166894,0.0097446238867145,-0.000913808346376,0.0095133399865313,0.0127926648208482,-0.0001852057446948,0.0130785081217825,0.5949238275023232,predicted 2026,0.7870515055593977,0.5274541578299832,0.5450640106365076,Healthy,Nothing urgent,0.7678187577780292,0.4214560470641475,0.1596438632244349,0.4510995690131506,0.5785439529358525,0.470934054603781,5644.0,12246.0,84.0,50.0,0.0,0.0,0.0,0.0,-0.18590350198444094,180
EC444,Ntabankulu,Eastern Cape,Local,80701.0,77779.0,0.9637900327781597,False,30348.0,22024.0,0.7257183603550322,8324.0,0.5393222826268219,59947.213933276296,32330.868255612997,0.537786301198996,64137.0,34492.0,0.4817657491169764,67099.0,32326.0,0.519063349476255,0.4605197638238673,0.5722415415057269,population density,turnout last election,False,still falling,0.4240036337144911,0.0253321832000239,-0.0015076346377941,0.0219426896386795,-0.0077293021981939,-0.0001852057446948,-0.00254840368941,0.519063349476255,predicted 2026,0.7870515055593977,0.5274541578299832,0.5450640106365076,Low turnout,Voter mobilisation,0.8314519027025687,0.4005650487602384,0.03620996722184033,0.5182342508830236,0.5994349512397616,0.27428163964496777,2922.0,34773.0,96.0,50.0,0.0,650.0,0.0,0.016036020621105394,-0.18654375023079947,181
KZN222,uMngeni,KwaZulu-Natal,Local,73726.0,61574.0,0.8351768723288269,False,18564.0,10446.0,0.5626905926342046,8118.0,0.6733360099928622,42953.88546142272,28922.39785028479,0.6796796214413157,51564.0,35047.0,0.57081553002978,54063.0,30860.0,0.6017994264704386,0.543255840818051,0.6549776184999105,population density,neighbours' turnout,False,still falling,0.5811771998298441,0.0046563014775779,-0.0005917984775104,0.0121855694670256,-0.0063396791452697,-0.0001852057446948,0.019265435072862,0.6017994264704386,predicted 2026,0.7870515055593977,0.5274541578299832,0.5450640106365076,Healthy,Nothing urgent,0.7332962591216124,0.41857689281935817,0.16482312767117313,0.42918446997022,0.5814231071806418,0.4373094073657954,12152.0,23203.0,84.0,50.0,0.0,0.0,0.0,0.0,-0.19121208804011275,182
LIM362,Lephalale,Limpopo,Local,80801.0,76841.0,0.950995508780499,False,27085.0,17844.0,0.6588238985099569,9241.0,0.5231155428491736,42513.59600850185,22239.522854457908,0.4979326740860696,58046.0,28903.0,0.4653722885410377,64587.0,30057.0,0.5286643871057701,0.4701208014533825,0.5818425791352421,registration rate,turnout last election,False,still falling,0.404916468613451,0.0291384727654254,-0.0012080024563442,0.0270655434499693,0.0104509258432783,-0.0001852057446948,-0.0039629090835696,0.5286643871057701,predicted 2026,0.7870515055593977,0.5274541578299832,0.5450640106365076,Healthy,Nothing urgent,0.7993341666563533,0.3719879704459103,0.04900449121950101,0.5346277114589624,0.6280120295540896,0.34117610149004307,3960.0,34530.0,95.0,50.0,0.0,0.0,0.0,0.0,-0.19150749281783994,183
FS204,Metsimaholo,Free State,Local,107488.0,109148.0,1.0154432017194142,False,29389.0,20806.0,0.7079462390168515,8583.0,0.5578809112518981,103491.38949903504,57735.8706804468,0.5737433322874176,79675.0,45713.0,0.4604504847687978,81379.0,37471.0,0.50304915767625,0.4445055720238623,0.556227349705722,registration rate,turnout last election,False,recovered after COVID,0.5107437522810377,0.0302812339447658,-0.0008138643998429,0.0196871665900968,0.0004528851071045,-0.0001852057446948,-0.0088168163806452,0.50304915767625,predicted 2026,0.7870515055593977,0.5274541578299832,0.5450640106365076,Low turnout,Voter mobilisation,0.7570984668055969,0.3486063560583507,0.0,0.5395495152312022,0.6513936439416492,0.2920537609831485,0.0,43908.0,100.0,50.0,0.0,2660.0,0.0,0.0473740626828875,-0.1920875245856973,184
GT422,Midvaal,Gauteng,Local,74807.0,66271.0,0.885895052292775,False,18590.0,10144.0,0.5456651520353109,8446.0,0.6812410083192594,47951.15203181677,32666.29116022496,0.6565717195969297,54978.0,36097.0,0.5400536801899453,58122.0,31389.0,0.5735975945417485,0.5150540088893609,0.6267757865712205,population density,neighbours' turnout,False,still falling,0.55536063094088,0.0117986926472413,-0.0009992040496269,0.0222299861915032,-0.0053880078862412,-0.0001852057446948,0.0040943794029535,0.5735975945417485,predicted 2026,0.7870515055593977,0.5274541578299832,0.5450640106365076,Healthy,Nothing urgent,0.7769593754595158,0.419599770074993,0.11410494770722501,0.45994631981005474,0.5804002299250071,0.45433484796468915,8536.0,26733.0,89.0,51.0,0.0,0.0,0.0,0.0,-0.2021709394131453,185
EC137,Dr. A.B. Xuma,Eastern Cape,Local,78202.0,77855.0,0.9955572061020036,False,21657.0,13253.0,0.6119404694972967,8404.0,0.5454990285673167,69413.24017564995,37864.85508552688,0.5176068794731543,73494.0,38041.0,0.4672938367747161,70369.0,32883.0,0.5120908058163943,0.4535472201640066,0.5652689978458663,population density,turnout last election,False,still falling,0.4340226826935631,0.0286923211455532,-0.0021456948899834,0.0217714463614903,-0.002780767931945,-0.0001852057446948,-0.00254840368941,0.5120908058163943,predicted 2026,0.7870515055593977,0.5274541578299832,0.5450640106365076,Low turnout,Voter mobilisation,0.8998363213217053,0.420487967059666,0.0044427938979964,0.5327061632252839,0.579512032940334,0.38805953050270325,347.0,37486.0,100.0,51.0,0.0,1200.0,0.0,0.029559992561994708,-0.20544890227079435,186
LIM335,Maruleng,Limpopo,Local,75645.0,64495.0,0.8526006958633853,False,21883.0,15298.0,0.6990780934103102,6585.0,0.5600814038100722,66031.66139791657,36983.10561165647,0.5623489102503093,52535.0,29543.0,0.5839193965674306,54886.0,32049.0,0.6093180228499504,0.5507744371975628,0.6624962148794223,registration rate,neighbours' turnout,False,still falling,0.4808229571079472,0.0016138010709292,-0.0005197072270261,0.0260911380324935,0.0003682354437197,-0.0001852057446948,-0.0039629090835696,0.6093180228499504,predicted 2026,0.7870515055593977,0.5274541578299832,0.5450640106365076,Healthy,Nothing urgent,0.7255734020754842,0.4236763831052945,0.14739930413661473,0.41608060343256936,0.5763236168947055,0.30092190658968976,11150.0,22837.0,85.0,52.0,0.0,0.0,0.0,0.0,-0.22427600821387267,187
NC072,Umsobomvu,Northern Cape,Local,22217.0,17467.0,0.7861892552343815,False,7057.0,4576.0,0.6484062008014342,2481.0,0.6995126845349003,13941.270132105976,9752.095295935676,0.6754588715159755,14710.0,9936.0,0.6410514992604545,14874.0,9535.0,0.666052796408062,0.6075092107556744,0.719230988437534,turnout last election,population density,False,still falling,0.6210616115814271,-0.0116513253081269,3.708452014870524e-06,0.0077538903252635,0.0152035602407321,-0.0001852057446948,0.0118833953917507,0.666052796408062,predicted 2026,0.7870515055593977,0.5274541578299832,0.5450640106365076,Low registration,Registration drive,0.6694873295224377,0.42917585632623667,0.21381074476561845,0.35894850073954554,0.5708241436737633,0.3515937991985658,4750.0,5339.0,79.0,52.0,20.0,0.0,0.0010961455269141334,0.0,-0.23221083877135615,188
EC135,Intsika Yethu,Eastern Cape,Local,78674.0,79323.0,1.008244949148876,False,18934.0,13599.0,0.7182145462197341,5335.0,0.5957041917118084,71399.39790763405,42532.92061927693,0.5791911519412867,77938.0,45141.0,0.4906788463074915,75098.0,36849.0,0.5274191509223413,0.4688755652699536,0.5805973429518132,registration rate,turnout last election,False,still falling,0.4806447571435138,0.0232627099076392,-0.002656201067843,0.0187555293945857,-0.0018813979760952,-0.0001852057446948,-0.00254840368941,0.5274191509223413,predicted 2026,0.7870515055593977,0.5274541578299832,0.5450640106365076,Low turnout,Voter mobilisation,0.9545466100617739,0.4683758293718382,0.0,0.5093211536925085,0.5316241706281618,0.28178545378026587,0.0,38249.0,100.0,53.0,0.0,0.0,0.0,6.637177633432078e-05,-0.23939521549225048,189
KZN244,uMsinga,KwaZulu-Natal,Local,111868.0,98107.0,0.8769867010644583,False,40467.0,27398.0,0.6770430561125881,13069.0,0.6820440406570131,71265.16742817618,48605.98275081184,0.6733436416455815,85368.0,57482.0,0.5751797182575168,86107.0,49527.0,0.6019663840869747,0.5434227984345871,0.6551445761164466,population density,neighbours' turnout,False,still falling,0.5669402186535013,0.0036430093763931,-0.0009316160038196,0.009035910169121,-0.0060341408310719,-0.0001852057446948,0.019265435072862,0.6019663840869747,predicted 2026,0.7870515055593977,0.5274541578299832,0.5450640106365076,Healthy,Nothing urgent,0.7697196696106126,0.442727142703901,0.12301329893554169,0.4248202817424832,0.557272857296099,0.3229569438874119,13761.0,36580.0,88.0,53.0,0.0,0.0,0.0,0.0,-0.24033778279754353,190
EC108,Kouga,Eastern Cape,Local,76132.0,68393.0,0.8983465052771498,False,17276.0,10809.0,0.6256493116059966,6467.0,0.6826674443472343,51423.8222398978,35105.3693070775,0.6606930948490842,58145.0,38416.0,0.5692729313874397,60572.0,34482.0,0.5909059334308989,0.5323623477785113,0.6440841254603709,population density,neighbours' turnout,False,still falling,0.5427278861953072,0.0050144672894114,-0.0011732817250234,0.0205718800743706,-0.0020397279518625,-0.0001852057446948,-0.00254840368941,0.5909059334308989,predicted 2026,0.7870515055593977,0.5274541578299832,0.5450640106365076,Healthy,Nothing urgent,0.7956181369200862,0.4529238690695109,0.10165349472285024,0.43072706861256027,0.5470761309304891,0.37435068839400343,7739.0,26090.0,90.0,53.0,0.0,0.0,0.0,0.0,-0.24585704816047765,191
NC077,Siyathemba,Northern Cape,Local,16433.0,13712.0,0.8344217354214419,False,4884.0,3102.0,0.6350848983452154,1782.0,0.7106845922519017,11288.634803302615,8022.658822265746,0.6516065086313703,12107.0,7889.0,0.6044716101013351,12434.0,7516.0,0.6363721963363349,0.5778286106839473,0.6895503883658068,turnout last election,population density,False,still falling,0.5384767933306583,-0.0031580819343479,-0.0008096927035401,-0.0015431573835856,0.0237200548187496,-0.0001852057446948,0.0118833953917507,0.6363721963363349,predicted 2026,0.7870515055593977,0.5274541578299832,0.5450640106365076,Healthy,Nothing urgent,0.7566482078743991,0.45737236049412766,0.16557826457855807,0.3955283898986649,0.5426276395058723,0.3649151016547846,2721.0,4918.0,83.0,53.0,0.0,0.0,0.0,0.0,-0.24616691034472918,192
KZN271,uMhlabuyalingana,KwaZulu-Natal,Local,115929.0,103480.0,0.8926134528716879,False,39371.0,28615.0,0.7268080483874026,10756.0,0.6279657517097113,69150.64748517604,43424.23832924183,0.6381087672541674,79546.0,50759.0,0.5772026547740282,85431.0,49311.0,0.6014832001972766,0.542939614544889,0.6546613922267486,registration rate,turnout last election,False,still falling,0.5910957113243539,0.003173317079358,-0.0006256176156773,0.0010932589360585,-0.000433916095326,-0.0001852057446948,0.019265435072862,0.6014832001972766,predicted 2026,0.7870515055593977,0.5274541578299832,0.5450640106365076,Healthy,Nothing urgent,0.7369251869678856,0.4253551742877106,0.10738654712831208,0.4227973452259718,0.5746448257122894,0.27319195161259735,12449.0,36120.0,89.0,54.0,0.0,0.0,0.0,0.0,-0.25719658011695096,193
EC154,Port St Johns,Eastern Cape,Local,97450.0,96887.0,0.9942244545319365,False,36945.0,29506.0,0.7986468465157308,7439.0,0.5713991678795631,68018.9989166401,38865.99938096906,0.5613903278105105,75867.0,42591.0,0.513665932221173,76248.0,39166.0,0.5446593450460312,0.4861157593936435,0.5978375370755031,population density,neighbours' turnout,False,still falling,0.4575287291416056,0.0179254899322148,-0.0010502653022092,0.0246427125285654,-0.0097841886902758,-0.0001852057446948,-0.00254840368941,0.5446593450460312,predicted 2026,0.7870515055593977,0.5274541578299832,0.5450640106365076,Healthy,Nothing urgent,0.7824320164186762,0.40190867111339146,0.00577554546806347,0.48633406777882704,0.5980913288866085,0.2013531534842692,563.0,37082.0,99.0,54.0,0.0,0.0,0.0,0.0,-0.265767886127637,194
EC109,Kou-Kamma,Eastern Cape,Local,23951.0,23958.0,1.0002921613257953,False,6601.0,5093.0,0.7715451930729166,1508.0,0.6174175143979762,18574.91187521346,11468.475920155746,0.5930044579434673,20413.0,12105.0,0.5130055703560185,20645.0,10591.0,0.5458344030550433,0.4872908174026556,0.5990125950845152,registration rate,turnout last election,False,still falling,0.5117666675022878,0.0180788150013839,-0.0017923966630941,0.0076601000305544,0.0096226499736174,-0.0001852057446948,-0.00254840368941,0.5458344030550433,predicted 2026,0.7870515055593977,0.5274541578299832,0.5450640106365076,Healthy,Nothing urgent,0.8619681850444658,0.44219448039747816,0.0,0.48699442964398154,0.5578055196025218,0.22845480692708342,0.0,10054.0,100.0,55.0,0.0,0.0,0.0,0.0,-0.27371526891737125,195
KZN213,uMzumbe,KwaZulu-Natal,Local,85134.0,84595.0,0.9936650757395702,False,25139.0,19317.0,0.7684113918099,5822.0,0.6095254585652619,70259.74341045064,42825.10232093256,0.5762204865327828,78227.0,45076.0,0.5099079602638646,76706.0,39113.0,0.5506516661040799,0.4921080804516922,0.6038298581335518,population density,turnout last election,False,still falling,0.5316452870206271,0.0187980286730081,-0.0021565976356281,0.0123026094580501,-0.0092738377740501,-0.0001852057446948,0.019265435072862,0.5506516661040799,predicted 2026,0.7870515055593977,0.5274541578299832,0.5450640106365076,Healthy,Nothing urgent,0.9010031244861043,0.4594286653980783,0.006334924260429808,0.49009203973613535,0.5405713346019216,0.23158860819009996,539.0,37593.0,99.0,55.0,0.0,0.0,0.0,0.0,-0.2761469795525381,196
WC047,Bitou,Western Cape,Local,42422.0,35934.0,0.8470633164790847,False,10671.0,6954.0,0.6516935550162559,3717.0,0.7055055055055056,24974.99972222725,17619.999804029798,0.6813794093372089,27867.0,18988.0,0.6442665975439847,30863.0,19884.0,0.6509749132626749,0.5924313276102873,0.7041531052921468,turnout last election,neighbours' turnout,False,still falling,0.5475233595147764,-0.0123978177885677,-0.0005379278126195,0.0100247905442618,-0.00526730539214,-0.0001852057446948,0.0130785081217825,0.6509749132626749,predicted 2026,0.7870515055593977,0.5274541578299832,0.5450640106365076,Healthy,Nothing urgent,0.7275234548111829,0.4687190608646457,0.15293668352091527,0.35573340245601526,0.5312809391353543,0.3483064449837441,6488.0,10979.0,85.0,55.0,0.0,0.0,0.0,0.0,-0.2838909027420986,197
KZN227,Richmond,KwaZulu-Natal,Local,38561.0,38489.0,0.9981261848499574,False,12425.0,8674.0,0.6981016519238518,3751.0,0.6148023064860424,28624.64300147667,17598.496539647407,0.5986009637805068,32165.0,19254.0,0.5028253792764572,32562.0,16373.0,0.5564563806436794,0.4979127949912917,0.6096345726731514,population density,turnout last election,False,recovered after COVID,0.5637946302245413,0.0204424864727266,-0.0016286819411847,0.0164105690737178,-0.0026668753568726,-0.0001852057446948,0.019265435072862,0.5564563806436794,predicted 2026,0.7870515055593977,0.5274541578299832,0.5450640106365076,Healthy,Nothing urgent,0.8444283083944918,0.42459998444023755,0.0018738151500425904,0.4971746207235428,0.5754000155597625,0.30189834807614824,72.0,16189.0,100.0,56.0,0.0,0.0,0.0,0.0,-0.2911128433955874,198
WC052,Prince Albert,Western Cape,Local,11269.0,8734.0,0.7750548541556487,False,3403.0,2283.0,0.6708148347710864,1120.0,0.8044471519951264,6565.999865107251,5281.9998914859125,0.7553479555916599,7386.0,5579.0,0.7019695280564846,8073.0,5667.0,0.7195067932748929,0.6609632076225053,0.7726849853043648,turnout last election,population density,False,still falling,0.6814547487771404,-0.0257954809168263,-0.0004340920168494,0.006850306394399,0.0220299555899291,-0.0001852057446948,0.0130785081217825,0.7195067932748929,predicted 2026,0.7870515055593977,0.5274541578299832,0.5450640106365076,Low registration,Registration drive,0.7163900967255302,0.5028840181027597,0.22494514584435132,0.2980304719435154,0.49711598189724027,0.3291851652289136,2535.0,2406.0,78.0,56.0,140.0,0.0,0.01535988530928411,0.0,-0.2951441256482034,199
NC453,Gamagara,Northern Cape,Local,28474.0,35024.0,1.230015066493694,True,8695.0,8080.0,0.9292914220017904,615.0,0.5461524833166007,16918.269656058514,9239.954986076247,0.5737809898453938,21862.0,12544.0,0.5054246812189324,23135.0,11693.0,0.561109518253236,0.5025659326008484,0.6142877102827079,registration rate,turnout last election,False,still falling,0.5016015708301558,0.0198389716861359,-0.0013306538246616,0.0177788142246247,0.0057062415104807,-0.0001852057446948,0.0118833953917507,0.561109518253236,predicted 2026,0.7870515055593977,0.5274541578299832,0.5450640106365076,Healthy,Nothing urgent,0.812495610030203,0.41065533469129734,0.0,0.49457531878106764,0.5893446653087027,0.07070857799820962,0.0,11442.0,100.0,56.0,0.0,0.0,0.0,0.0,-0.30131573645504306,200
KZN275,Inkosi uMtubatuba,KwaZulu-Natal,Local,127900.0,121171.0,0.9473911547971621,False,42066.0,35845.0,0.8521187067196914,6221.0,0.5968487194515246,73366.96927084698,43788.981659344376,0.6216296655570008,90718.0,56393.0,0.5736476318707429,101008.0,57943.0,0.5957498813801563,0.5372062957277687,0.6489280734096282,population density,neighbours' turnout,False,still falling,0.5194938766840008,0.0039987344168907,-0.0011184809524544,0.0067359665682621,-0.0085874736421202,-0.0001852057446948,0.019265435072862,0.5957498813801563,predicted 2026,0.7870515055593977,0.5274541578299832,0.5450640106365076,Healthy,Nothing urgent,0.7897419859265051,0.45303362001563724,0.05260884520283793,0.42635236812925714,0.5469663799843627,0.14788129328030863,6729.0,43065.0,95.0,56.0,0.0,0.0,0.0,0.0,-0.30717732232336925,201
NC082,Kai !Garib,Northern Cape,Local,38861.0,34981.0,0.9001663930835874,False,11403.0,7281.0,0.6385173125357841,4122.0,0.6302578755108684,27474.615595026567,17316.09285539922,0.6262851322532387,31417.0,19676.0,0.6126888413408546,30846.0,18899.0,0.6391178788184365,0.5805742931660489,0.6922960708479085,turnout last election,population density,False,still falling,0.4889434096549284,-0.0050659866978718,-0.0011559564449017,-0.0025203411256309,0.0214798583082625,-0.0001852057446948,0.0118833953917507,0.6391178788184365,predicted 2026,0.7870515055593977,0.5274541578299832,0.5450640106365076,Healthy,Nothing urgent,0.7937520907851059,0.4863230488150073,0.09983360691641263,0.38731115865914545,0.5136769511849927,0.36148268746421586,3880.0,11947.0,90.0,58.0,0.0,0.0,0.0,0.0,-0.3263128899988166,202
NC062,Nama Khoi,Northern Cape,Local,28107.0,31122.0,1.1072493302504498,True,7997.0,5747.0,0.7186761282888113,2250.0,0.6711168164313221,27263.275555759923,18296.842696471485,0.5799937868903386,28971.0,16803.0,0.5439598238855256,29072.0,15814.0,0.5809964217548548,0.5224528361024672,0.6341746137843267,neighbours' turnout,population density,False,still falling,0.5171036568405265,0.0108917508871063,-0.0034005512849319,-0.0052015887070422,0.0210555235364732,-0.0001852057446948,0.0118833953917507,0.5809964217548548,predicted 2026,0.7870515055593977,0.5274541578299832,0.5450640106365076,Healthy,Nothing urgent,1.0343330842850536,0.5626356423666702,0.0,0.45604017611447445,0.4373643576333298,0.28132387171118867,0.0,13258.0,100.0,58.0,0.0,0.0,0.0,0.0,-0.33614422834582824,203
KZN286,Nkandla,KwaZulu-Natal,Local,61085.0,66462.0,1.0880215623227654,True,18723.0,18011.0,0.9619912018478369,712.0,0.6121603509199465,49241.97683276786,30143.985817939047,0.6587010016289467,57706.0,38011.0,0.5586175777528953,59837.0,33426.0,0.5900725083708288,0.5315289227184412,0.6432507004003007,population density,neighbours' turnout,False,still falling,0.5680263735456028,0.0074884636227028,-0.0028896970076705,0.0090441423175534,-0.0032614814334875,-0.0001852057446948,0.019265435072862,0.5900725083708288,predicted 2026,0.7870515055593977,0.5274541578299832,0.5450640106365076,Healthy,Nothing urgent,0.9795694524023901,0.5472047147417533,0.0,0.44138242224710467,0.45279528525824675,0.03800879815216307,0.0,26411.0,100.0,59.0,0.0,0.0,0.0,0.0,-0.35164505517499944,204
NC067,KHâI-MA,Northern Cape,Local,3923.0,9166.0,2.336634977543733,True,1054.0,1934.0,1.8351210293505926,0.0,0.6852902662592755,6491.937992377161,4448.861915334851,0.5769392621686071,7129.0,4113.0,0.5664828824208232,7799.0,4418.0,0.6137856326150227,0.5552420469626351,0.6669638246444947,neighbours' turnout,population density,False,still falling,0.4999952881613655,0.0056622703703654,-0.0035469063563717,-0.0041457031506042,0.035641625893086,-0.0001852057446948,0.0118833953917507,0.6137856326150227,predicted 2026,0.7870515055593977,0.5274541578299832,0.5450640106365076,Healthy,Nothing urgent,1.9880193729288809,1.12617894468519,0.0,0.43351711757917677,0.0,0.0,0.0,3381.0,100.0,61.0,0.0,0.0,0.0,0.0,-0.39104536491985714,205
NC066,Karoo Hoogland,Northern Cape,Local,8255.0,7759.0,0.9399347362588167,False,2389.0,1718.0,0.7192268439196394,671.0,0.7223121047212826,6378.79189480975,4607.478599119089,0.6230822391154112,7235.0,4508.0,0.6176551724137931,7250.0,4478.0,0.6576790322093109,0.5991354465569233,0.7108572242387828,turnout last election,population density,False,still falling,0.5823713746438086,-0.0062190863776917,-0.001944544299426,-0.0004321383978659,0.0349281654327777,-0.0001852057446948,0.0118833953917507,0.6576790322093109,predicted 2026,0.7870515055593977,0.5274541578299832,0.5450640106365076,Healthy,Nothing urgent,0.8782556026650515,0.5424591156874622,0.06006526374118326,0.3823448275862069,0.4575408843125378,0.2807731560803606,496.0,2772.0,94.0,62.0,0.0,0.0,0.0,0.0,-0.3981718139628136,206
KZN272,Jozini,KwaZulu-Natal,Local,116699.0,121171.0,1.0383219285217187,False,41037.0,35845.0,0.8734762767685579,5192.0,0.6302331571214211,79706.63579066604,50233.76471787872,0.6449054429252449,95445.0,61553.0,0.6001812712125887,103712.0,62246.0,0.620223608970845,0.5616800233184575,0.673401801000317,population density,neighbours' turnout,False,still falling,0.5480170569864541,-0.0021619364244584,-0.0020419665499201,0.0065067217804831,-0.0033339841666833,-0.0001852057446948,0.019265435072862,0.620223608970845,predicted 2026,0.7870515055593977,0.5274541578299832,0.5450640106365076,Healthy,Nothing urgent,0.8887136993461812,0.5333893178176334,0.0,0.3998187287874113,0.46661068218236657,0.12652372323144212,0.0,41466.0,100.0,62.0,0.0,0.0,0.0,0.0,-0.4014797029299767,207
NC071,Ubuntu,Northern Cape,Local,9994.0,10598.0,1.060472548608346,True,2932.0,2680.0,0.9139519397133904,252.0,0.6971316392191079,9168.126150941876,6391.39081217368,0.6704440094776966,9707.0,6508.0,0.6062202934490597,9678.0,5867.0,0.6478096796863203,0.5892660940339327,0.7009878717157922,turnout last election,population density,False,still falling,0.5868487079714281,-0.0035640971956653,-0.002785635873259,0.0039707127097684,0.0302769431586925,-0.0001852057446948,0.0118833953917507,0.6478096796863203,predicted 2026,0.7870515055593977,0.5274541578299832,0.5450640106365076,Healthy,Nothing urgent,0.9683810286171703,0.5870522313388032,0.0,0.3937797065509403,0.41294776866119676,0.0860480602866096,0.0,3811.0,100.0,65.0,0.0,0.0,0.0,0.0,-0.4449965793074707,208
NC065,Hantam,Northern Cape,Local,14301.0,14775.0,1.033119955303786,False,4163.0,3164.0,0.7600388367584717,999.0,0.6925955935836102,13130.850193185155,9094.368983806537,0.6607691731014319,13339.0,8814.0,0.6101806000582581,13732.0,8379.0,0.6480986792336321,0.5895550935812445,0.701276871263104,turnout last election,population density,False,still falling,0.5746783498188595,-0.0044836146857373,-0.002708894343791,-0.0011812678103275,0.0326003925775059,-0.0001852057446948,0.0118833953917507,0.6480986792336321,predicted 2026,0.7870515055593977,0.5274541578299832,0.5450640106365076,Healthy,Nothing urgent,0.9602125725473744,0.5859030837004405,0.0,0.38981939994174186,0.41409691629955947,0.23996116324152827,0.0,5353.0,100.0,65.0,0.0,0.0,0.0,0.0,-0.4454425978088771,209
NC075,Renosterberg,Northern Cape,Local,8006.0,7471.0,0.9332317734931488,False,2649.0,1909.0,0.7206357149446875,740.0,0.7097936455944972,6103.065697587579,4331.917250793411,0.7033328117665467,6391.0,4495.0,0.6838438089708231,6889.0,4711.0,0.7026780721579876,0.6441344865056,0.7558562641874595,turnout last election,population density,False,still falling,0.6006992080955816,-0.0215869896649906,-0.001778995458521,0.0068458994034228,0.0216628854695292,-0.0001852057446948,0.0118833953917507,0.7026780721579876,predicted 2026,0.7870515055593977,0.5274541578299832,0.5450640106365076,Healthy,Nothing urgent,0.8604796402697976,0.588433674743942,0.06676822650685121,0.3161561910291769,0.41156632525605796,0.2793642850553125,535.0,2178.0,93.0,66.0,0.0,0.0,0.0,0.0,-0.4571967913456767,210
NC074,Kareeberg,Northern Cape,Local,6925.0,8127.0,1.1736187623665515,True,1853.0,2015.0,1.0876245833784859,0.0,0.690148830616584,7054.512872676637,4868.66380964742,0.6602529601722282,7432.0,4907.0,0.6564490445859873,7536.0,4947.0,0.6803739532831257,0.6218303676307381,0.7335521453125976,turnout last election,population density,False,still falling,0.5314500921113261,-0.015226379875397,-0.0035469063563717,-0.0030617539861291,0.0320684854773124,-0.0001852057446948,0.0118833953917507,0.6803739532831257,predicted 2026,0.7870515055593977,0.5274541578299832,0.5450640106365076,Healthy,Nothing urgent,1.088231046931408,0.7143682310469314,0.0,0.3435509554140127,0.28563176895306863,0.0,0.0,2589.0,100.0,68.0,0.0,0.0,0.0,0.0,-0.49404220859455994,211
NC064,Kamiesberg,Northern Cape,Local,6278.0,7713.0,1.2286326884549272,True,1956.0,1587.0,0.8113127026110677,369.0,0.7278754684347074,6936.862763848421,5049.172233703449,0.6773006134969325,7335.0,4968.0,0.694681988241582,7484.0,5199.0,0.7159116116097407,0.6573680259573531,0.7690898036392126,turnout last election,population density,False,still falling,0.5964424059858238,-0.0241034350777906,-0.0035469063563717,0.0040880848630168,0.0311004165015803,-0.0001852057446948,0.0118833953917507,0.7159116116097407,predicted 2026,0.7870515055593977,0.5274541578299832,0.5450640106365076,Healthy,Nothing urgent,1.1920993947116916,0.8281299776999044,0.0,0.305318011758418,0.17187002230009563,0.1886872973889323,0.0,2285.0,100.0,72.0,0.0,0.0,0.0,0.0,-0.5449563421504453,212
NC084,!Kheis,Northern Cape,Local,10620.0,11178.0,1.0525008663523452,True,2915.0,3083.0,1.057809635199706,0.0,0.7026624300452927,9466.075973887804,6651.455946805365,0.7581954578152297,9731.0,7378.0,0.7078908188585608,10075.0,7132.0,0.7189927829224411,0.6604491972700535,0.772170974951913,turnout last election,population density,False,still falling,0.6343799644795022,-0.0271703064022232,-0.0026011651431577,0.0017107847770184,0.0254711873945188,-0.0001852057446948,0.0118833953917507,0.7189927829224411,predicted 2026,0.7870515055593977,0.5274541578299832,0.5450640106365076,Healthy,Nothing urgent,0.9486817325800376,0.671563088512241,0.0,0.29210918114143924,0.328436911487759,0.0,0.0,2943.0,100.0,72.0,0.0,0.0,0.0,0.0,-0.5492509502931381,213
