election,province,muni_code,muni_name,registered,valid_votes,spoilt,votes_cast,turnout,registered_youth,eligible_adults,eligible_youth,total_households,piped_water_hh,electricity_hh,refuse_removal_hh,piped_water_rate,electricity_rate,refuse_removal_rate,higher_ed_rate,muni_category,district_code,area_km2,r,t,p,leak_reg,leak_turn,pop_density,t_prev,r_prev,dt,spatial_lag_turnout,spatial_lag_r,spatial_lag_prev
2011,Eastern Cape,BUF,Buffalo City,389241.18396241486,215079.1240174325,3480.3276515321804,218559.45166896467,0.561501353592812,,656888.5083475009,174426.67856736868,299445.0846959035,289570.029281378,275467.3086799769,210120.0431632657,0.9670221489040168,0.919925965589728,0.7016980872357603,0.0821628156135247,A,BUF,2809.5097565183896,0.5925528898984821,0.561501353592812,0.33271924975333017,-0.06184567514495169,-0.05800174364483867,233.80894365055795,,,,0.5583024552728303,0.7918969969815208,
2016,Eastern Cape,BUF,Buffalo City,419044.0,228538.0,4934.0,233472.0,0.557153902692796,,656888.5083475009,174426.67856736868,299445.0846959035,289570.029281378,275467.3086799769,210120.0431632657,0.9670221489040168,0.919925965589728,0.7016980872357603,0.0821628156135247,A,BUF,2809.5097565183896,0.6379225617055875,0.557153902692796,0.355421044870054,-0.08654934772609374,-0.05218835630310142,233.80894365055795,0.561501353592812,0.5925528898984821,-0.004347450900015981,0.5707362498182079,0.7423706304106462,0.5583024552728303
2021,Eastern Cape,BUF,Buffalo City,406486.0,180029.0,2937.0,182966.0,0.4501163631711793,,656888.5083475009,174426.67856736868,299445.0846959035,289570.029281378,275467.3086799769,210120.0431632657,0.9670221489040168,0.919925965589728,0.7016980872357603,0.0821628156135247,A,BUF,2809.5097565183896,0.6188051622680613,0.4501163631711793,0.2785343291516512,-0.11762436086656233,-0.06795186407091292,233.80894365055795,0.557153902692796,0.6379225617055875,-0.10703753952161665,0.5074806653797692,0.7077758581005035,0.5707362498182079
2026,Eastern Cape,BUF,Buffalo City,458595.0,,,,,80661.0,656888.5083475009,174426.67856736868,299445.0846959035,289570.029281378,275467.3086799769,210120.0431632657,0.9670221489040168,0.919925965589728,0.7016980872357603,0.0821628156135247,A,BUF,2809.5097565183896,0.6981321703338406,,,-0.11988525109758134,,233.80894365055795,0.4501163631711793,0.6188051622680613,,,0.7746246471941971,0.5074806653797692
2011,Western Cape,CPT,City of Cape Town,1745125.1046831333,1111833.2520342406,11513.197821202775,1123346.4498554436,0.643705397877141,,3189834.0062879925,896013.1646565486,1589861.0648380932,1562025.1594810565,1499708.172214029,1427696.0963611286,0.9824916113912936,0.943295112624671,0.8980005410136395,0.1383675229947853,A,CPT,2446.303036531111,0.5470896295051836,0.643705397877141,0.35216454763509186,-0.14167316432335056,0.07862523623330384,1303.940664199648,,,,0.6345606704098512,0.5230855268758319,
2016,Western Cape,CPT,City of Cape Town,1977690.0,1251673.0,14777.0,1266450.0,0.6403683084811067,,3189834.0062879925,896013.1646565486,1589861.0648380932,1562025.1594810565,1499708.172214029,1427696.0963611286,0.9824916113912936,0.943295112624671,0.8980005410136395,0.1383675229947853,A,CPT,2446.303036531111,0.6199977792265863,0.6403683084811067,0.3970269291453717,-0.11505035092701373,0.08701362831413106,1303.940664199648,0.643705397877141,0.5470896295051836,-0.0033370893960342762,0.6215453071780569,0.6066075207437153,0.6345606704098512
2021,Western Cape,CPT,City of Cape Town,1973708.0,909509.0,10485.0,919994.0,0.4661246749772509,,3189834.0062879925,896013.1646565486,1589861.0648380932,1562025.1594810565,1499708.172214029,1427696.0963611286,0.9824916113912936,0.943295112624671,0.8980005410136395,0.1383675229947853,A,CPT,2446.303036531111,0.6187494384062958,0.46612467497725096,0.2884143808694912,-0.11771441565973705,-0.033004857020755965,1303.940664199648,0.6403683084811067,0.6199977792265863,-0.17424363350385574,0.4927380973615,0.6343677100456737,0.6215453071780569
2026,Western Cape,CPT,City of Cape Town,2158431.0,,,,,327366.0,3189834.0062879925,896013.1646565486,1589861.0648380932,1562025.1594810565,1499708.172214029,1427696.0963611286,0.9824916113912936,0.943295112624671,0.8980005410136395,0.1383675229947853,A,CPT,2446.303036531111,0.676659348337616,,,-0.1511257236689213,,1303.940664199648,0.46612467497725096,0.6187494384062958,,,0.7200832180658692,0.4927380973615
2011,Eastern Cape,EC101,Dr Beyers Naude,38211.47023745396,23521.42728924045,299.9726618196303,23821.399951060084,0.6234096673859705,,64962.01598740408,17874.26371251596,24371.45091582617,24162.25557558169,23189.671686555965,21919.404508841784,0.9914163772617808,0.9515096892117,0.8993885749579196,0.0489119299700972,B,DC10,28652.375336688438,0.5882125062877211,0.6234096673859705,0.3666973628970963,-0.06919752196303729,0.04658794623649942,2.2672471382930097,,,,0.6540428415910591,0.6262426915275952,
2016,Eastern Cape,EC101,Camdeboo,40887.0,24593.0,396.0,24989.0,0.6111722552400518,,64962.01598740408,17874.26371251596,24371.45091582617,24162.25557558169,23189.671686555965,21919.404508841784,0.9914163772617808,0.9515096892117,0.8993885749579196,0.0489119299700972,B,DC10,28652.375336688438,0.6293985705112332,0.6111722552400518,0.3846709437842151,-0.10000153363223528,0.040348978393397766,2.2672471382930097,0.6234096673859705,0.5882125062877211,-0.012237412145918669,0.6196412544715614,0.6758578326352908,0.6540428415910591
2021,Eastern Cape,EC101,Dr. Beyers Naude,39913.0,18435.0,363.0,18798.0,0.4709743692531255,,64962.01598740408,17874.26371251596,24371.45091582617,24162.25557558169,23189.671686555965,21919.404508841784,0.9914163772617808,0.9515096892117,0.8993885749579196,0.0489119299700972,B,DC10,28652.375336688438,0.6144051934554956,0.4709743692531255,0.2893690984535466,-0.12476018722849565,-0.022654323418709876,2.2672471382930097,0.6111722552400518,0.6293985705112332,-0.14019788598692629,0.5401971011175517,0.6839769427338993,0.6196412544715614
2026,Eastern Cape,EC101,Dr. Beyers Naude,43220.0,,,,,8425.0,64962.01598740408,17874.26371251596,24371.45091582617,24162.25557558169,23189.671686555965,21919.404508841784,0.9914163772617808,0.9515096892117,0.8993885749579196,0.0489119299700972,B,DC10,28652.375336688438,0.6653118648346784,,,-0.16803779131340013,,2.2672471382930097,0.4709743692531255,0.6144051934554956,,,0.7593300366127022,0.5401971011175517
2011,Eastern Cape,EC102,Blue Crane Route,17450.21939239479,10081.549018057662,232.9895775845502,10314.538595642212,0.5910836055240387,,34709.161280026565,8702.795138462787,16631.04320131028,15253.27385927926,15455.96827215963,13087.4004321984,0.9171567697014658,0.92934448459264,0.7869260078145492,0.0293623243242131,B,DC10,11069.875073298388,0.5027554325386866,0.5910836055240387,0.29717049376176446,-0.22618197558104403,-0.006658456584674764,3.135460974058183,,,,0.5970613763105834,0.6573036682279101,
2016,Eastern Cape,EC102,Blue Crane Route,18372.0,11019.0,153.0,11172.0,0.6080992815153494,,34709.161280026565,8702.795138462787,16631.04320131028,15253.27385927926,15455.96827215963,13087.4004321984,0.9171567697014658,0.92934448459264,0.7869260078145492,0.0293623243242131,B,DC10,11069.875073298388,0.5293127036916387,0.6080992815153494,0.3218746748118326,-0.273186867562362,0.03530829608647006,3.135460974058183,0.5910836055240387,0.5027554325386866,0.017015675991310708,0.5624537142930687,0.6797669493467334,0.5970613763105834
2021,Eastern Cape,EC102,Blue Crane Route,17867.0,9286.0,119.0,9405.0,0.5263894330329658,,34709.161280026565,8702.795138462787,16631.04320131028,15253.27385927926,15455.96827215963,13087.4004321984,0.9171567697014658,0.92934448459264,0.7869260078145492,0.0293623243242131,B,DC10,11069.875073298388,0.5147632308327078,0.5263894330329658,0.2709659252242468,-0.3017077729237825,0.08858330755127279,3.135460974058183,0.6080992815153494,0.5293127036916387,-0.0817098484823836,0.46959190726791034,0.6521303598319188,0.5624537142930687
2026,Eastern Cape,EC102,Blue Crane Route,19320.0,,,,,3594.0,34709.161280026565,8702.795138462787,16631.04320131028,15253.27385927926,15455.96827215963,13087.4004321984,0.9171567697014658,0.92934448459264,0.7869260078145492,0.0293623243242131,B,DC10,11069.875073298388,0.5566253774941465,,,-0.3464012498879563,,3.135460974058183,0.5263894330329658,0.5147632308327078,,,0.7185418400915509,0.46959190726791034
2011,Eastern Cape,EC104,Makana,44873.03894843175,24307.39602008707,482.9681302275723,24790.364150314643,0.5524556555842767,,68026.12958480725,18025.48161931775,31271.127931186365,30395.4859914624,29269.594927003727,27805.60301147571,0.9719983896439276,0.9359942177785492,0.8891781285492256,0.1046197105248148,B,DC10,4376.378953985856,0.659644157653996,0.5524556555842767,0.3644241455690763,0.04541472473266696,-0.07424275970842686,15.543930336026174,,,,0.5888227002215498,0.6662306849299073,
2016,Eastern Cape,EC104,Makana,46398.0,23165.0,363.0,23528.0,0.5070908228802966,,68026.12958480725,18025.48161931775,31271.127931186365,30395.4859914624,29269.594927003727,27805.60301147571,0.9719983896439276,0.9359942177785492,0.8891781285492256,0.1046197105248148,B,DC10,4376.378953985856,0.6820614414370915,0.5070908228802966,0.34586709759325596,-0.01964650319782716,-0.14633973913617274,15.543930336026174,0.5524556555842767,0.659644157653996,-0.04536483270398006,0.59218620809822,0.6820080786269472,0.5888227002215498
2021,Eastern Cape,EC104,Makana,43664.0,18860.0,360.0,19220.0,0.4401795529497984,,68026.12958480725,18025.48161931775,31271.127931186365,30395.4859914624,29269.594927003727,27805.60301147571,0.9719983896439276,0.9359942177785492,0.8891781285492256,0.1046197105248148,B,DC10,4376.378953985856,0.6418710026059131,0.44017955294979844,0.28253849097850975,-0.08102746893570152,-0.09027527967452703,15.543930336026174,0.5070908228802966,0.6820614414370915,-0.06691126993049817,0.5102349406385288,0.6497127683123776,0.59218620809822
2026,Eastern Cape,EC104,Makana,47078.0,,,,,10160.0,68026.12958480725,18025.48161931775,31271.127931186365,30395.4859914624,29269.594927003727,27805.60301147571,0.9719983896439276,0.9359942177785492,0.8891781285492256,0.1046197105248148,B,DC10,4376.378953985856,0.6920576003270699,,,-0.12862450209306453,,15.543930336026174,0.44017955294979844,0.6418710026059131,,,0.7146657065223296,0.5102349406385288
2011,Eastern Cape,EC105,Ndlambe,32513.635190019897,21465.87534154824,413.7662906881913,21879.64163223643,0.672937415467847,,63577.52824951858,12955.734940986997,33937.10836692013,32990.9844688511,30657.678683181315,30817.35614133825,0.9721212577147188,0.9033674393150298,0.9080725384186582,0.1003368542540532,B,DC10,1839.8807102358096,0.5114013722335312,0.672937415467847,0.3441411176975429,-0.20913106368016326,0.12303640346598722,34.55524474810659,,,,0.5537394241782762,0.7616830321595858,
2016,Eastern Cape,EC105,Ndlambe,34455.0,22270.0,238.0,22508.0,0.6532578725874328,,63577.52824951858,12955.734940986997,33937.10836692013,32990.9844688511,30657.678683181315,30817.35614133825,0.9721212577147188,0.9033674393150298,0.9080725384186582,0.1003368542540532,B,DC10,1839.8807102358096,0.5419367652164253,0.6532578725874328,0.3540244583221971,-0.2496169217762729,0.10694209122894799,34.55524474810659,0.672937415467847,0.5114013722335312,-0.01967954288041418,0.5525415919347662,0.7692471128183002,0.5537394241782762
2021,Eastern Cape,EC105,Ndlambe,33201.0,18233.0,205.0,18438.0,0.5553447185325743,,63577.52824951858,12955.734940986997,33937.10836692013,32990.9844688511,30657.678683181315,30817.35614133825,0.9721212577147188,0.9033674393150298,0.9080725384186582,0.1003368542540532,B,DC10,1839.8807102358096,0.5222128150326669,0.5553447185325743,0.2900081287784197,-0.28733962548358943,0.14213103717495387,34.55524474810659,0.6532578725874328,0.5419367652164253,-0.09791315405485856,0.4761523485078773,0.7252022129015187,0.5525415919347662
2026,Eastern Cape,EC105,Ndlambe,37766.0,,,,,6120.0,63577.52824951858,12955.734940986997,33937.10836692013,32990.9844688511,30657.678683181315,30817.35614133825,0.9721212577147188,0.9033674393150298,0.9080725384186582,0.1003368542540532,B,DC10,1839.8807102358096,0.5940149143858227,,,-0.28138926427247696,,34.55524474810659,0.5553447185325743,0.5222128150326669,,,0.7803798225390922,0.4761523485078773
2011,Eastern Cape,EC106,Sundays River Valley,25365.90768830305,15925.94204225792,359.99868989155163,16285.940732149473,0.6420405266892691,,33436.66577649076,9437.028091512224,20639.63238592292,18855.22799399957,18883.82622672919,16219.739920629296,0.9135447590074142,0.9149303569771302,0.7858541090921672,0.0169648240652923,B,DC10,5995.162875281907,0.7586255118217488,0.6420405266892691,0.48706832316995197,0.18522244900433818,0.07603549888854605,5.5772739577018555,,,,0.6277382788173024,0.6030607987553785,
2016,Eastern Cape,EC106,Sundays River Valley,25839.0,14730.0,170.0,14900.0,0.5766477030844847,,33436.66577649076,9437.028091512224,20639.63238592292,18855.22799399957,18883.82622672919,16219.739920629296,0.9135447590074142,0.9149303569771302,0.7858541090921672,0.0169648240652923,B,DC10,5995.162875281907,0.7727744199353556,0.5766477030844847,0.44561859425816774,0.10522093478561323,-0.017798351056646167,5.5772739577018555,0.6420405266892691,0.7586255118217488,-0.06539282360478449,0.6127298275707325,0.6459831031046724,0.6277382788173024
2021,Eastern Cape,EC106,Sundays River Valley,25034.0,11359.0,236.0,11595.0,0.463170088679396,,33436.66577649076,9437.028091512224,20639.63238592292,18855.22799399957,18883.82622672919,16219.739920629296,0.9135447590074142,0.9149303569771302,0.7858541090921672,0.0169648240652923,B,DC10,5995.162875281907,0.7486990529301324,0.463170088679396,0.34677500673982925,0.0729222823673952,-0.039363649449027545,5.5772739577018555,0.5766477030844847,0.7727744199353556,-0.11347761440508863,0.5030270856485229,0.6312087229249254,0.6127298275707325
2026,Eastern Cape,EC106,Sundays River Valley,27323.0,,,,,4762.0,33436.66577649076,9437.028091512224,20639.63238592292,18855.22799399957,18883.82622672919,16219.739920629296,0.9135447590074142,0.9149303569771302,0.7858541090921672,0.0169648240652923,B,DC10,5995.162875281907,0.8171568356319409,,,0.037537350001247735,,5.5772739577018555,0.463170088679396,0.7486990529301324,,,0.694734783694397,0.5030270856485229
2011,Eastern Cape,EC108,Kouga,51423.8222398978,34672.463405845345,432.9059012321521,35105.3693070775,0.6826674443472343,,76132.0933495478,17276.451519229005,31454.0945109546,29998.52586490812,29643.83283025656,27946.694111643363,0.9537240327951726,0.9424475029771536,0.8884914522626074,0.1093181529646447,B,DC10,2670.9661785469325,0.6754552512275461,0.6826674443472341,0.4611113101264279,0.06910109997714878,0.1373919081778659,28.50357820366165,,,,0.6364420262232291,0.6759113635667534,
2016,Eastern Cape,EC108,Kouga,58145.0,37990.0,426.0,38416.0,0.6606930948490842,,76132.0933495478,17276.451519229005,31454.0945109546,29998.52586490812,29643.83283025656,27946.694111643363,0.9537240327951726,0.9424475029771536,0.8884914522626074,0.1093181529646447,B,DC10,2670.9661785469325,0.763738358448085,0.6606930948490842,0.5045966596980245,0.09345902068133673,0.1182595632009776,28.50357820366165,0.6826674443472341,0.6754552512275461,-0.021974349498149914,0.6079618655589054,0.7105412565900499,0.6364420262232291
2021,Eastern Cape,EC108,Kouga,60572.0,34072.0,410.0,34482.0,0.5692729313874397,,76132.0933495478,17276.451519229005,31454.0945109546,29998.52586490812,29643.83283025656,27946.694111643363,0.9537240327951726,0.9424475029771536,0.8884914522626074,0.1093181529646447,B,DC10,2670.9661785469325,0.7956171613710105,0.5692729313874397,0.4529233137158288,0.1337032951818358,0.16690198940855966,28.50357820366165,0.6606930948490842,0.763738358448085,-0.0914201634616445,0.46338198888925186,0.6871623935457954,0.6079618655589054
2026,Eastern Cape,EC108,Kouga,68393.0,,,,,10809.0,76132.0933495478,17276.451519229005,31454.0945109546,29998.52586490812,29643.83283025656,27946.694111643363,0.9537240327951726,0.9424475029771536,0.8884914522626074,0.1093181529646447,B,DC10,2670.9661785469325,0.8983465052771498,,,0.13226216550011788,,28.50357820366165,0.5692729313874397,0.7956171613710105,,,0.748173713438045,0.46338198888925186
2011,Eastern Cape,EC109,Kou-Kamma,18574.91187521346,11328.506725768004,139.9691943877434,11468.475920155746,0.6174175143979762,,23951.002443372017,6601.039116990098,9900.701357807153,9705.817812091993,9616.482575817035,8348.458570291377,0.980316187846482,0.971293065842654,0.8432189062755883,0.0375895864546843,B,DC10,3641.2587879832818,0.7755379725391708,0.6174175143979762,0.47883072732638077,0.20727113683035492,0.036929551163941386,6.5776710302530645,,,,0.6506037224723076,0.543689821761581,
2016,Eastern Cape,EC109,Kou-Kamma,20413.0,11910.0,195.0,12105.0,0.5930044579434673,,23951.002443372017,6601.039116990098,9900.701357807153,9705.817812091993,9616.482575817035,8348.458570291377,0.980316187846482,0.971293065842654,0.8432189062755883,0.0375895864546843,B,DC10,3641.2587879832818,0.8522816549437958,0.5930044579434673,0.5054068208051069,0.20315080605229768,0.010172052065661321,6.5776710302530645,0.6174175143979762,0.7755379725391708,-0.024413056454508864,0.6319190876584843,0.5973267882630798,0.6506037224723076
2021,Eastern Cape,EC109,Kou-Kamma,20645.0,10354.0,237.0,10591.0,0.5130055703560185,,23951.002443372017,6601.039116990098,9900.701357807153,9705.817812091993,9616.482575817035,8348.458570291377,0.980316187846482,0.971293065842654,0.8432189062755883,0.0375895864546843,B,DC10,3641.2587879832818,0.8619680971104033,0.5130055703560185,0.44219443528681435,0.21380343775000074,0.06282870527278796,6.5776710302530645,0.5930044579434673,0.8522816549437958,-0.07999888758744889,0.5427803926717114,0.6252919394153781,0.6319190876584843
2026,Eastern Cape,EC109,Kou-Kamma,23958.0,,,,,5093.0,23951.002443372017,6601.039116990098,9900.701357807153,9705.817812091993,9616.482575817035,8348.458570291377,0.980316187846482,0.971293065842654,0.8432189062755883,0.0375895864546843,B,DC10,3641.2587879832818,1.0002921613257953,,,0.23975370592357098,,6.5776710302530645,0.5130055703560185,0.8619680971104033,,,0.7109495977177689,0.5427803926717114
2011,Eastern Cape,EC121,Mbhashe,123694.4178281498,69843.12152957928,1880.141915749267,71723.26344532854,0.5798423623689678,,141302.93322809855,43208.6974871799,70032.0873289171,31658.135054520608,61360.25128891515,14572.368452327788,0.4520518559704357,0.8761733889313729,0.2080813096985998,0.0232748300828562,B,DC12,3430.0106258886813,0.8753846434912701,0.5798423623689678,0.5075850996634947,0.3283775725048191,-0.02585965091317779,41.19606282312562,,,,0.5223502193462252,0.7795976386102675,
2016,Eastern Cape,EC121,Mbhashe,129921.0,68240.0,1294.0,69534.0,0.5352021613134136,,141302.93322809855,43208.6974871799,70032.0873289171,31658.135054520608,61360.25128891515,14572.368452327788,0.4520518559704357,0.8761733889313729,0.2080813096985998,0.0232748300828562,B,DC12,3430.0106258886813,0.9194501276932076,0.5352021613134136,0.4920916955612988,0.2790095569997101,-0.09238531738068499,41.19606282312562,0.5798423623689678,0.8753846434912701,-0.04464020105555422,0.49342891464716,0.8481349141333379,0.5223502193462252
2021,Eastern Cape,EC121,Mbhashe,122433.0,55244.0,1334.0,56578.0,0.4621139725400831,,141302.93322809855,43208.6974871799,70032.0873289171,31658.135054520608,61360.25128891515,14572.368452327788,0.4520518559704357,0.8761733889313729,0.2080813096985998,0.0232748300828562,B,DC12,3430.0106258886813,0.8664575971849238,0.46211397254008313,0.4004021622726603,0.21899835030642562,-0.041646443765299544,41.19606282312562,0.5352021613134136,0.9194501276932076,-0.07308818877333045,0.42768491351016785,0.8174741626887804,0.49342891464716
2026,Eastern Cape,EC121,Mbhashe,133631.0,,,,,24993.0,141302.93322809855,43208.6974871799,70032.0873289171,31658.135054520608,61360.25128891515,14572.368452327788,0.4520518559704357,0.8761733889313729,0.2080813096985998,0.0232748300828562,B,DC12,3430.0106258886813,0.9457057751539091,,,0.18363780903972696,,41.19606282312562,0.46211397254008313,0.8664575971849238,,,0.9061411912371365,0.42768491351016785
2011,Eastern Cape,EC122,Mnquma,112670.11591857376,60329.84215695207,1165.679126849626,61495.5212838017,0.5458015267175572,,145121.15443140955,37689.607237191056,75476.35928721388,45930.29938255476,69181.25717869018,22069.62576017757,0.6085388831193347,0.9165950481982228,0.2924044822590732,0.0369553993333529,B,DC12,2991.541814991709,0.7763865741009279,0.5458015267175572,0.42375297746730034,0.20836474882092593,-0.08636052301234531,48.51048837230167,,,,0.5832406900625641,0.8559484422244769,
2016,Eastern Cape,EC122,Mnquma,126195.0,63035.0,1444.0,64479.0,0.5109473433971236,,145121.15443140955,37689.607237191056,75476.35928721388,45930.29938255476,69181.25717869018,22069.62576017757,0.6085388831193347,0.9165950481982228,0.2924044822590732,0.0369553993333529,B,DC12,2991.541814991709,0.8695837660225142,0.5109473433971236,0.4443115151104695,0.22324842023823543,-0.13876332581055142,48.51048837230167,0.5458015267175572,0.7763865741009279,-0.03485418332043366,0.5584038017393708,0.8506697117172536,0.5832406900625641
2021,Eastern Cape,EC122,Mnquma,121099.0,50216.0,915.0,51131.0,0.4222247912864681,,145121.15443140955,37689.607237191056,75476.35928721388,45930.29938255476,69181.25717869018,22069.62576017757,0.6085388831193347,0.9165950481982228,0.2924044822590732,0.0369553993333529,B,DC12,2991.541814991709,0.834468279104247,0.4222247912864681,0.3523331949799689,0.1813799086050821,-0.13192014524723575,48.51048837230167,0.5109473433971236,0.8695837660225142,-0.08872255211065544,0.4887477708387319,0.817809226498442,0.5584038017393708
2026,Eastern Cape,EC122,Mnquma,124256.0,,,,,23043.0,145121.15443140955,37689.607237191056,75476.35928721388,45930.29938255476,69181.25717869018,22069.62576017757,0.6085388831193347,0.9165950481982228,0.2924044822590732,0.0369553993333529,B,DC12,2991.541814991709,0.8562225161923493,,,0.08423659947018665,,48.51048837230167,0.4222247912864681,0.834468279104247,,,0.8884950228163678,0.4887477708387319
2011,Eastern Cape,EC123,Great Kei,20855.80004355878,12416.357907821444,316.23431668714136,12732.592224508586,0.6105060557694113,,25040.99455560262,5139.501854130302,14311.8877201182,10628.5533666543,12407.443006461466,5150.594529777826,0.7426381183604283,0.8669326680798607,0.3598822622495593,0.0426943427198044,B,DC12,1699.7523961087682,0.8328662824173868,0.6105060557694113,0.5084699090619714,0.2785872941502733,0.025672284368485076,14.732142524363432,,,,0.5639848974018952,0.7150966871508454,
2016,Eastern Cape,EC123,Great Kei,17685.0,10768.0,133.0,10901.0,0.6163980774667798,,25040.99455560262,5139.501854130302,14311.8877201182,10628.5533666543,12407.443006461466,5150.594529777826,0.7426381183604283,0.8669326680798607,0.3598822622495593,0.0426943427198044,B,DC12,1699.7523961087682,0.7062419170584897,0.6163980774667798,0.435326159901306,0.015191590455089391,0.04886311995586414,14.732142524363432,0.6105060557694113,0.8328662824173868,0.005892021697368466,0.5372406615307129,0.7349101426736268,0.5639848974018952
2021,Eastern Cape,EC123,Great Kei,17935.0,9746.0,138.0,9884.0,0.5511011987733482,,25040.99455560262,5139.501854130302,14311.8877201182,10628.5533666543,12407.443006461466,5150.594529777826,0.7426381183604283,0.8669326680798607,0.3598822622495593,0.0426943427198044,B,DC12,1699.7523961087682,0.7162255460810865,0.5511011987733482,0.3947127570373827,0.028580303932988094,0.13446045789142688,14.732142524363432,0.6163980774667798,0.7062419170584897,-0.06529687869343159,0.44829738475188935,0.7017541949756184,0.5372406615307129
2026,Eastern Cape,EC123,Great Kei,20806.0,,,,,4049.0,25040.99455560262,5139.501854130302,14311.8877201182,10628.5533666543,12407.443006461466,5150.594529777826,0.7426381183604283,0.8669326680798607,0.3598822622495593,0.0426943427198044,B,DC12,1699.7523961087682,0.8308775417765868,,,0.05418872979992991,,14.732142524363432,0.5511011987733482,0.7162255460810865,,,0.7388147761422177,0.44829738475188935
2011,Eastern Cape,EC124,Amahlathi,58953.6167279579,33844.27362719751,623.0652105851007,34467.33883778261,0.5846518118953162,,75936.84724576691,19872.902202368467,38886.58910818832,35385.683876582814,36756.46738104157,13584.275542823523,0.9099713985748284,0.945222201895352,0.3493306009696565,0.0276655205814906,B,DC12,4454.974297729428,0.776350597453126,0.5846518118953162,0.45389478346698137,0.20831840917186292,-0.017599451800647627,17.0454063639536,,,,0.5735874877196195,0.7378968298982453,
2016,Eastern Cape,EC124,Amahlathi,52945.0,28253.0,529.0,28782.0,0.5436207385022193,,75936.84724576691,19872.902202368467,38886.58910818832,35385.683876582814,36756.46738104157,13584.275542823523,0.9099713985748284,0.945222201895352,0.3493306009696565,0.0276655205814906,B,DC12,4454.974297729428,0.6972241002927786,0.5436207385022193,0.37902548030270566,0.002340633240017368,-0.07677803266734921,17.0454063639536,0.5846518118953162,0.776350597453126,-0.04103107339309697,0.5576416014926381,0.7611891898290191,0.5735874877196195
2021,Eastern Cape,EC124,Amahlathi,49510.0,22880.0,516.0,23396.0,0.4725509997980206,,75936.84724576691,19872.902202368467,38886.58910818832,35385.683876582814,36756.46738104157,13584.275542823523,0.9099713985748284,0.945222201895352,0.3493306009696565,0.0276655205814906,B,DC12,4454.974297729428,0.6519891435545466,0.4725509997980206,0.3080981216441562,-0.06538691111797218,-0.019312321043243076,17.0454063639536,0.5436207385022193,0.6972241002927786,-0.07106973870419864,0.47753839946861776,0.7375747690142095,0.5576416014926381
2026,Eastern Cape,EC124,Amahlathi,50277.0,,,,,8275.0,75936.84724576691,19872.902202368467,38886.58910818832,35385.683876582814,36756.46738104157,13584.275542823523,0.9099713985748284,0.945222201895352,0.3493306009696565,0.0276655205814906,B,DC12,4454.974297729428,0.6620896419004634,,,-0.17289273421797335,,17.0454063639536,0.4725509997980206,0.6519891435545466,,,0.806794140050863,0.47753839946861776
2011,Eastern Cape,EC126,Ngqushwa,39578.50628431237,17669.311772295747,802.8514101378329,18472.163182433585,0.4667220902612827,,45661.56631238872,9920.318362761778,29232.74333003902,19535.130470240714,28392.402857169032,6089.108462218768,0.6682619639795072,0.9712534515360908,0.2082975379174117,0.0197122091317764,B,DC12,2106.1111296295308,0.8667794270030128,0.4667220902612828,0.40454510596632315,0.3184987251367975,-0.24288194376443237,21.680511379482944,,,,0.5895560719525617,0.6137975252096417,
2016,Eastern Cape,EC126,Ngqushwa,38945.0,21918.0,432.0,22350.0,0.5738862498395173,,45661.56631238872,9920.318362761778,29232.74333003902,19535.130470240714,28392.402857169032,6089.108462218768,0.6682619639795072,0.9712534515360908,0.2082975379174117,0.0197122091317764,B,DC12,2106.1111296295308,0.8529054770824538,0.5738862498395173,0.48947072571043376,0.20388248195434017,-0.022598658845247227,21.680511379482944,0.4667220902612828,0.8667794270030128,0.1071641595782345,0.5666356329062102,0.6437579488919918,0.5895560719525617
2021,Eastern Cape,EC126,Ngqushwa,35846.0,18420.0,403.0,18823.0,0.5251074038944373,,45661.56631238872,9920.318362761778,29232.74333003902,19535.130470240714,28392.402857169032,6089.108462218768,0.6682619639795072,0.9712534515360908,0.2082975379174117,0.0197122091317764,B,DC12,2106.1111296295308,0.7850365831685104,0.5251074038944373,0.41222852214977607,0.12031549754293044,0.08614482228194463,21.680511379482944,0.5738862498395173,0.8529054770824538,-0.048778845945079974,0.48170092342670573,0.6151852848761279,0.5666356329062102
2026,Eastern Cape,EC126,Ngqushwa,37987.0,,,,,6455.0,45661.56631238872,9920.318362761778,29232.74333003902,19535.130470240714,28392.402857169032,6089.108462218768,0.6682619639795072,0.9712534515360908,0.2082975379174117,0.0197122091317764,B,DC12,2106.1111296295308,0.831925031658266,,,0.055448638867881886,,21.680511379482944,0.5251074038944373,0.7850365831685104,,,0.6894527646220513,0.48170092342670573
2011,Eastern Cape,EC129,Raymond Mhlaba,80459.4494348751,44544.95425508184,1423.9319809016,45968.88623598345,0.571329863165311,,116339.52755536482,29649.80472292317,61997.000021570864,54369.61668107028,60215.33812855646,26564.0184388019,0.876971735118687,0.9712621273223784,0.4284726427014109,0.0451904267747675,B,DC12,6357.322262733417,0.6915916810525575,0.571329863165311,0.3951269805020251,0.09270991536177699,-0.04064919182846312,18.30008339161071,,,,0.5584525172780906,0.658997075815729,
2016,Eastern Cape,EC129,Nkonkobe/Nxuba,82963.0,44593.0,957.0,45550.0,0.5490399334643155,,116339.52755536482,29649.80472292317,61997.000021570864,54369.61668107028,60215.33812855646,26564.0184388019,0.876971735118687,0.9712621273223784,0.4284726427014109,0.0451904267747675,B,DC12,6357.322262733417,0.7131110272088628,0.5490399334643155,0.39152643093142364,0.02487087960981515,-0.06685868710017422,18.30008339161071,0.571329863165311,0.6915916810525575,-0.022289929700995526,0.5558982931742716,0.6643643865776531,0.5584525172780906
2021,Eastern Cape,EC129,Raymond Mhlaba,78861.0,37120.0,825.0,37945.0,0.4811630590532709,,116339.52755536482,29649.80472292317,61997.000021570864,54369.61668107028,60215.33812855646,26564.0184388019,0.876971735118687,0.9712621273223784,0.4284726427014109,0.0451904267747675,B,DC12,6357.322262733417,0.6778521595978704,0.48116305905327095,0.3261574186979773,-0.026485611443260237,-0.0012517854638709463,18.30008339161071,0.5490399334643155,0.7131110272088628,-0.06787687441104451,0.48239462249575865,0.6305492033945258,0.5558982931742716
2026,Eastern Cape,EC129,Raymond Mhlaba,90001.0,,,,,21260.0,116339.52755536482,29649.80472292317,61997.000021570864,54369.61668107028,60215.33812855646,26564.0184388019,0.876971735118687,0.9712621273223784,0.4284726427014109,0.0451904267747675,B,DC12,6357.322262733417,0.7736063734414722,,,-0.017230508930183918,,18.30008339161071,0.48116305905327095,0.6778521595978704,,,0.6798696624783476,0.48239462249575865
2011,Eastern Cape,EC131,Inxuba Yethemba,30236.704211827066,17638.244116423626,384.9835016057087,18023.22761802933,0.5960711687280904,,51384.1237658758,14386.998473271831,23563.07429288841,23386.91393546188,23112.31262777623,19778.90078267434,0.9925238805753078,0.98086999771298,0.8394023859884797,0.0467979101987855,B,DC13,11663.028608109644,0.5884444843235269,0.5960711687280903,0.3507547915023231,-0.06880322177077688,0.0017441420607777884,4.405727319415724,,,,0.6226839188702826,0.6552927572243326,
2016,Eastern Cape,EC131,Inxuba Yethemba,30907.0,17203.0,362.0,17565.0,0.5683178567961951,,51384.1237658758,14386.998473271831,23563.07429288841,23386.91393546188,23112.31262777623,19778.90078267434,0.9925238805753078,0.98086999771298,0.8394023859884797,0.0467979101987855,B,DC13,11663.028608109644,0.6014892876411243,0.5683178567961951,0.34183710283807384,-0.14535752121892873,-0.0323489952799705,4.405727319415724,0.5960711687280903,0.5884444843235269,-0.02775331193189523,0.6061483267851612,0.686567829980384,0.6226839188702826
2021,Eastern Cape,EC131,Inxuba Yethemba,29691.0,14338.0,284.0,14622.0,0.4924724664039608,,51384.1237658758,14386.998473271831,23563.07429288841,23386.91393546188,23112.31262777623,19778.90078267434,0.9925238805753078,0.98086999771298,0.8394023859884797,0.0467979101987855,B,DC13,11663.028608109644,0.5778243905701822,0.4924724664039608,0.2845626027724632,-0.18614482195001586,0.021980555037769724,4.405727319415724,0.5683178567961951,0.6014892876411243,-0.07584539039223426,0.5218075890175827,0.6725751009983145,0.6061483267851612
2026,Eastern Cape,EC131,Inxuba Yethemba,33121.0,,,,,6979.0,51384.1237658758,14386.998473271831,23563.07429288841,23386.91393546188,23112.31262777623,19778.90078267434,0.9925238805753078,0.98086999771298,0.8394023859884797,0.0467979101987855,B,DC13,11663.028608109644,0.6445765262225929,,,-0.1997001390322279,,4.405727319415724,0.4924724664039608,0.5778243905701822,,,0.7477639793557395,0.5218075890175827
2011,Eastern Cape,EC135,Intsika Yethu,71399.39790763405,41831.54963568389,701.3709835930324,42532.92061927693,0.5957041917118084,,78674.33411589278,18934.453599662203,40814.08847690837,26208.585759154957,38821.72265135443,9367.072804978074,0.6421455614274748,0.9511843605993756,0.2295058680601856,0.0215368231345566,B,DC13,2815.6543736424965,0.9075310100808449,0.5957041917118084,0.5406200268136108,0.3644419266214343,0.0011282927320167638,27.941758353712647,,,,0.5724094946650135,0.7601625910986352,
2016,Eastern Cape,EC135,Intsika Yethu,77938.0,44080.0,1061.0,45141.0,0.5791911519412867,,78674.33411589278,18934.453599662203,40814.08847690837,26208.585759154957,38821.72265135443,9367.072804978074,0.6421455614274748,0.9511843605993756,0.2295058680601856,0.0215368231345566,B,DC13,2815.6543736424965,0.9906407327857633,0.5791911519412867,0.5737703471821466,0.3535856915488799,-0.013397299904691885,27.941758353712647,0.5957041917118084,0.9075310100808449,-0.016513039770521765,0.5423800834171115,0.7828404497087655,0.5724094946650135
2021,Eastern Cape,EC135,Intsika Yethu,75098.0,36040.0,809.0,36849.0,0.4906788463074915,,78674.33411589278,18934.453599662203,40814.08847690837,26208.585759154957,38821.72265135443,9367.072804978074,0.6421455614274748,0.9511843605993756,0.2295058680601856,0.0215368231345566,B,DC13,2815.6543736424965,0.9545425562722324,0.49067884630749153,0.4683738402630628,0.31581740514036527,0.018331834717358265,27.941758353712647,0.5791911519412867,0.9906407327857633,-0.08851230563379514,0.4745512733871842,0.7512363060171262,0.5423800834171115
2026,Eastern Cape,EC135,Intsika Yethu,79323.0,,,,,13599.0,78674.33411589278,18934.453599662203,40814.08847690837,26208.585759154957,38821.72265135443,9367.072804978074,0.6421455614274748,0.9511843605993756,0.2295058680601856,0.0215368231345566,B,DC13,2815.6543736424965,1.008244949148876,,,0.2476727325048147,,27.941758353712647,0.49067884630749153,0.9545425562722324,,,0.8079028515759883,0.4745512733871842
2011,Eastern Cape,EC136,Emalahleni,58561.55197028148,35865.65487800677,744.5506928014338,36610.20557080821,0.6251577073877237,,80057.51068535542,19788.38648556567,39303.58126938856,35862.63768333651,37498.4026977726,12878.85193929407,0.9124521614845308,0.9540708883690984,0.3276762962393127,0.0186068941809992,B,DC13,3484.228532598797,0.7314935409426101,0.6251577073877238,0.4572988250246102,0.1488025807192197,0.049388021233147464,22.977112418525135,,,,0.5887303238544157,0.7092610617360788,
2016,Eastern Cape,EC136,Emalahleni,61471.0,35881.0,794.0,36675.0,0.5966227977420246,,80057.51068535542,19788.38648556567,39303.58126938856,35862.63768333651,37498.4026977726,12878.85193929407,0.9124521614845308,0.9540708883690984,0.3276762962393127,0.0186068941809992,B,DC13,3484.228532598797,0.767835515665673,0.5966227977420246,0.458108173562144,0.09880929083205288,0.016255219611278595,22.977112418525135,0.6251577073877238,0.7314935409426101,-0.028534909645699158,0.5628852516158125,0.741323817340735,0.5887303238544157
2021,Eastern Cape,EC136,Emalahleni,59230.0,30608.0,611.0,31219.0,0.5270808711801452,,80057.51068535542,19788.38648556567,39303.58126938856,35862.63768333651,37498.4026977726,12878.85193929407,0.9124521614845308,0.9540708883690984,0.3276762962393127,0.0186068941809992,B,DC13,3484.228532598797,0.7398431389253113,0.5270808711801452,0.3899571662014063,0.061023367387169805,0.08989599428520662,22.977112418525135,0.5966227977420246,0.767835515665673,-0.06954192656187941,0.477057034712037,0.7140134764004772,0.5628852516158125
2026,Eastern Cape,EC136,Emalahleni,64144.0,,,,,10878.0,80057.51068535542,19788.38648556567,39303.58126938856,35862.63768333651,37498.4026977726,12878.85193929407,0.9124521614845308,0.9540708883690984,0.3276762962393127,0.0186068941809992,B,DC13,3484.228532598797,0.8012240132234537,,,0.017846883200931456,,22.977112418525135,0.5270808711801452,0.7398431389253113,,,0.7899094592378952,0.477057034712037
2011,Eastern Cape,EC137,Dr AB Xuma,69413.24017564995,37131.613115476845,733.2419700500404,37864.85508552688,0.5454990285673167,,78202.43731129507,21657.335411869743,35925.77384910995,21790.369735603734,33196.03175657323,6916.798661474981,0.606538632323534,0.9240171665055352,0.192530262271479,0.0238631822169594,B,DC13,2499.517730789404,0.8876096776797561,0.5454990285673166,0.4841902169212559,0.34224628437662064,-0.08691490403327148,31.287010429246674,,,,0.5564075422035272,0.7760404679195853,
2016,Eastern Cape,EC137,Engcobo,73494.0,37260.0,781.0,38041.0,0.5176068794731543,,78202.43731129507,21657.335411869743,35925.77384910995,21790.369735603734,33196.03175657323,6916.798661474981,0.606538632323534,0.9240171665055352,0.192530262271479,0.0238631822169594,B,DC13,2499.517730789404,0.9397916807560291,0.5176068794731543,0.4864426392309591,0.30089198741942347,-0.12581383031708285,31.287010429246674,0.5454990285673166,0.8876096776797561,-0.027892149094162266,0.5288831856765315,0.8359522539255742,0.5564075422035272
2021,Eastern Cape,EC137,Engcobo,70369.0,32315.0,568.0,32883.0,0.4672938367747161,,78202.43731129507,21657.335411869743,35925.77384910995,21790.369735603734,33196.03175657323,6916.798661474981,0.606538632323534,0.9240171665055352,0.192530262271479,0.0238631822169594,B,DC13,2499.517730789404,0.8998312893994206,0.46729383677471614,0.4204856156733952,0.2567924676132943,-0.030499737625372322,31.287010429246674,0.5176068794731543,0.9397916807560291,-0.05031304269843817,0.45600549640677907,0.804615641596557,0.5288831856765315
2026,Eastern Cape,EC137,Dr. A.B. Xuma,77855.0,,,,,13253.0,78202.43731129507,21657.335411869743,35925.77384910995,21790.369735603734,33196.03175657323,6916.798661474981,0.606538632323534,0.9240171665055352,0.192530262271479,0.0238631822169594,B,DC13,2499.517730789404,0.9955572061020036,,,0.23500889483278906,,31.287010429246674,0.46729383677471614,0.8998312893994206,,,0.8827625409643812,0.45600549640677907
2011,Eastern Cape,EC138,Sakhisizwe,30224.223772149773,17065.004078985417,364.2466550181685,17429.250734003585,0.5766649580613493,,39628.83536941208,11023.261018726553,19459.730034331944,17785.833063869315,18490.27071972986,6000.0017466386025,0.9139814906214296,0.9501812557064404,0.3083291359157123,0.0252980476152953,B,DC13,2377.941405276132,0.7626826145761186,0.5766649580613493,0.4398123379486577,0.1905561645116447,-0.03135449257336142,16.665185812183747,,,,0.585418134400894,0.7815063680362065,
2016,Eastern Cape,EC138,Sakhisizwe,30632.0,16394.0,526.0,16920.0,0.55236354139462,,39628.83536941208,11023.261018726553,19459.730034331944,17785.833063869315,18490.27071972986,6000.0017466386025,0.9139814906214296,0.9501812557064404,0.3083291359157123,0.0252980476152953,B,DC13,2377.941405276132,0.7729725013227015,0.55236354139462,0.42696182823126494,0.10547722691947536,-0.06082344552982955,16.665185812183747,0.5766649580613493,0.7626826145761186,-0.02430141666672936,0.5634179900070776,0.834221493812108,0.585418134400894
2021,Eastern Cape,EC138,Sakhisizwe,30028.0,14308.0,352.0,14660.0,0.4882110030638071,,39628.83536941208,11023.261018726553,19459.730034331944,17785.833063869315,18490.27071972986,6000.0017466386025,0.9139814906214296,0.9501812557064404,0.3083291359157123,0.0252980476152953,B,DC13,2377.941405276132,0.7577310743574719,0.4882110030638071,0.36993264786467756,0.08491371760633461,0.013289697497058701,16.665185812183747,0.55236354139462,0.7729725013227015,-0.06415253833081286,0.48558205791970754,0.7967413365554173,0.5634179900070776
2026,Eastern Cape,EC138,Sakhisizwe,34027.0,,,,,6344.0,39628.83536941208,11023.261018726553,19459.730034331944,17785.833063869315,18490.27071972986,6000.0017466386025,0.9139814906214296,0.9501812557064404,0.3083291359157123,0.0252980476152953,B,DC13,2377.941405276132,0.8586424426256061,,,0.08705889521669485,,16.665185812183747,0.4882110030638071,0.7577310743574719,,,0.8709065360526818,0.48558205791970754
2011,Eastern Cape,EC139,Enoch Mgijima,119188.30069895997,65064.8167783278,1285.1571271363034,66349.9739054641,0.5566819353608174,,190259.1062189989,53379.89321634453,101521.17076434828,96289.58663208244,96775.5895691082,41896.77884115448,0.948468047670476,0.9532552554357796,0.4126900677535092,0.0541134857339022,B,DC13,13585.314415219818,0.6264525418392723,0.5566819353608173,0.3487348134027895,-0.006212789609045835,-0.06662188333487667,14.00476281990566,,,,0.5985779407160684,0.7039356909628722,
2016,Eastern Cape,EC139,Tsolwana/Inkwanca/Lukanji,123599.0,64927.0,966.0,65893.0,0.5331191999935274,,190259.1062189989,53379.89321634453,101521.17076434828,96289.58663208244,96775.5895691082,41896.77884115448,0.948468047670476,0.9532552554357796,0.4126900677535092,0.0541134857339022,B,DC13,13585.314415219818,0.649635134192897,0.5331191999935274,0.34633296302860506,-0.0683553737941736,-0.09628482559013413,14.00476281990566,0.5566819353608173,0.6264525418392723,-0.023562735367289922,0.567789686209715,0.7198114903752048,0.5985779407160684
2021,Eastern Cape,EC139,Enoch Mgijima,118637.0,54609.0,1144.0,55753.0,0.4699461382199482,,190259.1062189989,53379.89321634453,101521.17076434828,96289.58663208244,96775.5895691082,41896.77884115448,0.948468047670476,0.9532552554357796,0.4126900677535092,0.0541134857339022,B,DC13,13585.314415219818,0.6235549107617596,0.46994613821994824,0.2930372222805734,-0.10997799209033991,-0.024839909627776692,14.00476281990566,0.5331191999935274,0.649635134192897,-0.06317306177357918,0.4894678243581913,0.6905286590747894,0.567789686209715
2026,Eastern Cape,EC139,Enoch Mgijima,128174.0,,,,,22905.0,190259.1062189989,53379.89321634453,101521.17076434828,96289.58663208244,96775.5895691082,41896.77884115448,0.948468047670476,0.9532552554357796,0.4126900677535092,0.0541134857339022,B,DC13,13585.314415219818,0.6736812894120534,,,-0.15553655701066807,,14.00476281990566,0.46994613821994824,0.6235549107617596,,,0.7517215530665355,0.4894678243581913
2011,Eastern Cape,EC141,Elundini,57874.74417512276,31644.2583346179,1036.5744149445798,32680.83274956248,0.564682111607678,,87760.6374600147,24720.227274423603,48686.15138561821,33250.1391695421,43228.51991981465,19596.745733931333,0.6829486049571812,0.8879017685629648,0.4025117035584819,0.0213919055142106,B,DC14,5018.807873099481,0.6594613012182314,0.564682111607678,0.3723860000954579,0.04513748164235011,-0.052352990007629836,17.48635127684537,,,,0.5573684689455629,0.755136422553097,
2016,Eastern Cape,EC141,Elundini,63893.0,33855.0,894.0,34749.0,0.5438623949415429,,87760.6374600147,24720.227274423603,48686.15138561821,33250.1391695421,43228.51991981465,19596.745733931333,0.6829486049571812,0.8879017685629648,0.4025117035584819,0.0213919055142106,B,DC14,5018.807873099481,0.7280371001077879,0.5438623949415429,0.3959520008709173,0.045585761517572,-0.0763336001315801,17.48635127684537,0.564682111607678,0.6594613012182314,-0.020819716666135135,0.5371691500750583,0.8059159826549275,0.5573684689455629
2021,Eastern Cape,EC141,Elundini,61114.0,28439.0,851.0,29290.0,0.4792682527735052,,87760.6374600147,24720.227274423603,48686.15138561821,33250.1391695421,43228.51991981465,19596.745733931333,0.6829486049571812,0.8879017685629648,0.4025117035584819,0.0213919055142106,B,DC14,5018.807873099481,0.696371423097794,0.47926825277350527,0.33374871522947913,0.0004683499519328682,-0.0051975309112984105,17.48635127684537,0.5438623949415429,0.7280371001077879,-0.0645941421680376,0.46644610247557783,0.7890001098528524,0.5371691500750583
2026,Eastern Cape,EC141,Elundini,66796.0,,,,,12154.0,87760.6374600147,24720.227274423603,48686.15138561821,33250.1391695421,43228.51991981465,19596.745733931333,0.6829486049571812,0.8879017685629648,0.4025117035584819,0.0213919055142106,B,DC14,5018.807873099481,0.7611157112484904,,,-0.033508293835646706,,17.48635127684537,0.47926825277350527,0.696371423097794,,,0.8858644201542056,0.46644610247557783
2011,Eastern Cape,EC142,Senqu,62645.99963178927,36343.99978638299,995.999994145869,37339.99978052887,0.5960476327299429,,86835.10760533765,24756.949375178952,51420.17067466982,38427.142659901096,49207.52353065316,18984.81632031545,0.7473165132614147,0.9569692765507168,0.3692095158615954,0.0265475972573725,B,DC14,7329.425396109558,0.7214363102595902,0.596047632729943,0.4300104048956534,0.13495829042731516,0.0017046560663928735,11.847464557239306,,,,0.5914097802211993,0.6882978459370952,
2016,Eastern Cape,EC142,Senqu,64675.0,36800.0,699.0,37499.0,0.5798067259373793,,86835.10760533765,24756.949375178952,51420.17067466982,38427.142659901096,49207.52353065316,18984.81632031545,0.7473165132614147,0.9569692765507168,0.3692095158615954,0.0265475972573725,B,DC14,7329.425396109558,0.7448024397452869,0.5798067259373793,0.431841464058887,0.06835275459563138,-0.012335047650869442,11.847464557239306,0.596047632729943,0.7214363102595902,-0.016240906792563736,0.5635257089664442,0.7215368692947409,0.5914097802211993
2021,Eastern Cape,EC142,Senqu,60187.0,27278.0,624.0,27902.0,0.4635884825626796,,86835.10760533765,24756.949375178952,51420.17067466982,38427.142659901096,49207.52353065316,18984.81632031545,0.7473165132614147,0.9569692765507168,0.3692095158615954,0.0265475972573725,B,DC14,7329.425396109558,0.6931182750823284,0.46358848256267965,0.32132164938187857,-0.004214166174320168,-0.038460730555818966,11.847464557239306,0.5798067259373793,0.7448024397452869,-0.1162182433746996,0.49396628291398414,0.6995518241501895,0.5635257089664442
2026,Eastern Cape,EC142,Senqu,68460.0,,,,,13400.0,86835.10760533765,24756.949375178952,51420.17067466982,38427.142659901096,49207.52353065316,18984.81632031545,0.7473165132614147,0.9569692765507168,0.3692095158615954,0.0265475972573725,B,DC14,7329.425396109558,0.7883908005405852,,,0.0017002149791589512,,11.847464557239306,0.46358848256267965,0.6931182750823284,,,0.7786393417261588,0.49396628291398414
2011,Eastern Cape,EC145,Walter Sisulu,35247.97517566956,21212.756874754457,589.9804389187667,21802.737313673224,0.6185529014081605,,66731.8935932992,19654.93181741925,36402.796616460415,35545.65833171871,34078.090023049655,31594.729976341507,0.9764540539625978,0.936139340669239,0.8679204048310721,0.047747516332397,B,DC14,13267.75122895762,0.5282028319245679,0.6185529014081605,0.3267213942189484,-0.1768054485104415,0.03876679146522177,5.029631053652337,,,,0.6157042139576661,0.6889223194271965,
2016,Eastern Cape,EC145,Maletswai/Gariep,36607.0,20473.0,391.0,20864.0,0.569945638812249,,66731.8935932992,19654.93181741925,36402.796616460415,35545.65833171871,34078.090023049655,31594.729976341507,0.9764540539625978,0.936139340669239,0.8679204048310721,0.047747516332397,B,DC14,13267.75122895762,0.5485682786570265,0.569945638812249,0.31265409801131483,-0.23745449258862156,-0.02948887873933654,5.029631053652337,0.6185529014081605,0.5282028319245679,-0.04860726259591153,0.5900240385578518,0.7152318948796795,0.6157042139576661
2021,Eastern Cape,EC145,Walter Sisulu,36110.0,16828.0,247.0,17075.0,0.4728607034062586,,66731.8935932992,19654.93181741925,36402.796616460415,35545.65833171871,34078.090023049655,31594.729976341507,0.9764540539625978,0.936139340669239,0.8679204048310721,0.047747516332397,B,DC14,13267.75122895762,0.5411205655285937,0.47286070340625863,0.2558746512434433,-0.2517727110988243,-0.018657149083203366,5.029631053652337,0.569945638812249,0.5485682786570265,-0.09708493540599039,0.5126456344829821,0.6897562628306718,0.5900240385578518
2026,Eastern Cape,EC145,Walter Sisulu,41413.0,,,,,8940.0,66731.8935932992,19654.93181741925,36402.796616460415,35545.65833171871,34078.090023049655,31594.729976341507,0.9764540539625978,0.936139340669239,0.8679204048310721,0.047747516332397,B,DC14,13267.75122895762,0.6205878144623552,,,-0.2376265749833176,,5.029631053652337,0.47286070340625863,0.5411205655285937,,,0.7681263146031764,0.5126456344829821
2011,Eastern Cape,EC153,Ingquza Hill,121850.9979890372,63871.99894589116,1722.9999715645426,65594.9989174557,0.5383213925203733,,191794.0344116625,75577.15752973809,74275.05656449712,19273.825293933733,68992.45169342417,12818.029167969926,0.2594925697188424,0.928877807498056,0.1725751518861426,0.0351623427881286,B,DC15,2476.8300344638865,0.6353221483807933,0.5383213925203731,0.34200750361538373,0.007846380712233555,-0.10016016282735546,77.4352828990854,,,,0.5559330751733463,0.6908602818601843,
2016,Eastern Cape,EC153,Ngquza Hill,136794.0,68250.0,2328.0,70578.0,0.5159436817404273,,191794.0344116625,75577.15752973809,74275.05656449712,19273.825293933733,68992.45169342417,12818.029167969926,0.2594925697188424,0.928877807498056,0.1725751518861426,0.0351623427881286,B,DC15,2476.8300344638865,0.7132338626674298,0.5159436817404273,0.36798850504658004,0.025043117698572766,-0.1290322489040187,77.4352828990854,0.5383213925203731,0.6353221483807933,-0.02237771077994588,0.5415613638479164,0.7682029067549222,0.5559330751733463
2021,Eastern Cape,EC153,Ngquza Hill,139517.0,61693.0,1581.0,63274.0,0.4535217930431417,,191794.0344116625,75577.15752973809,74275.05656449712,19273.825293933733,68992.45169342417,12818.029167969926,0.2594925697188424,0.928877807498056,0.1725751518861426,0.0351623427881286,B,DC15,2476.8300344638865,0.7274313845473618,0.4535217930431417,0.32990598583577463,0.04410485590811846,-0.06041467461032945,77.4352828990854,0.5159436817404273,0.7132338626674298,-0.062421888697285544,0.4715167643521333,0.779906935361876,0.5415613638479164
2026,Eastern Cape,EC153,Ngquza Hill,157026.0,,,,,38556.0,191794.0344116625,75577.15752973809,74275.05656449712,19273.825293933733,68992.45169342417,12818.029167969926,0.2594925697188424,0.928877807498056,0.1725751518861426,0.0351623427881286,B,DC15,2476.8300344638865,0.8187220237672401,,,0.039450925207528284,,77.4352828990854,0.4535217930431417,0.7274313845473618,,,0.9200938771756801,0.4715167643521333
2011,Eastern Cape,EC154,Port St Johns,68018.9989166401,37822.99939758125,1042.9999833878128,38865.99938096906,0.5713991678795631,,97449.8259003423,36944.9903029434,38168.3206638276,15829.35821244674,34871.160396242696,5806.813698214385,0.4147250373383165,0.913615264956898,0.152136997311426,0.0219148797513178,B,DC15,1291.1995215213944,0.6979899480395191,0.571399167879563,0.3988308754980806,0.10191889174741825,-0.040527894981259346,75.47232188060225,,,,0.5388570018595258,0.6683753619560935,
2016,Eastern Cape,EC154,Port St Johns,75867.0,41725.0,866.0,42591.0,0.5613903278105105,,97449.8259003423,36944.9903029434,38168.3206638276,15829.35821244674,34871.160396242696,5806.813698214385,0.4147250373383165,0.913615264956898,0.152136997311426,0.0219148797513178,B,DC15,1291.1995215213944,0.7785237100124313,0.5613903278105105,0.4370556807721336,0.11263319976425097,-0.04461342943089149,75.47232188060225,0.571399167879563,0.6979899480395191,-0.01000884006905256,0.511648856556837,0.7553774781046159,0.5388570018595258
2021,Eastern Cape,EC154,Port St Johns,76248.0,38048.0,1118.0,39166.0,0.513665932221173,,97449.8259003423,36944.9903029434,38168.3206638276,15829.35821244674,34871.160396242696,5806.813698214385,0.4147250373383165,0.913615264956898,0.152136997311426,0.0219148797513178,B,DC15,1291.1995215213944,0.7824334142779846,0.513665932221173,0.4019093891460962,0.11699400330314744,0.064115118608629,75.47232188060225,0.5613903278105105,0.7785237100124313,-0.0477243955893375,0.43834922053105074,0.7616160003416912,0.511648856556837
2026,Eastern Cape,EC154,Port St Johns,96887.0,,,,,29506.0,97449.8259003423,36944.9903029434,38168.3206638276,15829.35821244674,34871.160396242696,5806.813698214385,0.4147250373383165,0.913615264956898,0.152136997311426,0.0219148797513178,B,DC15,1291.1995215213944,0.9942244545319365,,,0.2336692988401853,,75.47232188060225,0.513665932221173,0.7824334142779846,,,0.8636616437057598,0.43834922053105074
2011,Eastern Cape,EC155,Nyandeni,118638.9979861033,62546.99893826485,1445.999975454154,63992.998913719006,0.5393926111986783,,169139.1000091832,62027.456671373846,69708.99312278809,31166.66218047406,64444.159046493005,13756.902712069766,0.4470967200110882,0.9244741052704434,0.1973476031684725,0.0299730963763267,B,DC15,2474.0105032974357,0.7014285755313937,0.5393926111986783,0.3783453909252478,0.10683326776074702,-0.09817221606710086,68.3663629494497,,,,0.5372350587028543,0.7125367490744746,
2016,Eastern Cape,EC155,Nyandeni,134892.0,67291.0,1147.0,68438.0,0.5073540313732467,,169139.1000091832,62027.456671373846,69708.99312278809,31166.66218047406,64444.159046493005,13756.902712069766,0.4470967200110882,0.9244741052704434,0.1973476031684725,0.0299730963763267,B,DC15,2474.0105032974357,0.797521093541802,0.5073540313732467,0.4046255419136335,0.13674203682427916,-0.14582081788036885,68.3663629494497,0.5393926111986783,0.7014285755313937,-0.03203857982543157,0.518233045351924,0.7785111566408182,0.5372350587028543
2021,Eastern Cape,EC155,Nyandeni,134601.0,55741.0,1219.0,56960.0,0.4231766480189597,,169139.1000091832,62027.456671373846,69708.99312278809,31166.66218047406,64444.159046493005,13756.902712069766,0.4470967200110882,0.9244741052704434,0.1973476031684725,0.0299730963763267,B,DC15,2474.0105032974357,0.7958006161360206,0.42317664801895977,0.3367642372278641,0.1339338503112502,-0.12966829875050498,68.3663629494497,0.5073540313732467,0.797521093541802,-0.08417738335428698,0.46051629356693635,0.7792597706248505,0.518233045351924
2026,Eastern Cape,EC155,Nyandeni,153680.0,,,,,37302.0,169139.1000091832,62027.456671373846,69708.99312278809,31166.66218047406,64444.159046493005,13756.902712069766,0.4470967200110882,0.9244741052704434,0.1973476031684725,0.0299730963763267,B,DC15,2474.0105032974357,0.9086012636442794,,,0.14361265237050103,,68.3663629494497,0.42317664801895977,0.7958006161360206,,,0.9141968847906184,0.46051629356693635
2011,Eastern Cape,EC156,Kumkani Mhlontlo,90367.9963011462,49298.99798214199,1431.9999413867893,50730.997923528776,0.5613823477337111,,111325.5151531026,35801.676948884415,51777.50528974066,31241.9707047844,49088.54474308378,11673.884068405489,0.6033888757281394,0.9480670122747364,0.2254624668199026,0.0247630050993851,B,DC15,2880.264990793322,0.8117455928846664,0.5613823477337111,0.45569964669608726,0.2529011719929987,-0.05821370835570916,38.65113644367833,,,,0.5341261436791391,0.7019988127641754,
2016,Eastern Cape,EC156,Mhlontlo,96967.0,49683.0,1158.0,50841.0,0.5243123949384842,,111325.5151531026,35801.676948884415,51777.50528974066,31241.9707047844,49088.54474308378,11673.884068405489,0.6033888757281394,0.9480670122747364,0.2254624668199026,0.0247630050993851,B,DC15,2880.264990793322,0.8710222437923977,0.5243123949384842,0.45668775868748435,0.22490126768246385,-0.11294218428813177,38.65113644367833,0.5613823477337111,0.8117455928846664,-0.037069952795226846,0.5164466272457826,0.77548495299065,0.5341261436791391
2021,Eastern Cape,EC156,Mhlontlo,93164.0,41588.0,1276.0,42864.0,0.4600918809840711,,111325.5151531026,35801.676948884415,51777.50528974066,31241.9707047844,49088.54474308378,11673.884068405489,0.6033888757281394,0.9480670122747364,0.2254624668199026,0.0247630050993851,B,DC15,2880.264990793322,0.8368611622580356,0.4600918809840711,0.38503302626581554,0.18424335937615846,-0.046031787425598845,38.65113644367833,0.5243123949384842,0.8710222437923977,-0.06422051395441314,0.44965201264810134,0.7780458954363645,0.5164466272457826
2026,Eastern Cape,EC156,Kumkani Mhlontlo,103266.0,,,,,21972.0,111325.5151531026,35801.676948884415,51777.50528974066,31241.9707047844,49088.54474308378,11673.884068405489,0.6033888757281394,0.9480670122747364,0.2254624668199026,0.0247630050993851,B,DC15,2880.264990793322,0.9276040614586998,,,0.16431129211738046,,38.65113644367833,0.4600918809840711,0.8368611622580356,,,0.8863677417541798,0.44965201264810134
2011,Eastern Cape,EC157,King Sabata Dalindyebo,194100.50775300412,90360.84673507608,1982.489772980745,92343.33650805683,0.4757501027538019,,287642.95689906954,97566.87681513064,131205.52300446053,90321.20988386607,123637.03812448,50659.3201910968,0.6883948771028142,0.942315805717087,0.3861066137389244,0.071506874197634,B,DC15,3018.9296090272787,0.6747966640501184,0.4757501027538019,0.32103458225976655,0.06812559722510328,-0.22372320633428913,95.27978262194401,,,,0.5581596922952704,0.7871259581610636,
2016,Eastern Cape,EC157,King Sabata Dalindyebo,211426.0,93699.0,1809.0,95508.0,0.4517325210712022,,287642.95689906954,97566.87681513064,131205.52300446053,90321.20988386607,123637.03812448,50659.3201910968,0.6883948771028142,0.942315805717087,0.3861066137389244,0.071506874197634,B,DC15,3018.9296090272787,0.7350292956214702,0.4517325210712022,0.33203663677227674,0.055144109339789825,-0.26193962738792637,95.27978262194401,0.4757501027538019,0.6747966640501184,-0.02401758168259971,0.5256675724079684,0.8511644491782449,0.5581596922952704
2021,Eastern Cape,EC157,King Sabata Dalindyebo,206563.0,79454.0,1836.0,81290.0,0.3935361124693193,,287642.95689906954,97566.87681513064,131205.52300446053,90321.20988386607,123637.03812448,50659.3201910968,0.6883948771028142,0.942315805717087,0.3861066137389244,0.071506874197634,B,DC15,3018.9296090272787,0.7181229195626733,0.3935361124693193,0.2826073020398121,0.03122592964212328,-0.2022851621101721,95.27978262194401,0.4517325210712022,0.7350292956214702,-0.05819640860188291,0.4583889182182671,0.819064417615239,0.5256675724079684
2026,Eastern Cape,EC157,King Sabata Dalindyebo,249284.0,,,,,55265.0,287642.95689906954,97566.87681513064,131205.52300446053,90321.20988386607,123637.03812448,50659.3201910968,0.6883948771028142,0.942315805717087,0.3861066137389244,0.071506874197634,B,DC15,3018.9296090272787,0.8666438514170565,,,0.09633441799338326,,95.27978262194401,0.3935361124693193,0.7181229195626733,,,0.9077168035214764,0.4583889182182671
2011,Eastern Cape,EC441,Matatiele,89855.98694008606,51559.99250613022,1881.9997264650328,53441.99223259526,0.5947516025641025,,129065.23521105078,41387.84081048024,63257.36896960088,45509.88032694762,52800.44268385932,15966.91372377529,0.7194399809580756,0.8346923614422413,0.2524119163325997,0.0327673157777463,B,DC44,4352.30973397934,0.6962059674175718,0.5947516025641025,0.4140696148362922,0.09935973693163258,-0.0004720847966595466,29.654423306184537,,,,0.5563478944088244,0.6933388536727428,
2016,Eastern Cape,EC441,Matatiele,97535.0,56091.0,1734.0,57825.0,0.5928641000666427,,129065.23521105078,41387.84081048024,63257.36896960088,45509.88032694762,52800.44268385932,15966.91372377529,0.7194399809580756,0.8346923614422413,0.2524119163325997,0.0327673157777463,B,DC44,4352.30973397934,0.7557031127747783,0.5928641000666427,0.44802924587277954,0.08288234401256123,0.009935334637693458,29.654423306184537,0.5947516025641025,0.6962059674175718,-0.0018875024974598364,0.5418163244432846,0.7795738069745135,0.5563478944088244
2021,Eastern Cape,EC441,Matatiele,99232.0,50595.0,1193.0,51788.0,0.5218881006127056,,129065.23521105078,41387.84081048024,63257.36896960088,45509.88032694762,52800.44268385932,15966.91372377529,0.7194399809580756,0.8346923614422413,0.2524119163325997,0.0327673157777463,B,DC44,4352.30973397934,0.7688515024028996,0.5218881006127056,0.40125445024227435,0.09948302413480047,0.07999520002767183,29.654423306184537,0.5928641000666427,0.7557031127747783,-0.07097599945393707,0.47368951545991744,0.7873040971122726,0.5418163244432846
2026,Eastern Cape,EC441,Matatiele,107450.0,,,,,23629.0,129065.23521105078,41387.84081048024,63257.36896960088,45509.88032694762,52800.44268385932,15966.91372377529,0.7194399809580756,0.8346923614422413,0.2524119163325997,0.0327673157777463,B,DC44,4352.30973397934,0.8325247292525754,,,0.05616923450776584,,29.654423306184537,0.5218881006127056,0.7688515024028996,,,0.8681557307327474,0.47368951545991744
2011,Eastern Cape,EC442,Umzimvubu,92037.74617071068,49343.32779634229,1413.980737354653,50757.30853369695,0.551483610208716,,125824.33058443044,42175.27851048973,57906.41320173153,39240.69605176832,51083.98286155404,13416.15161572201,0.6776571692510724,0.8821817832783073,0.2316868007172794,0.034457608662042,B,DC44,2578.898653312907,0.7314781310038575,0.551483610208716,0.4033982004747314,0.14878151409291562,-0.07600380881121235,48.78994776424963,,,,0.5644390908217858,0.703418765697739,
2016,Eastern Cape,EC442,Umzimvubu,103439.0,54438.0,1574.0,56012.0,0.5414978876439254,,125824.33058443044,42175.27851048973,57906.41320173153,39240.69605176832,51083.98286155404,13416.15161572201,0.6776571692510724,0.8821817832783073,0.2316868007172794,0.034457608662042,B,DC44,2578.898653312907,0.8220906045718283,0.5414978876439254,0.44516032582756254,0.16708436645470556,-0.0806906990161929,48.78994776424963,0.551483610208716,0.7314781310038575,-0.009985722564790578,0.5497714461498274,0.773353832730724,0.5644390908217858
2021,Eastern Cape,EC442,Umzimvubu,106760.0,49190.0,1042.0,50232.0,0.470513300861746,,125824.33058443044,42175.27851048973,57906.41320173153,39240.69605176832,51083.98286155404,13416.15161572201,0.6776571692510724,0.8821817832783073,0.2316868007172794,0.034457608662042,B,DC44,2578.898653312907,0.8484845459071374,0.470513300861746,0.3992232644249469,0.19803704916531528,-0.023633769975205842,48.78994776424963,0.5414978876439254,0.8220906045718283,-0.07098458678217939,0.48029328404719723,0.7767556868540191,0.5497714461498274
2026,Eastern Cape,EC442,Umzimvubu,117229.0,,,,,28810.0,125824.33058443044,42175.27851048973,57906.41320173153,39240.69605176832,51083.98286155404,13416.15161572201,0.6776571692510724,0.8821817832783073,0.2316868007172794,0.034457608662042,B,DC44,2578.898653312907,0.9316878496829132,,,0.16870414163913067,,48.78994776424963,0.470513300861746,0.8484845459071374,,,0.8684096539588514,0.48029328404719723
2011,Eastern Cape,EC443,Winnie Madikizela-Mandela,116656.2053950224,65039.1053031717,1877.0218025810468,66916.12710575275,0.5736182389883221,,187793.75429284773,73709.33644942453,71762.99817426327,31210.300234195427,66409.72967536649,10622.234018114925,0.4349079752549767,0.9254034999220998,0.1480182585504688,0.0402348648833706,B,DC44,2415.488165882933,0.6211932118525485,0.5736182389883221,0.3563277562543586,-0.014643646081886839,-0.03665184231396296,77.74567350206972,,,,0.5787513546243913,0.6681773390507585,
2016,Eastern Cape,EC443,Mbizana,131835.0,71856.0,1934.0,73790.0,0.5597147950089126,,187793.75429284773,73709.33644942453,71762.99817426327,31210.300234195427,66409.72967536649,10622.234018114925,0.4349079752549767,0.9254034999220998,0.1480182585504688,0.0402348648833706,B,DC44,2415.488165882933,0.7020201523550937,0.5597147950089126,0.3929310656675569,0.009195863605176352,-0.047602505147356346,77.74567350206972,0.5736182389883221,0.6211932118525485,-0.013903443979409458,0.5611914475992402,0.7573824165219891,0.5787513546243913
2021,Eastern Cape,EC443,Winnie Madikizela-Mandela,133323.0,61246.0,1077.0,62323.0,0.4674587280514239,,187793.75429284773,73709.33644942453,71762.99817426327,31210.300234195427,66409.72967536649,10622.234018114925,0.4349079752549767,0.9254034999220998,0.1480182585504688,0.0402348648833706,B,DC44,2415.488165882933,0.7099437385553014,0.46745872805142397,0.33186939701313384,0.019770903508146576,-0.0301469356441361,77.74567350206972,0.5597147950089126,0.7020201523550937,-0.09225606695748867,0.48318713570475297,0.7726687076759124,0.5611914475992402
2026,Eastern Cape,EC443,Winnie Madikizela-Mandela,152819.0,,,,,39637.0,187793.75429284773,73709.33644942453,71762.99817426327,31210.300234195427,66409.72967536649,10622.234018114925,0.4349079752549767,0.9254034999220998,0.1480182585504688,0.0402348648833706,B,DC44,2415.488165882933,0.813759757748345,,,0.033371492825930126,,77.74567350206972,0.46745872805142397,0.7099437385553014,,,0.8787775562026939,0.48318713570475297
2011,Eastern Cape,EC444,Ntabankulu,59947.213933276296,31196.22382686556,1134.6444287474335,32330.868255612997,0.5393222826268219,,80701.18734865852,30347.86110306694,31959.38480990552,15756.675022419658,30336.52657540749,5846.31209108926,0.4930218499555104,0.9492212305039414,0.1829294313974795,0.0298342364228084,B,DC44,1384.521914274268,0.7428293920172759,0.5393222826268219,0.4006244433050516,0.1641805880948549,-0.09830260931995881,58.288125681968765,,,,0.5528396401299601,0.7002335319306519,
2016,Eastern Cape,EC444,Ntabankulu,64137.0,33723.0,769.0,34492.0,0.537786301198996,,80701.18734865852,30347.86110306694,31959.38480990552,15756.675022419658,30336.52657540749,5846.31209108926,0.4930218499555104,0.9492212305039414,0.1829294313974795,0.0298342364228084,B,DC44,1384.521914274268,0.7947466711103617,0.537786301198996,0.42740387264665636,0.13325716411527305,-0.08756859292921586,58.288125681968765,0.5393222826268219,0.7428293920172759,-0.001535981427825961,0.5297645581409992,0.7811775913857103,0.5528396401299601
2021,Eastern Cape,EC444,Ntabankulu,67099.0,31605.0,721.0,32326.0,0.4817657491169764,,80701.18734865852,30347.86110306694,31959.38480990552,15756.675022419658,30336.52657540749,5846.31209108926,0.4930218499555104,0.9492212305039414,0.1829294313974795,0.0298342364228084,B,DC44,1384.521914274268,0.8314499724781976,0.4817657491169764,0.4005641188442483,0.17775630951691518,0.0,58.288125681968765,0.537786301198996,0.7947466711103617,-0.05602055208201956,0.45495247019186846,0.7837042894807713,0.5297645581409992
2026,Eastern Cape,EC444,Ntabankulu,77779.0,,,,,22024.0,80701.18734865852,30347.86110306694,31959.38480990552,15756.675022419658,30336.52657540749,5846.31209108926,0.4930218499555104,0.9492212305039414,0.1829294313974795,0.0298342364228084,B,DC44,1384.521914274268,0.9637900327781597,,,0.20257977085190487,,58.288125681968765,0.4817657491169764,0.8314499724781976,,,0.8800749912602954,0.45495247019186846
2011,Gauteng,EKU,Ekurhuleni,1424372.7689298214,782639.4332479576,14320.80664862199,796960.2398965796,0.5595166218288224,,2744084.0948921163,831216.1659036075,1531535.623382417,1513452.4782306852,1382222.1215781406,1346532.1287292372,0.98819280147608,0.9025073269438452,0.8792039232854427,0.0746054722398783,A,EKU,1975.6849298138086,0.5190703781932823,0.5595166218288224,0.2904285044981146,-0.19424633239390773,-0.06154269282009093,1388.9279882044364,,,,0.5936544713209266,0.5393921354596329,
2016,Gauteng,EKU,Ekurhuleni,1587116.0,900421.0,16086.0,916507.0,0.5774669274331555,,2744084.0948921163,831216.1659036075,1531535.623382417,1513452.4782306852,1382222.1215781406,1346532.1287292372,0.98819280147608,0.9025073269438452,0.8792039232854427,0.0746054722398783,A,EKU,1975.6849298138086,0.5783773183024107,0.5774669274331555,0.3339937728971213,-0.18453979154472083,-0.016378692273022084,1388.9279882044364,0.5595166218288224,0.5190703781932823,0.017950305604333083,0.6010701182325029,0.609643928037631,0.5936544713209266
2021,Gauteng,EKU,Ekurhuleni,1575840.0,669897.0,9879.0,679776.0,0.4313737435272616,,2744084.0948921163,831216.1659036075,1531535.623382417,1513452.4782306852,1382222.1215781406,1346532.1287292372,0.98819280147608,0.9025073269438452,0.8792039232854427,0.0746054722398783,A,EKU,1975.6849298138086,0.5742681147903939,0.43137374352726165,0.24772418646547542,-0.19231843571525184,-0.11048312953460979,1388.9279882044364,0.5774669274331555,0.5783773183024107,-0.14609318390589388,0.4868013419047612,0.6199505986538384,0.6010701182325029
2026,Gauteng,EKU,Ekurhuleni,1711727.0,,,,,256043.0,2744084.0948921163,831216.1659036075,1531535.623382417,1513452.4782306852,1382222.1215781406,1346532.1287292372,0.98819280147608,0.9025073269438452,0.8792039232854427,0.0746054722398783,A,EKU,1975.6849298138086,0.6237880986177636,,,-0.23248296656480952,,1388.9279882044364,0.43137374352726165,0.5742681147903939,,,0.7025020524497843,0.4868013419047612
2011,KwaZulu-Natal,ETH,eThekwini,1669062.2451279615,970534.041462919,15813.24573725756,986347.2872001764,0.5909589591876224,,2996286.651188382,867904.3131543059,1200835.247797913,1155832.242662981,1171741.8892861102,982252.0076969255,0.9625235808013978,0.9757723979495488,0.8179739972641339,0.0803077146105973,A,ETH,2501.222226233101,0.5570435807488515,0.5909589591876224,0.3291898947014876,-0.12364233103625512,-0.006869356497418031,1197.9290043735375,,,,0.6497322903476574,0.6155154564888676,
2016,KwaZulu-Natal,ETH,eThekwini,1919724.0,1121053.0,20298.0,1141351.0,0.5945391108305152,,2996286.651188382,867904.3131543059,1200835.247797913,1155832.242662981,1171741.8892861102,982252.0076969255,0.9625235808013978,0.9757723979495488,0.8179739972641339,0.0803077146105973,A,ETH,2501.222226233101,0.6407010488260869,0.5945391108305152,0.38092183187724027,-0.08220328142320545,0.012756637223968623,1197.9290043735375,0.5909589591876224,0.5570435807488515,0.003580151642892826,0.644595098749851,0.6900067432228774,0.6497322903476574
2021,KwaZulu-Natal,ETH,eThekwini,1909125.0,776015.0,14503.0,790518.0,0.4140734629738755,,2996286.651188382,867904.3131543059,1200835.247797913,1155832.242662981,1171741.8892861102,982252.0076969255,0.9625235808013978,0.9757723979495488,0.8179739972641339,0.0803077146105973,A,ETH,2501.222226233101,0.6371636703193289,0.4140734629738755,0.26383256745026923,-0.08838826007030476,-0.1514145933525334,1197.9290043735375,0.5945391108305152,0.6407010488260869,-0.18046564785663977,0.49931427233234205,0.7076261972031579,0.644595098749851
2026,KwaZulu-Natal,ETH,eThekwini,2031920.0,,,,,343097.0,2996286.651188382,867904.3131543059,1200835.247797913,1155832.242662981,1171741.8892861102,982252.0076969255,0.9625235808013978,0.9757723979495488,0.8179739972641339,0.0803077146105973,A,ETH,2501.222226233101,0.6781460642939832,,,-0.14893099291381978,,1197.9290043735375,0.4140734629738755,0.6371636703193289,,,0.8564798940479289,0.49931427233234205
2011,Free State,FS161,Letsemeng,18037.94647559801,10933.936740210356,201.943423381411,11135.880163591768,0.6173585323948346,,27456.744766039355,8252.769002261964,11904.333814862905,11329.126651873868,10600.751350628108,8401.021836690477,0.9516808607743448,0.8904951352584524,0.7057112113406598,0.0170081918924392,B,DC16,9826.034555522358,0.6569586682361833,0.6173585323948346,0.4055790392663552,0.04133529684557872,0.03683401642573579,2.7942853865304507,,,,0.6277302259230095,0.6787773940163557,
2016,Free State,FS161,Letsemeng,19458.0,11337.0,200.0,11537.0,0.5929180799671087,,27456.744766039355,8252.769002261964,11904.333814862905,11329.126651873868,10600.751350628108,8401.021836690477,0.9516808607743448,0.8904951352584524,0.7057112113406598,0.0170081918924392,B,DC16,9826.034555522358,0.7086783289790118,0.5929180799671087,0.42018819413253466,0.018635479727870472,0.010026379859003415,2.7942853865304507,0.6173585323948346,0.6569586682361833,-0.024440452427725967,0.630553508902899,0.7275090207325002,0.6277302259230095
2021,Free State,FS161,Letsemeng,19472.0,9665.0,229.0,9894.0,0.508114215283484,,27456.744766039355,8252.769002261964,11904.333814862905,11329.126651873868,10600.751350628108,8401.021836690477,0.9516808607743448,0.8904951352584524,0.7057112113406598,0.0170081918924392,B,DC16,9826.034555522358,0.7091882219076636,0.508114215283484,0.3603486168629018,0.018706144570902524,0.053248257309654864,2.7942853865304507,0.5929180799671087,0.7086783289790118,-0.08480386468362466,0.5407607321476321,0.7297785711853474,0.630553508902899
2026,Free State,FS161,Letsemeng,21230.0,,,,,4445.0,27456.744766039355,8252.769002261964,11904.333814862905,11329.126651873868,10600.751350628108,8401.021836690477,0.9516808607743448,0.8904951352584524,0.7057112113406598,0.0170081918924392,B,DC16,9826.034555522358,0.773216205376936,,,-0.017734985756619817,,2.7942853865304507,0.508114215283484,0.7091882219076636,,,0.7956820783853663,0.5407607321476321
2011,Free State,FS162,Kopanong,25153.891899892085,16384.975416922985,328.9593526678259,16713.93476959081,0.6644671463211034,,32774.47608091093,8819.352003357946,15725.543439779343,15206.247444035616,15102.26757489308,11609.688296754228,0.9669775484877606,0.9603653846830104,0.7382694493969826,0.0350832309064571,B,DC16,15646.177692426594,0.7674841800001387,0.6644671463211034,0.5099680229312842,0.19683205704950146,0.1103695072354984,2.094727333742039,,,,0.6272283860990935,0.6776883126629945,
2016,Free State,FS162,Kopanong,25908.0,15783.0,332.0,16115.0,0.6220086459780763,,32774.47608091093,8819.352003357946,15725.543439779343,15206.247444035616,15102.26757489308,11609.688296754228,0.9669775484877606,0.9603653846830104,0.7382694493969826,0.0350832309064571,B,DC16,15646.177692426594,0.7904931854910652,0.6220086459780763,0.49169359596219375,0.12789078904057544,0.057924128413817264,2.094727333742039,0.6644671463211034,0.7674841800001387,-0.04245850034302712,0.6119238167449698,0.7186360958825602,0.6272283860990935
2021,Free State,FS162,Kopanong,24967.0,12026.0,257.0,12283.0,0.4919693996074818,,32774.47608091093,8819.352003357946,15725.543439779343,15206.247444035616,15102.26757489308,11609.688296754228,0.9669775484877606,0.9603653846830104,0.7382694493969826,0.0350832309064571,B,DC16,15646.177692426594,0.7617818188264406,0.49196939960748187,0.3747733440399395,0.09024536577178616,0.020958520405481545,2.094727333742039,0.6220086459780763,0.7904931854910652,-0.13003924637059439,0.5402366335083032,0.7199360972719152,0.6119238167449698
2026,Free State,FS162,Kopanong,27242.0,,,,,4731.0,32774.47608091093,8819.352003357946,15725.543439779343,15206.247444035616,15102.26757489308,11609.688296754228,0.9669775484877606,0.9603653846830104,0.7382694493969826,0.0350832309064571,B,DC16,15646.177692426594,0.83119559051828,,,0.05457144309863554,,2.094727333742039,0.49196939960748187,0.7617818188264406,,,0.8017491745646893,0.5402366335083032
2011,Free State,FS163,Mohokare,17766.80689596949,9987.518578609754,174.9390202438902,10162.457598853644,0.5719912226410848,,23388.18095635231,6951.933201415547,11062.654927083164,10681.221981904218,10146.25119520883,7188.530843967284,0.9655206686195068,0.917162404692672,0.6498015974780702,0.0494844292692331,B,DC16,8774.577976596514,0.7596489410239476,0.5719912226410847,0.43451252655429307,0.18657059703552964,-0.03949228226429977,2.665447958720417,,,,0.6063072526200726,0.6871471898526066,
2016,Free State,FS163,Mohokare,18483.0,10056.0,199.0,10255.0,0.5548341719417843,,23388.18095635231,6951.933201415547,11062.654927083164,10681.221981904218,10146.25119520883,7188.530843967284,0.9655206686195068,0.917162404692672,0.6498015974780702,0.0494844292692331,B,DC16,8774.577976596514,0.7902709507205157,0.5548341719417843,0.43846932855266396,0.12760961518683872,-0.05636058470911273,2.665447958720417,0.5719912226410847,0.7596489410239476,-0.017157050699300402,0.5867035842984647,0.7219353531205304,0.6063072526200726
2021,Free State,FS163,Mohokare,17838.0,8763.0,199.0,8962.0,0.5024105841462048,,23388.18095635231,6951.933201415547,11062.654927083164,10681.221981904218,10146.25119520883,7188.530843967284,0.9655206686195068,0.917162404692672,0.6498015974780702,0.0494844292692331,B,DC16,8774.577976596514,0.7626929188417767,0.5024105841462048,0.383184994879471,0.09144066288140762,0.041959683869245014,2.665447958720417,0.5548341719417843,0.7902709507205157,-0.05242358779557954,0.46538939388975364,0.6931563170906015,0.5867035842984647
2026,Free State,FS163,Mohokare,19918.0,,,,,3900.0,23388.18095635231,6951.933201415547,11062.654927083164,10681.221981904218,10146.25119520883,7188.530843967284,0.9655206686195068,0.917162404692672,0.6498015974780702,0.0494844292692331,B,DC16,8774.577976596514,0.8516267270708885,,,0.07885462534932416,,2.665447958720417,0.5024105841462048,0.7626929188417767,,,0.7714543693179116,0.46538939388975364
2011,Free State,FS181,Masilonyana,30721.350645841198,16106.451430055244,634.0060445666637,16740.457474621908,0.5449128089323799,,42250.12038885072,12097.775889071134,19138.434618981664,18425.8625915096,17550.479834970953,15759.706568726771,0.962767486387558,0.9170279693389468,0.8234584950378417,0.0307851239806202,B,DC18,6548.855141642758,0.7271304877499989,0.5449128089323798,0.3962227165402233,0.14282013956997366,-0.08799013023910385,6.4515277059941845,,,,0.5495565244685835,0.7019396750445697,
2016,Free State,FS181,Masilonyana,31153.0,17915.0,269.0,18184.0,0.5836998041922127,,42250.12038885072,12097.775889071134,19138.434618981664,18425.8625915096,17550.479834970953,15759.706568726771,0.962767486387558,0.9170279693389468,0.8234584950378417,0.0307851239806202,B,DC18,6548.855141642758,0.7373470113997802,0.5836998041922127,0.43038930617576493,0.0582923774579491,-0.00564304776499348,6.4515277059941845,0.5449128089323798,0.7271304877499989,0.03878699525983287,0.5706624980053968,0.7508512713956353,0.5495565244685835
2021,Free State,FS181,Masilonyana,29408.0,12825.0,325.0,13150.0,0.4471572361262241,,42250.12038885072,12097.775889071134,19138.434618981664,18425.8625915096,17550.479834970953,15759.706568726771,0.962767486387558,0.9170279693389468,0.8234584950378417,0.0307851239806202,B,DC18,6548.855141642758,0.6960453539384566,0.44715723612622416,0.3112417166856197,0.0,-0.07454770680019371,6.4515277059941845,0.5836998041922127,0.7373470113997802,-0.13654256806598852,0.47353450252109425,0.7273674787716856,0.5706624980053968
2026,Free State,FS181,Masilonyana,32578.0,,,,,6301.0,42250.12038885072,12097.775889071134,19138.434618981664,18425.8625915096,17550.479834970953,15759.706568726771,0.962767486387558,0.9170279693389468,0.8234584950378417,0.0307851239806202,B,DC18,6548.855141642758,0.7710747259455603,,,-0.020508402035379,,6.4515277059941845,0.44715723612622416,0.6960453539384566,,,0.7908777202176577,0.47353450252109425
2011,Free State,FS182,Tokologo,12392.530546873504,6888.069175388377,180.81805957147157,7068.887234959848,0.5704151551793631,,18498.85425804902,5821.879159971853,8850.404860396931,8725.382871573787,8363.703993655135,3983.097796886559,0.9858738678291904,0.9450080674930876,0.4500469594006709,0.0249776236469622,B,DC18,9316.496521422143,0.6699080047879938,0.5704151551793631,0.38212567850704104,0.06085458684932095,-0.042251490357381204,1.9856020141813149,,,,0.5927436562630152,0.6665367402397535,
2016,Free State,FS182,Tokologo,13761.0,8267.0,359.0,8626.0,0.626843979361965,,18498.85425804902,5821.879159971853,8850.404860396931,8725.382871573787,8363.703993655135,3983.097796886559,0.9858738678291904,0.9450080674930876,0.4500469594006709,0.0249776236469622,B,DC18,9316.496521422143,0.7438839080540603,0.626843979361965,0.4662991491079373,0.06711873802908497,0.06566780840959355,1.9856020141813149,0.5704151551793631,0.6699080047879938,0.05642882418260187,0.5901221233518869,0.7092779030358134,0.5927436562630152
2021,Free State,FS182,Tokologo,13614.0,7454.0,171.0,7625.0,0.5600852064051711,,18498.85425804902,5821.879159971853,8850.404860396931,8725.382871573787,8363.703993655135,3983.097796886559,0.9858738678291904,0.9450080674930876,0.4500469594006709,0.0249776236469622,B,DC18,9316.496521422143,0.735937469969332,0.5600852064051711,0.4121876897690727,0.055730333922796436,0.15063092821702487,1.9856020141813149,0.626843979361965,0.7438839080540603,-0.06675877295679389,0.47901844266452415,0.6932079169827615,0.5901221233518869
2026,Free State,FS182,Tokologo,15299.0,,,,,3157.0,18498.85425804902,5821.879159971853,8850.404860396931,8725.382871573787,8363.703993655135,3983.097796886559,0.9858738678291904,0.9450080674930876,0.4500469594006709,0.0249776236469622,B,DC18,9316.496521422143,0.8270241922330549,,,0.04954025588476304,,1.9856020141813149,0.5600852064051711,0.735937469969332,,,0.7734397970777968,0.47901844266452415
2011,Free State,FS183,Tswelopele,24196.999750923227,14070.99985515728,326.9999966339585,14397.99985179124,0.5950324420382692,,35853.7863486576,11216.53696957076,15845.740603465732,15664.832306404009,14882.108265045405,13142.178627672189,0.9885831592483498,0.9391866645722092,0.8293824161678988,0.0322345890688947,B,DC18,6533.467791373717,0.6748799001483754,0.5950324420382692,0.4015754350678311,0.06824893951401961,0.0,5.487711502304512,,,,0.55771173246151,0.6696382408499261,
2016,Free State,FS183,Tswelopele,26233.0,15463.0,320.0,15783.0,0.6016467807723097,,35853.7863486576,11216.53696957076,15845.740603465732,15664.832306404009,14882.108265045405,13142.178627672189,0.9885831592483498,0.9391866645722092,0.8293824161678988,0.0322345890688947,B,DC18,6533.467791373717,0.7316660992202902,0.6016467807723097,0.44020455319612095,0.050558014220593916,0.02464066568965159,5.487711502304512,0.5950324420382692,0.6748799001483754,0.0066143387340404924,0.5791516385177812,0.7014598612006219,0.55771173246151
2021,Free State,FS183,Tswelopele,25856.0,11588.0,325.0,11913.0,0.4607441212871287,,35853.7863486576,11216.53696957076,15845.740603465732,15664.832306404009,14882.108265045405,13142.178627672189,0.9885831592483498,0.9391866645722092,0.8293824161678988,0.0322345890688947,B,DC18,6533.467791373717,0.7211511707177914,0.4607441212871287,0.332266162467553,0.0354339615161605,-0.04461516077215153,5.487711502304512,0.6016467807723097,0.7316660992202902,-0.140902659485181,0.4792921192634328,0.6774288252376947,0.5791516385177812
2026,Free State,FS183,Tswelopele,28094.0,,,,,5672.0,35853.7863486576,11216.53696957076,15845.740603465732,15664.832306404009,14882.108265045405,13142.178627672189,0.9885831592483498,0.9391866645722092,0.8293824161678988,0.0322345890688947,B,DC18,6533.467791373717,0.7835713563639246,,,-0.00443156021132188,,5.487711502304512,0.4607441212871287,0.7211511707177914,,,0.7659686942956707,0.4792921192634328
2011,Free State,FS184,Matjhabeng,208745.6996535451,111825.4130440882,1935.9689198058672,113761.38196389408,0.5449759307746395,,285191.7572169836,82213.73495071681,136856.43209816504,132503.61733623015,127141.81200099674,93170.49859528072,0.9681942989803164,0.9290159771942604,0.680790059823063,0.0472638828797284,B,DC18,5690.401835915681,0.7319485727447735,0.5449759307746395,0.39889435471075185,0.14942444585836206,-0.08787429852155222,50.11803479623535,,,,0.542117400018591,0.705022226381509,
2016,Free State,FS184,Matjhabeng,207975.0,112123.0,1894.0,114017.0,0.5482245462194976,,285191.7572169836,82213.73495071681,136856.43209816504,132503.61733623015,127141.81200099674,93170.49859528072,0.9681942989803164,0.9290159771942604,0.680790059823063,0.0472638828797284,B,DC18,5690.401835915681,0.7292461816901866,0.5482245462194976,0.39979065703940386,0.04724512572621051,-0.0683449056190522,50.11803479623535,0.5449759307746395,0.7319485727447735,0.003248615444858105,0.56148833280885,0.7378908979759482,0.542117400018591
2021,Free State,FS184,Matjhabeng,197853.0,86720.0,1259.0,87979.0,0.4446685165248947,,285191.7572169836,82213.73495071681,136856.43209816504,132503.61733623015,127141.81200099674,93170.49859528072,0.9681942989803164,0.9290159771942604,0.680790059823063,0.0472638828797284,B,DC18,5690.401835915681,0.6937542723209448,0.44466851652489475,0.3084906831057624,-0.003296998573893716,-0.08012890033305892,50.11803479623535,0.5482245462194976,0.7292461816901866,-0.10355602969460281,0.4487666208477911,0.7015716476846429,0.56148833280885
2026,Free State,FS184,Matjhabeng,206437.0,,,,,32548.0,285191.7572169836,82213.73495071681,136856.43209816504,132503.61733623015,127141.81200099674,93170.49859528072,0.9681942989803164,0.9290159771942604,0.680790059823063,0.0472638828797284,B,DC18,5690.401835915681,0.7238533189545717,,,-0.08370491798265389,,50.11803479623535,0.44466851652489475,0.6937542723209448,,,0.7674585945760033,0.4487666208477911
2011,Free State,FS185,Nala,39222.999573538094,20287.999779413632,397.9999956726452,20685.99977508628,0.5273946408994723,,57867.589771274055,16653.32963106821,24949.600916711483,23874.794892273352,21947.739171817186,16816.710413869816,0.9569209131630552,0.8796829754946651,0.6740272307364171,0.0165661350525814,B,DC18,4128.792401347547,0.6778060003634143,0.5273946408994723,0.3574712521611705,0.0725753020169715,-0.12066681598433729,14.015621069343993,,,,0.5639249640945034,0.69533423549867,
2016,Free State,FS185,Nala,40437.0,22310.0,406.0,22716.0,0.5617627420431783,,57867.589771274055,16653.32963106821,24949.600916711483,23874.794892273352,21947.739171817186,16816.710413869816,0.9569209131630552,0.8796829754946651,0.6740272307364171,0.0165661350525814,B,DC18,4128.792401347547,0.6987849357443475,0.5617627420431783,0.39255134160221083,0.0045767736397812385,-0.043950270941969426,14.015621069343993,0.5273946408994723,0.6778060003634143,0.03436810114370603,0.563496638253808,0.7161404909658724,0.5639249640945034
2021,Free State,FS185,Nala,37963.0,17469.0,283.0,17752.0,0.4676132023285831,,57867.589771274055,16653.32963106821,24949.600916711483,23874.794892273352,21947.739171817186,16816.710413869816,0.9569209131630552,0.8796829754946651,0.6740272307364171,0.0165661350525814,B,DC18,4128.792401347547,0.6560321615268854,0.4676132023285831,0.30676929988212914,-0.05920500745590483,-0.02981653479785755,14.015621069343993,0.5617627420431783,0.6987849357443475,-0.09414953971459522,0.44433059484200416,0.6889622563750999,0.563496638253808
2026,Free State,FS185,Nala,42902.0,,,,,7989.0,57867.589771274055,16653.32963106821,24949.600916711483,23874.794892273352,21947.739171817186,16816.710413869816,0.9569209131630552,0.8796829754946651,0.6740272307364171,0.0165661350525814,B,DC18,4128.792401347547,0.7413821824889085,,,-0.0597774335369695,,14.015621069343993,0.4676132023285831,0.6560321615268854,,,0.7521562949227938,0.44433059484200416
2011,Free State,FS191,Setsoto,52509.33303777468,25557.65608970673,702.9288717536641,26260.5849614604,0.5001127122023965,,80240.28974907873,21865.592451665023,37949.094161361485,36379.43538440131,34382.0336349893,30610.46125624204,0.958637780119707,0.9060040666266008,0.8066190230018349,0.0340582781438201,B,DC19,5430.757610726046,0.654401089552117,0.5001127122023965,0.3272743037641126,0.0374346404289118,-0.1737824310705713,14.775155788687702,,,,0.5509157361537425,0.7348439022600982,
2016,Free State,FS191,Setsoto,59053.0,30888.0,806.0,31694.0,0.5367043164614838,,80240.28974907873,21865.592451665023,37949.094161361485,36379.43538440131,34382.0336349893,30610.46125624204,0.958637780119707,0.9060040666266008,0.8066190230018349,0.0340582781438201,B,DC19,5430.757610726046,0.7359519785467625,0.5367043164614838,0.39498860359441673,0.05639862299337022,-0.08958254276821634,14.775155788687702,0.5001127122023965,0.654401089552117,0.03659160425908725,0.5537928738041379,0.7662314270765315,0.5509157361537425
2021,Free State,FS191,Setsoto,55718.0,24432.0,529.0,24961.0,0.447988082845759,,80240.28974907873,21865.592451665023,37949.094161361485,36379.43538440131,34382.0336349893,30610.46125624204,0.958637780119707,0.9060040666266008,0.8066190230018349,0.0340582781438201,B,DC19,5430.757610726046,0.6943893170654923,0.44798808284575903,0.3110781389007458,-0.0023820430985308223,-0.07269136696236642,14.775155788687702,0.5367043164614838,0.7359519785467625,-0.08871623361572473,0.4549146153245567,0.7334399725868451,0.5537928738041379
2026,Free State,FS191,Setsoto,60096.0,,,,,9498.0,80240.28974907873,21865.592451665023,37949.094161361485,36379.43538440131,34382.0336349893,30610.46125624204,0.958637780119707,0.9060040666266008,0.8066190230018349,0.0340582781438201,B,DC19,5430.757610726046,0.7489504360954776,,,-0.04962088382317088,,14.775155788687702,0.44798808284575903,0.6943893170654923,,,0.7986444362569719,0.4549146153245567
2011,Free State,FS192,Dihlabeng,63262.93123561917,36801.47411310562,714.7389815645787,37516.2130946702,0.5930204680991339,,86742.37683696019,24109.94727136968,43632.78420178258,42740.537128176096,40372.21153123061,37187.96176260949,0.9795509938242714,0.925272413159031,0.8522940363060812,0.0625789577248789,B,DC19,4625.2443080864405,0.7293197805096733,0.5930204680991339,0.43250155763180403,0.1458264823971958,-0.0033870139038276285,18.754117849581725,,,,0.5229113086421923,0.6720926273568733,
2016,Free State,FS192,Dihlabeng,73214.0,42266.0,920.0,43186.0,0.5898598628677575,,86742.37683696019,24109.94727136968,43632.78420178258,42740.537128176096,40372.21153123061,37187.96176260949,0.9795509938242714,0.925272413159031,0.8522940363060812,0.0625789577248789,B,DC19,4625.2443080864405,0.8440395879122848,0.5898598628677575,0.4978650755808989,0.19343315153815596,0.004855123609115394,18.754117849581725,0.5930204680991339,0.7293197805096733,-0.003160605231376401,0.5332197224987195,0.719234194085462,0.5229113086421923
2021,Free State,FS192,Dihlabeng,72298.0,35132.0,735.0,35867.0,0.4960994771639603,,86742.37683696019,24109.94727136968,43632.78420178258,42740.537128176096,40372.21153123061,37187.96176260949,0.9795509938242714,0.925272413159031,0.8522940363060812,0.0625789577248789,B,DC19,4625.2443080864405,0.8334795821411529,0.4960994771639603,0.4134887849270621,0.18019438344345692,0.029318467181179586,18.754117849581725,0.5898598628677575,0.8440395879122848,-0.09376038570379719,0.459276066515069,0.6783860835374381,0.5332197224987195
2026,Free State,FS192,Dihlabeng,77560.0,,,,,14257.0,86742.37683696019,24109.94727136968,43632.78420178258,42740.537128176096,40372.21153123061,37187.96176260949,0.9795509938242714,0.925272413159031,0.8522940363060812,0.0625789577248789,B,DC19,4625.2443080864405,0.8941419733722623,,,0.12757087775557682,,18.754117849581725,0.4960994771639603,0.8334795821411529,,,0.746222342229497,0.459276066515069
2011,Free State,FS193,Nketoana,28944.11853428291,15346.036205422131,347.593113739059,15693.629319161191,0.5422044309476154,,44446.66639660029,12571.83643811692,20661.86674144423,19754.351521710138,18428.521222898613,13410.867170296766,0.9560777721059556,0.8919097898320144,0.6490636755195416,0.0336332576037286,B,DC19,5604.520489324103,0.6512101104729158,0.5422044309476154,0.35308900737630106,0.03254653065655855,-0.09297281929757624,7.930502971889481,,,,0.5578531481921868,0.7540870473535923,
2016,Free State,FS193,Nketoana,30559.0,16055.0,369.0,16424.0,0.5374521417585654,,44446.66639660029,12571.83643811692,20661.86674144423,19754.351521710138,18428.521222898613,13410.867170296766,0.9560777721059556,0.8919097898320144,0.6490636755195416,0.0336332576037286,B,DC19,5604.520489324103,0.6875431270215002,0.5374521417585654,0.3695215261690867,-0.011641689280773136,-0.0881901470661186,7.930502971889481,0.5422044309476154,0.6512101104729158,-0.0047522891890500185,0.5528760844409308,0.7657019245455128,0.5578531481921868
2021,Free State,FS193,Nketoana,28691.0,13133.0,267.0,13400.0,0.4670454149384824,,44446.66639660029,12571.83643811692,20661.86674144423,19754.351521710138,18428.521222898613,13410.867170296766,0.9560777721059556,0.8919097898320144,0.6490636755195416,0.0336332576037286,B,DC19,5604.520489324103,0.645515228161061,0.46704541493848245,0.3014849275855919,-0.07536602064337818,-0.031031497029961202,7.930502971889481,0.5374521417585654,0.6875431270215002,-0.07040672682008292,0.45690897622914645,0.7361441930300394,0.5528760844409308
2026,Free State,FS193,Nketoana,32868.0,,,,,6225.0,44446.66639660029,12571.83643811692,20661.86674144423,19754.351521710138,18428.521222898613,13410.867170296766,0.9560777721059556,0.8919097898320144,0.6490636755195416,0.0336332576037286,B,DC19,5604.520489324103,0.7394930298420325,,,-0.06232883510808845,,7.930502971889481,0.46704541493848245,0.645515228161061,,,0.8222891010048752,0.45690897622914645
2011,Free State,FS194,Maluti a Phofung,179884.34112269295,92491.79269191396,2202.3434337762096,94694.13612569016,0.526416782776565,,253120.54957313163,79404.56881418159,120200.15960156969,112768.35290565404,115264.74273914249,37559.25614111604,0.9381714074211712,0.9589400140666472,0.3124725979201242,0.0397106498953047,B,DC19,4580.660399088859,0.7106666820455869,0.5264167827765649,0.37410686838893387,0.11991770843601354,-0.12252266681608555,55.25852770562951,,,,0.5977178778119315,0.6466045782284634,
2016,Free State,FS194,Maluti a Phofung,185843.0,95555.0,2106.0,97661.0,0.5255027092761094,,253120.54957313163,79404.56881418159,120200.15960156969,112768.35290565404,115264.74273914249,37559.25614111604,0.9381714074211712,0.9589400140666472,0.3124725979201242,0.0397106498953047,B,DC19,4580.660399088859,0.7342074766881233,0.5255027092761094,0.3858280181703847,0.054025407392569266,-0.11067451859552224,55.25852770562951,0.5264167827765649,0.7106666820455869,-0.0009140735004554701,0.5862910247973515,0.7231476932563311,0.5977178778119315
2021,Free State,FS194,Maluti a Phofung,175983.0,79844.0,1600.0,81444.0,0.4627947017609655,,253120.54957313163,79404.56881418159,120200.15960156969,112768.35290565404,115264.74273914249,37559.25614111604,0.9381714074211712,0.9589400140666472,0.3124725979201242,0.0397106498953047,B,DC19,4580.660399088859,0.6952537053857611,0.46279470176096554,0.3217597312322095,-0.001137999242973356,-0.04017445120492779,55.25852770562951,0.5255027092761094,0.7342074766881233,-0.06270800751514388,0.5024470218337821,0.7022941983098334,0.5862910247973515
2026,Free State,FS194,Maluti a Phofung,189897.0,,,,,34820.0,253120.54957313163,79404.56881418159,120200.15960156969,112768.35290565404,115264.74273914249,37559.25614111604,0.9381714074211712,0.9589400140666472,0.3124725979201242,0.0397106498953047,B,DC19,4580.660399088859,0.750223560750981,,,-0.04792244859920353,,55.25852770562951,0.46279470176096554,0.6952537053857611,,,0.7771872904091919,0.5024470218337821
2011,Free State,FS195,Phumelela,24578.777302378923,14189.871431740792,365.9966838630817,14555.868115603873,0.5922128646405468,,33846.90982299508,10210.24241225834,16039.698720314676,14800.278192581884,13490.243785946068,11650.89669843624,0.9227279421300456,0.8410534400412609,0.7263787744142657,0.0316279793480217,B,DC19,8197.240215400298,0.726174927959907,0.5922128646405468,0.43005013431727923,0.14150512358301873,-0.004749789589029727,4.129061602880236,,,,0.5890666139924818,0.5765343635910214,
2016,Free State,FS195,Phumelela,25832.0,14886.0,364.0,15250.0,0.5903530504800247,,33846.90982299508,10210.24241225834,16039.698720314676,14800.278192581884,13490.243785946068,11650.89669843624,0.9227279421300456,0.8410534400412609,0.7263787744142657,0.0316279793480217,B,DC19,8197.240215400298,0.763201135202308,0.5903530504800247,0.45055811829650033,0.09275536049024515,0.005690884064533216,4.129061602880236,0.5922128646405468,0.726174927959907,-0.0018598141605220553,0.5689495407099332,0.6358956803903337,0.5890666139924818
2021,Free State,FS195,Phumelela,24050.0,10696.0,328.0,11024.0,0.4583783783783783,,33846.90982299508,10210.24241225834,16039.698720314676,14800.278192581884,13490.243785946068,11650.89669843624,0.9227279421300456,0.8410534400412609,0.7263787744142657,0.0316279793480217,B,DC19,8197.240215400298,0.710552311149563,0.45837837837837836,0.3257018161377456,0.020627748737138026,-0.04976300153115822,4.129061602880236,0.5903530504800247,0.763201135202308,-0.13197467210164637,0.4693605233282196,0.6147003058496074,0.5689495407099332
2026,Free State,FS195,Phumelela,25991.0,,,,,4508.0,33846.90982299508,10210.24241225834,16039.698720314676,14800.278192581884,13490.243785946068,11650.89669843624,0.9227279421300456,0.8410534400412609,0.7263787744142657,0.0316279793480217,B,DC19,8197.240215400298,0.7678987575504487,,,-0.02463579336189158,,4.129061602880236,0.45837837837837836,0.710552311149563,,,0.6873026591958402,0.4693605233282196
2011,Free State,FS196,Mantsopa,27156.99949129041,14260.9997328605,328.99999383711554,14589.999726697615,0.5372463821482492,,34881.0256213842,9850.125275189852,17636.352004995162,16829.675583864217,16324.092274817687,13328.091130232457,0.9542605851310708,0.9255934713819614,0.755717005787678,0.0489413962480842,B,DC19,4290.5857781628765,0.7785608079895883,0.5372463821482492,0.41827897737482395,0.2111612875729019,-0.10215912701242667,8.129665137779718,,,,0.5303956170519534,0.7043323381760818,
2016,Free State,FS196,Mantsopa,28376.0,15063.0,257.0,15320.0,0.5398928672117282,,34881.0256213842,9850.125275189852,17636.352004995162,16829.675583864217,16324.092274817687,13328.091130232457,0.9542605851310708,0.9255934713819614,0.755717005787678,0.0489413962480842,B,DC19,4290.5857781628765,0.8135081894668768,0.5398928672117282,0.439207268911494,0.15658974649503923,-0.0836591386917888,8.129665137779718,0.5372463821482492,0.7785608079895883,0.002646485063479087,0.5651524823732836,0.7590588328450951,0.5303956170519534
2021,Free State,FS196,Mantsopa,27612.0,12356.0,185.0,12541.0,0.4541865855425177,,34881.0256213842,9850.125275189852,17636.352004995162,16829.675583864217,16324.092274817687,13328.091130232457,0.9542605851310708,0.9255934713819614,0.755717005787678,0.0489413962480842,B,DC19,4290.5857781628765,0.7916051637848676,0.45418658554251773,0.3595364464372745,0.12864791501604422,-0.05894990325000717,8.129665137779718,0.5398928672117282,0.8135081894668768,-0.08570628166921052,0.4427614363181925,0.7223464266429974,0.5651524823732836
2026,Free State,FS196,Mantsopa,30381.0,,,,,5767.0,34881.0256213842,9850.125275189852,17636.352004995162,16829.675583864217,16324.092274817687,13328.091130232457,0.9542605851310708,0.9255934713819614,0.755717005787678,0.0489413962480842,B,DC19,4290.5857781628765,0.8709892974412596,,,0.10133599739555717,,8.129665137779718,0.45418658554251773,0.7916051637848676,,,0.7885561445971546,0.4427614363181925
2011,Free State,FS201,Moqhaka,81604.4206217956,43257.33185220438,1064.835854812261,44322.16770701664,0.543134396020437,,103180.01693326756,27163.839274927763,43699.17844211142,43019.4759960126,42248.40748363592,39821.34602154917,0.9844458758647092,0.966800955757158,0.9112607477117852,0.0422299497921919,B,DC20,7923.348446996743,0.7908936540936397,0.543134396020437,0.4295615471325454,0.22687770401944662,-0.09125913270072446,13.022274310348775,,,,0.5459019126509265,0.6866904699917141,
2016,Free State,FS201,Moqhaka,81069.0,41784.0,666.0,42450.0,0.5236280205750656,,103180.01693326756,27163.839274927763,43699.17844211142,43019.4759960126,42248.40748363592,39821.34602154917,0.9844458758647092,0.966800955757158,0.9112607477117852,0.0422299497921919,B,DC20,7923.348446996743,0.7857044649685605,0.5236280205750656,0.41141687374847835,0.12181447588907796,-0.11424831667997666,13.022274310348775,0.543134396020437,0.7908936540936397,-0.01950637544537137,0.5550702404840318,0.7223627551978189,0.5459019126509265
2021,Free State,FS201,Moqhaka,76378.0,31450.0,654.0,32104.0,0.4203304616512608,,103180.01693326756,27163.839274927763,43699.17844211142,43019.4759960126,42248.40748363592,39821.34602154917,0.9844458758647092,0.966800955757158,0.9112607477117852,0.0422299497921919,B,DC20,7923.348446996743,0.7402402351745885,0.4203304616512608,0.31114551978377264,0.061559953725147575,-0.1364167828754679,13.022274310348775,0.5236280205750656,0.7857044649685605,-0.10329755892380482,0.4515558662091647,0.6869510113586802,0.5550702404840318
2026,Free State,FS201,Moqhaka,81751.0,,,,,14087.0,103180.01693326756,27163.839274927763,43699.17844211142,43019.4759960126,42248.40748363592,39821.34602154917,0.9844458758647092,0.966800955757158,0.9112607477117852,0.0422299497921919,B,DC20,7923.348446996743,0.792314271986145,,,0.006664429456688864,,13.022274310348775,0.4203304616512608,0.7402402351745885,,,0.7647671054704399,0.4515558662091647
2011,Free State,FS203,Ngwathe,32892.60796906471,18883.22911937584,308.8987998836228,19192.12791925946,0.5834784501523727,,89858.6839622754,23948.5703365937,40180.642616604186,39596.62014880015,37804.43964294375,36788.32837560588,0.9854650789591232,0.9408619967496862,0.9155734199333968,0.0477717166835351,B,DC20,3614.2192485134333,0.36604818275408674,0.5834784501523727,0.21358122635444698,-0.5435208382159762,-0.019608409492606803,24.8625436874742,,,,0.5697819996463124,0.7498601999025324,
2016,Free State,FS203,Ngwathe,67877.0,39267.0,577.0,39844.0,0.5870029612387112,,89858.6839622754,23948.5703365937,40180.642616604186,39596.62014880015,37804.43964294375,36788.32837560588,0.9854650789591232,0.9408619967496862,0.9155734199333968,0.0477717166835351,B,DC20,3614.2192485134333,0.7553749621850262,0.5870029612387112,0.4434073396481899,0.082448017553395,0.0,24.8625436874742,0.5834784501523727,0.36604818275408674,0.0035245110863385554,0.5641489753008192,0.7080418146628015,0.5697819996463124
2021,Free State,FS203,Ngwathe,63783.0,28665.0,506.0,29171.0,0.4573475691014847,,89858.6839622754,23948.5703365937,40180.642616604186,39596.62014880015,37804.43964294375,36788.32837560588,0.9854650789591232,0.9408619967496862,0.9155734199333968,0.0477717166835351,B,DC20,3614.2192485134333,0.7098145353072104,0.4573475691014847,0.32463195223565267,0.01958889611882367,-0.05201435132664024,24.8625436874742,0.5870029612387112,0.7553749621850262,-0.1296553921372265,0.4526112639015339,0.7002897739938988,0.5641489753008192
2026,Free State,FS203,Ngwathe,52155.0,,,,,8415.0,89858.6839622754,23948.5703365937,40180.642616604186,39596.62014880015,37804.43964294375,36788.32837560588,0.9854650789591232,0.9408619967496862,0.9155734199333968,0.0477717166835351,B,DC20,3614.2192485134333,0.5804113492458424,,,-0.30455661671509565,,24.8625436874742,0.4573475691014847,0.7098145353072104,,,0.8406980102169689,0.4526112639015339
2011,Free State,FS204,Metsimaholo,103491.38949903504,56983.76949771779,752.1011827290072,57735.8706804468,0.5578809112518981,,107488.04050801024,29389.237280070847,52933.848573421856,52056.04733370415,46313.56703319072,42890.58332564352,0.983417014568662,0.8749329263099305,0.8102676166867437,0.0525458794785514,B,DC20,5159.059764870712,0.9628177145095751,0.5578809112518983,0.5371376239400718,0.4235782948684499,-0.06447040958494198,20.834812040737027,,,,0.5954626355664036,0.6155968872443157,
2016,Free State,FS204,Metsimaholo,79675.0,45076.0,637.0,45713.0,0.5737433322874176,,107488.04050801024,29389.237280070847,52933.848573421856,52056.04733370415,46313.56703319072,42890.58332564352,0.983417014568662,0.8749329263099305,0.8102676166867437,0.0525458794785514,B,DC20,5159.059764870712,0.7412452550389775,0.5737433322874176,0.4252845226682997,0.06356530192782467,-0.022847724493369803,20.834812040737027,0.5578809112518983,0.9628177145095751,0.01586242103551927,0.5761577741965693,0.7307571321064638,0.5954626355664036
2021,Free State,FS204,Metsimaholo,81379.0,36846.0,625.0,37471.0,0.4604504847687978,,107488.04050801024,29389.237280070847,52933.848573421856,52056.04733370415,46313.56703319072,42890.58332564352,0.983417014568662,0.8749329263099305,0.8102676166867437,0.0525458794785514,B,DC20,5159.059764870712,0.7570981814849947,0.46045048476879785,0.34860622468234115,0.08407812124210913,-0.04525267325072128,20.834812040737027,0.5737433322874176,0.7412452550389775,-0.11329284751861973,0.4688223571589855,0.7114775501822851,0.5761577741965693
2026,Free State,FS204,Metsimaholo,109148.0,,,,,20806.0,107488.04050801024,29389.237280070847,52933.848573421856,52056.04733370415,46313.56703319072,42890.58332564352,0.983417014568662,0.8749329263099305,0.8102676166867437,0.0525458794785514,B,DC20,5159.059764870712,1.0154432017194142,,,0.2547867563979288,,20.834812040737027,0.46045048476879785,0.7570981814849947,,,0.7530629919888413,0.4688223571589855
2011,Free State,FS205,Mafube,28788.164416557047,16767.271399364934,280.9040280940527,17048.175427458988,0.5921939023543302,,40872.80155462742,11617.293713343708,17840.516385915347,17043.039948819656,17302.91300898951,13241.037897275182,0.95529969986041,0.9698661537986502,0.7421891615048014,0.0248673021203408,B,DC20,3976.5632582333988,0.7043354828046474,0.5921939023543302,0.4171031781287054,0.11096897090287305,-0.004781809477376474,10.278423578450829,,,,0.5814791438043028,0.7462312958405444,
2016,Free State,FS205,Mafube,30882.0,16033.0,345.0,16378.0,0.5303412991386568,,40872.80155462742,11617.293713343708,17840.516385915347,17043.039948819656,17302.91300898951,13241.037897275182,0.95529969986041,0.9698661537986502,0.7421891615048014,0.0248673021203408,B,DC20,3976.5632582333988,0.7555635734615723,0.5303412991386568,0.4007065671314562,0.08269767863897323,-0.1015091045835893,10.278423578450829,0.5921939023543302,0.7043354828046474,-0.06185260321567343,0.5751211909892784,0.7441547506001313,0.5814791438043028
2021,Free State,FS205,Mafube,29510.0,13135.0,213.0,13348.0,0.4523212470349034,,40872.80155462742,11617.293713343708,17840.516385915347,17043.039948819656,17302.91300898951,13241.037897275182,0.95529969986041,0.9698661537986502,0.7421891615048014,0.0248673021203408,B,DC20,3976.5632582333988,0.7219960188087234,0.4523212470349034,0.3265741395817974,0.03660480284624537,-0.06306534731641124,10.278423578450829,0.5303412991386568,0.7555635734615723,-0.0780200521037534,0.46059375988057843,0.7193811540004263,0.5751211909892784
2026,Free State,FS205,Mafube,32169.0,,,,,5612.0,40872.80155462742,11617.293713343708,17840.516385915347,17043.039948819656,17302.91300898951,13241.037897275182,0.95529969986041,0.9698661537986502,0.7421891615048014,0.0248673021203408,B,DC20,3976.5632582333988,0.7870515055593977,,,0.0,,10.278423578450829,0.4523212470349034,0.7219960188087234,,,0.8307945829218928,0.46059375988057843
2011,Gauteng,GT421,Emfuleni,342449.0169489599,186929.8100337793,3811.039933015284,190740.8499667946,0.5569905023124171,,638239.9816206581,182919.3362024296,315210.02884566906,311745.72204448347,284804.57452177186,170596.55066357262,0.9890095286185144,0.9035390643018402,0.5412154914242875,0.0538886998576087,B,DC42,965.6412576479414,0.5365521227288087,0.5569905023124171,0.29885443635551284,-0.16112209920108167,-0.06606774021512683,660.9493707582976,,,,0.5809547601758565,0.6544474797370189,
2016,Gauteng,GT421,Emfuleni,362634.0,195282.0,2543.0,197825.0,0.5455224827236277,,638239.9816206581,182919.3362024296,315210.02884566906,311745.72204448347,284804.57452177186,170596.55066357262,0.9890095286185144,0.9035390643018402,0.5412154914242875,0.0538886998576087,B,DC42,965.6412576479414,0.5681781311775197,0.5455224827236277,0.30995394474923155,-0.20233126628367643,-0.07328584519915882,660.9493707582976,0.5569905023124171,0.5365521227288087,-0.011468019588789402,0.5800672360761085,0.7236286811361043,0.5809547601758565
2021,Gauteng,GT421,Emfuleni,351544.0,151168.0,2316.0,153484.0,0.4365996859568077,,638239.9816206581,182919.3362024296,315210.02884566906,311745.72204448347,284804.57452177186,170596.55066357262,0.9890095286185144,0.9035390643018402,0.5412154914242875,0.0538886998576087,B,DC42,965.6412576479414,0.5508022219280871,0.4365996859568077,0.24048007711811475,-0.2340390210680628,-0.09844127340994174,660.9493707582976,0.5455224827236277,0.5681781311775197,-0.10892279676681998,0.45486637123917895,0.7136300288166206,0.5800672360761085
2026,Gauteng,GT421,Emfuleni,371537.0,,,,,59791.0,638239.9816206581,182919.3362024296,315210.02884566906,311745.72204448347,284804.57452177186,170596.55066357262,0.9890095286185144,0.9035390643018402,0.5412154914242875,0.0538886998576087,B,DC42,965.6412576479414,0.5821274296489081,,,-0.30160431666166565,,660.9493707582976,0.4365996859568077,0.5508022219280871,,,0.7860071015540638,0.45486637123917895
2011,Gauteng,GT422,Midvaal,47951.15203181677,32287.368981370088,378.9221788548728,32666.29116022496,0.6812410083192594,,74806.82935126996,18590.15545002875,41750.4105055238,40639.93643990083,36854.704990781735,35271.35894418806,0.9734020803106584,0.8827387454287585,0.8448146621102438,0.0952247885852151,B,DC42,1722.694047377163,0.6409996580212328,0.6812410083192594,0.4366752533626851,0.016743113590567165,0.1353002185996387,43.42432683572854,,,,0.576327070724398,0.6596363028294859,
2016,Gauteng,GT422,Midvaal,54978.0,35811.0,286.0,36097.0,0.6565717195969297,,74806.82935126996,18590.15545002875,41750.4105055238,40639.93643990083,36854.704990781735,35271.35894418806,0.9734020803106584,0.8827387454287585,0.8448146621102438,0.0952247885852151,B,DC42,1722.694047377163,0.7349328995330112,0.6565717195969297,0.4825361576347468,0.05501295482586426,0.11200206864851248,43.42432683572854,0.6812410083192594,0.6409996580212328,-0.024669288722329652,0.5836301461243559,0.6723583776998635,0.576327070724398
2021,Gauteng,GT422,Midvaal,58122.0,31045.0,344.0,31389.0,0.5400536801899453,,74806.82935126996,18590.15545002875,41750.4105055238,40639.93643990083,36854.704990781735,35271.35894418806,0.9734020803106584,0.8827387454287585,0.8448146621102438,0.0952247885852151,B,DC42,1722.694047377163,0.7769611478529171,0.5400536801899453,0.4196007272625721,0.10997552443813255,0.11421054414402632,43.42432683572854,0.6565717195969297,0.7349328995330112,-0.11651803940698446,0.45318579761620487,0.6662899169707629,0.5836301461243559
2026,Gauteng,GT422,Midvaal,66271.0,,,,,10144.0,74806.82935126996,18590.15545002875,41750.4105055238,40639.93643990083,36854.704990781735,35271.35894418806,0.9734020803106584,0.8827387454287585,0.8448146621102438,0.0952247885852151,B,DC42,1722.694047377163,0.885895052292775,,,0.11830480073881594,,43.42432683572854,0.5400536801899453,0.7769611478529171,,,0.7612683024579444,0.45318579761620487
2011,Gauteng,GT423,Lesedi,44482.997666102136,27111.99857750964,486.99997444848015,27598.99855195812,0.6204392689341997,,90726.25454882238,26897.59632208239,43865.88259029185,43441.115433454775,41554.4246538299,40333.97875740159,0.990316685046454,0.9473062480458672,0.9194840357852068,0.0590054528549814,B,DC42,1484.392544971723,0.49029906378604626,0.6204392689341997,0.3042007926945371,-0.2512702706380365,0.041811796960389974,61.12012274391386,,,,0.5941975653121192,0.5978824127115543,
2016,Gauteng,GT423,Lesedi,48336.0,30398.0,367.0,30765.0,0.636482125124131,,90726.25454882238,26897.59632208239,43865.88259029185,43441.115433454775,41554.4246538299,40333.97875740159,0.990316685046454,0.9473062480458672,0.9194840357852068,0.0590054528549814,B,DC42,1484.392544971723,0.5327675019802457,0.636482125124131,0.33909699185746145,-0.2666811244830324,0.08092647001522416,61.12012274391386,0.6204392689341997,0.49029906378604626,0.016042856189931398,0.5843418702008452,0.6730077710300318,0.5941975653121192
2021,Gauteng,GT423,Lesedi,47853.0,24087.0,346.0,24433.0,0.5105844983595594,,90726.25454882238,26897.59632208239,43865.88259029185,43441.115433454775,41554.4246538299,40333.97875740159,0.990316685046454,0.9473062480458672,0.9194840357852068,0.0590054528549814,B,DC42,1484.392544971723,0.5274437949408453,0.5105844983595594,0.2693046254527338,-0.2773725121178311,0.05809814645752163,61.12012274391386,0.636482125124131,0.5327675019802457,-0.1258976267645716,0.46943102701338646,0.6759251272390981,0.5843418702008452
2026,Gauteng,GT423,Lesedi,55738.0,,,,,9553.0,90726.25454882238,26897.59632208239,43865.88259029185,43441.115433454775,41554.4246538299,40333.97875740159,0.990316685046454,0.9473062480458672,0.9194840357852068,0.0590054528549814,B,DC42,1484.392544971723,0.6143535879132517,,,-0.2477230532391929,,61.12012274391386,0.5105844983595594,0.5274437949408453,,,0.7554985063931579,0.46943102701338646
2011,Gauteng,GT481,Mogale City,175798.99272742175,104023.99569666106,1336.9999446900315,105360.9956413511,0.599326503563729,,288170.1318881364,86222.03598739882,166088.26440980023,163143.5234664046,151845.269803487,140949.28207673284,0.9822700239907988,0.9142444250535932,0.8486408270783036,0.07588300979748,B,DC48,1344.6713987341832,0.6100527892171159,0.599326503563729,0.3656208051507946,-0.032740316698540224,0.007190602194101944,214.30524376394678,,,,0.5301609913436806,0.6083063610080668,
2016,Gauteng,GT481,Mogale City,193028.0,118816.0,1393.0,120209.0,0.6227542118241913,,288170.1318881364,86222.03598739882,166088.26440980023,163143.5234664046,151845.269803487,140949.28207673284,0.9822700239907988,0.9142444250535932,0.8486408270783036,0.07588300979748,B,DC48,1344.6713987341832,0.669840412450971,0.6227542118241913,0.4171459381038957,-0.0377267534256384,0.059122052870834066,214.30524376394678,0.599326503563729,0.6100527892171159,0.023427708260462365,0.5479158345263785,0.6848386277747994,0.5301609913436806
2021,Gauteng,GT481,Mogale City,188367.0,90032.0,1446.0,91478.0,0.4856370808050242,,288170.1318881364,86222.03598739882,166088.26440980023,163143.5234664046,151845.269803487,140949.28207673284,0.9822700239907988,0.9142444250535932,0.8486408270783036,0.07588300979748,B,DC48,1344.6713987341832,0.653665939512154,0.4856370808050242,0.31744441868635603,-0.0628183968124565,0.008003599398243806,214.30524376394678,0.6227542118241913,0.669840412450971,-0.13711713101916712,0.41323545548102375,0.6708250836300328,0.5479158345263785
2026,Gauteng,GT481,Mogale City,202249.0,,,,,31577.0,288170.1318881364,86222.03598739882,166088.26440980023,163143.5234664046,151845.269803487,140949.28207673284,0.9822700239907988,0.9142444250535932,0.8486408270783036,0.07588300979748,B,DC48,1344.6713987341832,0.7018388709295876,,,-0.11458984262379053,,214.30524376394678,0.4856370808050242,0.653665939512154,,,0.7366634256404835,0.41323545548102375
2011,Gauteng,GT484,Merafong City,94517.05659306102,51146.33775531686,1095.664481056786,52242.00223637365,0.5527256573519769,,149271.029870495,44461.83826742759,85119.20708029285,82943.04579121113,81022.17099396828,67228.80005024889,0.9744339572262586,0.9518670788079612,0.7898193880827865,0.0302289694643601,B,DC48,1630.047181101529,0.6331908922653137,0.5527256573519769,0.3499808521566303,0.004486134419813158,-0.07375414888971052,91.57466826795948,,,,0.5502654700442251,0.6280902156745451,
2016,Gauteng,GT484,Merafong City,99964.0,52817.0,812.0,53629.0,0.5364831339282141,,149271.029870495,44461.83826742759,85119.20708029285,82943.04579121113,81022.17099396828,67228.80005024889,0.9744339572262586,0.9518670788079612,0.7898193880827865,0.0302289694643601,B,DC48,1630.047181101529,0.6696811838621806,0.5364831339282141,0.3592726602511392,-0.03796449291409261,-0.08999474016452585,91.57466826795948,0.5527256573519769,0.6331908922653137,-0.016242523423762756,0.5611785722395404,0.699995181880805,0.5502654700442251
2021,Gauteng,GT484,Merafong City,94811.0,39083.0,772.0,39855.0,0.4203626161521342,,149271.029870495,44461.83826742759,85119.20708029285,82943.04579121113,81022.17099396828,67228.80005024889,0.9744339572262586,0.9518670788079612,0.7898193880827865,0.0302289694643601,B,DC48,1630.047181101529,0.6351600848621224,0.42036261615213427,0.2669975549480534,-0.09153775265067632,-0.136340287655659,91.57466826795948,0.5364831339282141,0.6696811838621806,-0.11612051777607985,0.4335268332814973,0.6800375549465836,0.5611785722395404
2026,Gauteng,GT484,Merafong City,98898.0,,,,,15728.0,149271.029870495,44461.83826742759,85119.20708029285,82943.04579121113,81022.17099396828,67228.80005024889,0.9744339572262586,0.9518670788079612,0.7898193880827865,0.0302289694643601,B,DC48,1630.047181101529,0.6625398115481766,,,-0.1722130427557731,,91.57466826795948,0.42036261615213427,0.6351600848621224,,,0.7515341854442099,0.4335268332814973
2011,Gauteng,GT485,Rand West City,126231.99182223428,68204.9955025155,1274.9999187463864,69479.99542126189,0.5504151080742419,,220214.69655219745,68419.01502634931,140534.67042309904,137920.00121633822,129440.47388353047,116655.9220406774,0.9813948458491488,0.9210572273292564,0.8300864241504864,0.0476676971629079,B,DC48,1114.715271821669,0.5732223770647094,0.5504151080742418,0.31551025662264576,-0.09501207578689375,-0.07794319298808909,197.5524173023326,,,,0.5638775659836868,0.6086096438215597,
2016,Gauteng,GT485,Randfontein/Westonaria,136276.0,75907.0,1086.0,76993.0,0.5649784261351962,,220214.69655219745,68419.01502634931,140534.67042309904,137920.00121633822,129440.47388353047,116655.9220406774,0.9813948458491488,0.9210572273292564,0.8300864241504864,0.0476676971629079,B,DC48,1114.715271821669,0.618832449121753,0.5649784261351962,0.3496269831461969,-0.11693169095550988,-0.038242317929141616,197.5524173023326,0.5504151080742418,0.5732223770647094,0.014563318060954455,0.5683174492327279,0.6595829219826363,0.5638775659836868
2021,Gauteng,GT485,Rand West City,131921.0,54930.0,1074.0,56004.0,0.4245268001303811,,220214.69655219745,68419.01502634931,140534.67042309904,137920.00121633822,129440.47388353047,116655.9220406774,0.9813948458491488,0.9210572273292564,0.8300864241504864,0.0476676971629079,B,DC48,1114.715271821669,0.5990562939959404,0.4245268001303811,0.2543154515880614,-0.1500592482565933,-0.1264828610693529,197.5524173023326,0.5649784261351962,0.618832449121753,-0.14045162600481514,0.4407848025666199,0.6409948214867272,0.5683174492327279
2026,Gauteng,GT485,Rand West City,141981.0,,,,,25449.0,220214.69655219745,68419.01502634931,140534.67042309904,137920.00121633822,129440.47388353047,116655.9220406774,0.9813948458491488,0.9210572273292564,0.8300864241504864,0.0476676971629079,B,DC48,1114.715271821669,0.644738985285418,,,-0.19944813079648607,,197.5524173023326,0.4245268001303811,0.5990562939959404,,,0.6837510059077272,0.4407848025666199
2011,Gauteng,JHB,City of Johannesburg,2006998.911560011,1080981.424792983,15778.455028022125,1096759.8798210055,0.5464676007066241,,3065792.521109311,928445.781254946,2012416.9325769527,1962070.3328821224,1830133.6664345865,1803971.6984494189,0.9749820234168072,0.9094207253022124,0.8964204530615757,0.0995551317004334,A,JHB,1642.6263229610804,0.6546427710750005,0.5464676007066241,0.3577410644292913,0.03780388936380033,-0.08514090770892464,1866.3968050766166,,,,0.5834210977806419,0.5628386534779098,
2016,Gauteng,JHB,City of Johannesburg,2239966.0,1256698.0,16745.0,1273443.0,0.5685099684548783,,3065792.521109311,928445.781254946,2012416.9325769527,1962070.3328821224,1830133.6664345865,1803971.6984494189,0.9749820234168072,0.9094207253022124,0.8964204530615757,0.0995551317004334,A,JHB,1642.6263229610804,0.7306319604398741,0.5685099684548783,0.41537155278179877,0.04914361180654868,-0.032011016817014376,1866.3968050766166,0.5464676007066241,0.6546427710750005,0.022042367748254188,0.5928908718932162,0.6228405914349855,0.5834210977806419
2021,Gauteng,JHB,City of Johannesburg,2220710.0,922465.0,11432.0,933897.0,0.4205398273525134,,3065792.521109311,928445.781254946,2012416.9325769527,1962070.3328821224,1830133.6664345865,1803971.6984494189,0.9749820234168072,0.9094207253022124,0.8964204530615757,0.0995551317004334,A,JHB,1642.6263229610804,0.724351039644545,0.4205398273525134,0.3046184611547305,0.039861314349871814,-0.13591880903023387,1866.3968050766166,0.5685099684548783,0.7306319604398741,-0.14797014110236495,0.4606618250757389,0.621151001755698,0.5928908718932162
2026,Gauteng,JHB,City of Johannesburg,2417371.0,,,,,385587.0,3065792.521109311,928445.781254946,2012416.9325769527,1962070.3328821224,1830133.6664345865,1803971.6984494189,0.9749820234168072,0.9094207253022124,0.8964204530615757,0.0995551317004334,A,JHB,1642.6263229610804,0.7884979115042366,,,0.0018360659913425116,,1866.3968050766166,0.4205398273525134,0.724351039644545,,,0.678256567933396,0.4606618250757389
2011,KwaZulu-Natal,KZN212,Umdoni,66376.21934932571,41708.78738893732,762.023895055836,42470.81128399316,0.6398498091685091,,104900.85983861527,30033.037800602026,37538.2596252785,27903.7613426441,33844.28859340955,13694.18752181449,0.7433419029329087,0.9015945046801954,0.36480613801799,0.0398051351993236,B,DC21,982.2221868564318,0.6327519092926617,0.6398498091685091,0.40486618841191935,0.0037926070507931313,0.07261754714616228,106.79952178065419,,,,0.6161460077045077,0.6913375484144667,
2016,KwaZulu-Natal,KZN212,Umdoni,71880.0,42046.0,1207.0,43253.0,0.6017390094602114,,104900.85983861527,30033.037800602026,37538.2596252785,27903.7613426441,33844.28859340955,13694.18752181449,0.7433419029329087,0.9015945046801954,0.36480613801799,0.0398051351993236,B,DC21,982.2221868564318,0.6852184063179633,0.6017390094602114,0.4123226450816759,-0.015028618283913782,0.02479394768588421,106.79952178065419,0.6398498091685091,0.6327519092926617,-0.03811079970829767,0.6095680347002252,0.7702044173029842,0.6161460077045077
2021,KwaZulu-Natal,KZN212,uMdoni,71831.0,34081.0,606.0,34687.0,0.482897356294636,,104900.85983861527,30033.037800602026,37538.2596252785,27903.7613426441,33844.28859340955,13694.18752181449,0.7433419029329087,0.9015945046801954,0.36480613801799,0.0398051351993236,B,DC21,982.2221868564318,0.6847512986119313,0.48289735629463604,0.3306645918190205,-0.01635911729866154,0.002346119988145715,106.79952178065419,0.6017390094602114,0.6852184063179633,-0.11884165316557538,0.471696078934543,0.7750019722325765,0.6095680347002252
2026,KwaZulu-Natal,KZN212,uMdoni,84443.0,,,,,17922.0,104900.85983861527,30033.037800602026,37538.2596252785,27903.7613426441,33844.28859340955,13694.18752181449,0.7433419029329087,0.9015945046801954,0.36480613801799,0.0398051351993236,B,DC21,982.2221868564318,0.804979102458372,,,0.022522625689011724,,106.79952178065419,0.48289735629463604,0.6847512986119313,,,0.9099302407280738,0.471696078934543
2011,KwaZulu-Natal,KZN213,Umzumbe,70259.74341045064,40057.76693730112,2767.3353836314445,42825.10232093256,0.6095254585652619,,85134.31946577894,25138.87769740262,29995.84220456697,21824.087601151085,28407.967753583936,4438.50436871202,0.7275704230044353,0.947063514998046,0.1479706533472909,0.0215323629349036,B,DC21,1202.776140821875,0.8252810834847001,0.6095254585652619,0.503029830856248,0.26943822573958287,0.02406478914596576,70.78151667325673,,,,0.6293078922523413,0.61086550592217,
2016,KwaZulu-Natal,KZN213,Umzumbe,78227.0,43832.0,1244.0,45076.0,0.5762204865327828,,85134.31946577894,25138.87769740262,29995.84220456697,21824.087601151085,28407.967753583936,4438.50436871202,0.7275704230044353,0.947063514998046,0.1479706533472909,0.0215323629349036,B,DC21,1202.776140821875,0.9188656289364544,0.5762204865327828,0.5294691997640152,0.2783736501655966,-0.01853948794480852,70.78151667325673,0.6095254585652619,0.8252810834847001,-0.03330497203247906,0.6124183351003412,0.7153527758578335,0.6293078922523413
2021,KwaZulu-Natal,KZN213,uMzumbe,76706.0,38298.0,815.0,39113.0,0.5099079602638646,,85134.31946577894,25138.87769740262,29995.84220456697,21824.087601151085,28407.967753583936,4438.50436871202,0.7275704230044353,0.947063514998046,0.1479706533472909,0.0215323629349036,B,DC21,1202.776140821875,0.9009997434798684,0.5099079602638646,0.459426941396085,0.2580901509862323,0.05677224112800723,70.78151667325673,0.5762204865327828,0.9188656289364544,-0.06631252626891815,0.5142322113336384,0.7079422277149343,0.6124183351003412
2026,KwaZulu-Natal,KZN213,uMzumbe,84595.0,,,,,19317.0,85134.31946577894,25138.87769740262,29995.84220456697,21824.087601151085,28407.967753583936,4438.50436871202,0.7275704230044353,0.947063514998046,0.1479706533472909,0.0215323629349036,B,DC21,1202.776140821875,0.9936650757395702,,,0.23310651222793913,,70.78151667325673,0.5099079602638646,0.9009997434798684,,,0.7950448889361776,0.5142322113336384
2011,KwaZulu-Natal,KZN214,uMuziwabantu,37811.94795257425,24137.49828052163,507.9052740661498,24645.40355458778,0.6517887834157434,,65130.684137469085,21446.31008759024,25615.15719445685,19325.13052000936,24458.03283418012,5866.460574983903,0.7544412229565134,0.954826575863172,0.2290230167415647,0.0392899709441526,B,DC21,1089.3132578283562,0.5805550556288627,0.6517887834157434,0.37839927341419566,-0.08230117144307028,0.09110462913329094,59.79059161302503,,,,0.5992704965419026,0.6786604103050677,
2016,KwaZulu-Natal,KZN214,UMuziwabantu,46019.0,27910.0,653.0,28563.0,0.6206784154371021,,65130.684137469085,21446.31008759024,25615.15719445685,19325.13052000936,24458.03283418012,5866.460574983903,0.7544412229565134,0.954826575863172,0.2290230167415647,0.0392899709441526,B,DC21,1089.3132578283562,0.706564050561319,0.6206784154371021,0.43854905530722,0.01564760991677744,0.05578323375037051,59.79059161302503,0.6517887834157434,0.5805550556288627,-0.031110367978641307,0.5747695047385275,0.7757959475331996,0.5992704965419026
2021,KwaZulu-Natal,KZN214,uMuziwabantu,45078.0,23818.0,729.0,24547.0,0.5445450108700475,,65130.684137469085,21446.31008759024,25615.15719445685,19325.13052000936,24458.03283418012,5866.460574983903,0.7544412229565134,0.954826575863172,0.2290230167415647,0.0392899709441526,B,DC21,1089.3132578283562,0.692116175301574,0.5445450108700475,0.3768884102029313,-0.0056609970054278405,0.12249260531511365,59.79059161302503,0.6206784154371021,0.706564050561319,-0.07613340456705464,0.4851678317621566,0.7762553134739039,0.5747695047385275
2026,KwaZulu-Natal,KZN214,uMuziwabantu,52107.0,,,,,13111.0,65130.684137469085,21446.31008759024,25615.15719445685,19325.13052000936,24458.03283418012,5866.460574983903,0.7544412229565134,0.954826575863172,0.2290230167415647,0.0392899709441526,B,DC21,1089.3132578283562,0.80003765798037,,,0.016365107321963293,,59.79059161302503,0.5445450108700475,0.692116175301574,,,0.8724434946923163,0.4851678317621566
2011,KwaZulu-Natal,KZN216,Ray Nkonyeni,149640.13476933824,93900.73954277544,1676.5240958698096,95577.26363864524,0.6387140975646151,,237598.6299873609,69699.71413291174,91576.89113625104,84110.81743254808,89569.00431598985,36601.48543417923,0.9184720772777196,0.9780743067891028,0.3996803667392724,0.0593806976321157,B,DC21,1515.7781080929894,0.6298021784776215,0.638714097564615,0.4022635300705626,-0.0008800421617199639,0.0708410041096893,156.75027150661606,,,,0.6127035112020327,0.6008741337407055,
2016,KwaZulu-Natal,KZN216,Hibiscus Coast,170849.0,102478.0,1937.0,104415.0,0.6111537088306048,,237598.6299873609,69699.71413291174,91576.89113625104,84110.81743254808,89569.00431598985,36601.48543417923,0.9184720772777196,0.9780743067891028,0.3996803667392724,0.0593806976321157,B,DC21,1515.7781080929894,0.719065593977071,0.6111537088306048,0.4394596046515688,0.03318633594626627,0.04031863229915846,156.75027150661606,0.638714097564615,0.6298021784776215,-0.02756038873401012,0.5901966052230074,0.7042921014582064,0.6127035112020327
2021,KwaZulu-Natal,KZN216,Ray Nkonyeni,170946.0,80235.0,1390.0,81625.0,0.4774899675921051,,237598.6299873609,69699.71413291174,91576.89113625104,84110.81743254808,89569.00431598985,36601.48543417923,0.9184720772777196,0.9780743067891028,0.3996803667392724,0.0593806976321157,B,DC21,1515.7781080929894,0.7194738454893174,0.4774899675921051,0.3435415431660614,0.033105352797675194,-0.008914848811075774,156.75027150661606,0.6111537088306048,0.719065593977071,-0.13366374123849972,0.5060018694607358,0.7010299569284377,0.5901966052230074
2026,KwaZulu-Natal,KZN216,Ray Nkonyeni,201190.0,,,,,40186.0,237598.6299873609,69699.71413291174,91576.89113625104,84110.81743254808,89569.00431598985,36601.48543417923,0.9184720772777196,0.9780743067891028,0.3996803667392724,0.0593806976321157,B,DC21,1515.7781080929894,0.8467641417406419,,,0.07312850104432424,,156.75027150661606,0.4774899675921051,0.7194738454893174,,,0.8068987078643575,0.5060018694607358
2011,KwaZulu-Natal,KZN221,uMshwathi,50713.73939615525,33176.46654845406,764.3484696623333,33940.815018116395,0.6692627170121386,,75131.51728648711,23924.357888291,27815.67474913764,22908.63511427294,26336.22261386593,7591.158262421303,0.8235872514645064,0.9468122866472052,0.2729093696587982,0.027387736162961,B,DC22,1867.6669112774878,0.6749995371819337,0.6692627170121386,0.451752024236317,0.0684261953941568,0.11756075561253553,40.22747141517703,,,,0.6340332548847903,0.5964055153853343,
2016,KwaZulu-Natal,KZN221,uMshwathi,55846.0,37087.0,717.0,37804.0,0.6769329943057695,,75131.51728648711,23924.357888291,27815.67474913764,22908.63511427294,26336.22261386593,7591.158262421303,0.8235872514645064,0.9468122866472052,0.2729093696587982,0.027387736162961,B,DC22,1867.6669112774878,0.7433098919998021,0.6769329943057695,0.5031709908885241,0.06634679279539442,0.14254242906136816,40.22747141517703,0.6692627170121386,0.6749995371819337,0.0076702772936309005,0.6434426224165002,0.6855527224653553,0.6340332548847903
2021,KwaZulu-Natal,KZN221,uMshwathi,56822.0,29218.0,776.0,29994.0,0.5278589278800465,,75131.51728648711,23924.357888291,27815.67474913764,22908.63511427294,26336.22261386593,7591.158262421303,0.8235872514645064,0.9468122866472052,0.2729093696587982,0.027387736162961,B,DC22,1867.6669112774878,0.756300445568398,0.5278589278800465,0.39921994235293606,0.08302389008817476,0.0913710677285855,40.22747141517703,0.6769329943057695,0.7433098919998021,-0.14907406642572296,0.49497489484898977,0.700580234728401,0.6434426224165002
2026,KwaZulu-Natal,KZN221,uMshwathi,62169.0,,,,,13694.0,75131.51728648711,23924.357888291,27815.67474913764,22908.63511427294,26336.22261386593,7591.158262421303,0.8235872514645064,0.9468122866472052,0.2729093696587982,0.027387736162961,B,DC22,1867.6669112774878,0.8274689803340561,,,0.050077928833907256,,40.22747141517703,0.5278589278800465,0.756300445568398,,,0.8090341424317062,0.49497489484898977
2011,KwaZulu-Natal,KZN222,uMngeni,42953.88546142272,28547.777730383463,374.6201199013268,28922.39785028479,0.6733360099928622,,73725.70055526754,18564.37647392972,29004.72857530443,27107.589841458703,26648.25150635044,22793.951226846053,0.9345920880135036,0.9187554173163208,0.785870178638857,0.1440927861399908,B,DC22,1506.3280115314042,0.5826175287303358,0.6733360099928624,0.39229736214718613,-0.07875487867325955,0.12362854846287114,48.94398828865601,,,,0.6296010176764533,0.6715033112190395,
2016,KwaZulu-Natal,KZN222,uMngeni,51564.0,34750.0,297.0,35047.0,0.6796796214413157,,73725.70055526754,18564.37647392972,29004.72857530443,27107.589841458703,26648.25150635044,22793.951226846053,0.9345920880135036,0.9187554173163208,0.785870178638857,0.1440927861399908,B,DC22,1506.3280115314042,0.6994033235580542,0.6796796214413157,0.4753701861907363,0.005461329564083034,0.1465916776922099,48.94398828865601,0.6733360099928624,0.5826175287303358,0.006343611448453301,0.6667764003885585,0.7079054280790527,0.6296010176764533
2021,KwaZulu-Natal,KZN222,uMngeni,54063.0,30200.0,660.0,30860.0,0.57081553002978,,73725.70055526754,18564.37647392972,29004.72857530443,27107.589841458703,26648.25150635044,22793.951226846053,0.9345920880135036,0.9187554173163208,0.785870178638857,0.1440927861399908,B,DC22,1506.3280115314042,0.7332992374819464,0.57081553002978,0.41857859291369076,0.05213903333856491,0.16960809448008024,48.94398828865601,0.6796796214413157,0.6994033235580542,-0.10886409141153564,0.514951925302938,0.720692636109736,0.6667764003885585
2026,KwaZulu-Natal,KZN222,uMngeni,61574.0,,,,,10446.0,73725.70055526754,18564.37647392972,29004.72857530443,27107.589841458703,26648.25150635044,22793.951226846053,0.9345920880135036,0.9187554173163208,0.785870178638857,0.1440927861399908,B,DC22,1506.3280115314042,0.8351768723288269,,,0.05934983385424328,,48.94398828865601,0.57081553002978,0.7332992374819464,,,0.7860804779487962,0.514951925302938
2011,KwaZulu-Natal,KZN223,Mpofana,15296.794150509577,9171.329322123416,106.02692857946148,9277.356250702878,0.6064902331442974,,21838.58121183067,6769.902571058419,8754.49069677191,7473.301029860205,8336.359840014673,6397.057237320275,0.8536534321312231,0.9522381288369616,0.7307172351761245,0.0326139785195141,B,DC22,1755.9198555921812,0.700448165663015,0.6064902331442974,0.42481497129845747,0.10543455701905635,0.019072696124374434,12.437117299106824,,,,0.659748101278174,0.6377659380631125,
2016,KwaZulu-Natal,KZN223,Mooi Mpofana,16140.0,10157.0,115.0,10272.0,0.6364312267657992,,21838.58121183067,6769.902571058419,8754.49069677191,7473.301029860205,8336.359840014673,6397.057237320275,0.8536534321312231,0.9522381288369616,0.7307172351761245,0.0326139785195141,B,DC22,1755.9198555921812,0.7390590003739087,0.6364312267657992,0.47036022626027196,0.06061150881854424,0.08084649857288925,12.437117299106824,0.6064902331442974,0.700448165663015,0.02994099362150182,0.6691515936214748,0.7147063814269797,0.659748101278174
2021,KwaZulu-Natal,KZN223,Mpofana,16768.0,8199.0,130.0,8329.0,0.4967199427480916,,21838.58121183067,6769.902571058419,8754.49069677191,7473.301029860205,8336.359840014673,6397.057237320275,0.8536534321312231,0.9522381288369616,0.7307172351761245,0.0326139785195141,B,DC22,1755.9198555921812,0.7678154472286061,0.4967199427480916,0.3813892449884936,0.09813457926646978,0.03056837356388102,12.437117299106824,0.6364312267657992,0.7390590003739087,-0.1397112840177076,0.558119165481997,0.7293387083789019,0.6691515936214748
2026,KwaZulu-Natal,KZN223,Mpofana,18646.0,,,,,4111.0,21838.58121183067,6769.902571058419,8754.49069677191,7473.301029860205,8336.359840014673,6397.057237320275,0.8536534321312231,0.9522381288369616,0.7307172351761245,0.0326139785195141,B,DC22,1755.9198555921812,0.8538100446698824,,,0.08141504720482419,,12.437117299106824,0.4967199427480916,0.7678154472286061,,,0.8103614600180743,0.558119165481997
2011,KwaZulu-Natal,KZN224,Impendle,18532.88163621923,11212.369522013418,300.56059137427894,11512.930113387698,0.6212164054880552,,22766.02982121537,7472.253783294805,7986.44270989185,6791.636501820388,7699.969507760484,872.6251304685176,0.850395695371157,0.9641300623397014,0.1092633056000891,0.0220995298940143,B,DC22,1609.9704700794573,0.8140585680402069,0.6212164054880552,0.5057065374946907,0.2557465045017995,0.04306357178225322,14.140650554970607,,,,0.6425173780599193,0.5836028410912276,
2016,KwaZulu-Natal,KZN224,Impendle,17015.0,11478.0,201.0,11679.0,0.6863943579194828,,22766.02982121537,7472.253783294805,7986.44270989185,6791.636501820388,7699.969507760484,872.6251304685176,0.850395695371157,0.9641300623397014,0.1092633056000891,0.0220995298940143,B,DC22,1609.9704700794573,0.747385474481982,0.6863943579194828,0.513001172875408,0.0718148350643016,0.15642246381064598,14.140650554970607,0.6212164054880552,0.8140585680402069,0.06517795243142754,0.6585417899418518,0.685823708225185,0.6425173780599193
2021,KwaZulu-Natal,KZN224,iMpendle,17299.0,9486.0,213.0,9699.0,0.5606682467194636,,22766.02982121537,7472.253783294805,7986.44270989185,6791.636501820388,7699.969507760484,872.6251304685176,0.850395695371157,0.9641300623397014,0.1092633056000891,0.0220995298940143,B,DC22,1609.9704700794573,0.7598602011791835,0.5606682467194636,0.42602948674703167,0.08771964862736961,0.15167137179587473,14.140650554970607,0.6863943579194828,0.747385474481982,-0.1257261112000192,0.5300111674224134,0.7019931903755843,0.6585417899418518
2026,KwaZulu-Natal,KZN224,iMpendle,18595.0,,,,,4491.0,22766.02982121537,7472.253783294805,7986.44270989185,6791.636501820388,7699.969507760484,872.6251304685176,0.850395695371157,0.9641300623397014,0.1092633056000891,0.0220995298940143,B,DC22,1609.9704700794573,0.8167871230086662,,,0.03708480984204685,,14.140650554970607,0.5606682467194636,0.7598602011791835,,,0.7765629360266713,0.5300111674224134
2011,KwaZulu-Natal,KZN225,The Msunduzi,281304.3212826875,171408.51758381794,3403.753158007486,174812.27074182543,0.6214347150613219,,566566.7070525081,165120.2061434491,222948.6801297763,212170.60440110115,216597.82486254477,124342.2889082531,0.9516566964092305,0.9715142728652406,0.5577170891340314,0.0845282141974159,B,DC22,746.3781553024529,0.4965069739910023,0.6214347150613219,0.3085466699080577,-0.23868828012901688,0.04341493279082998,759.0880079052149,,,,0.6462140747766197,0.6872840573508968,
2016,KwaZulu-Natal,KZN225,Msunduzi,340998.0,223165.0,4399.0,227564.0,0.6673470225631822,,566566.7070525081,165120.2061434491,222948.6801297763,212170.60440110115,216597.82486254477,124342.2889082531,0.9516566964092305,0.9715142728652406,0.5577170891340314,0.0845282141974159,B,DC22,746.3781553024529,0.601867345460518,0.6673470225631822,0.4016543809710829,-0.14472918241822302,0.12828031981305232,759.0880079052149,0.6214347150613219,0.4965069739910023,0.04591230750186037,0.6558549269293641,0.7484203478104593,0.6462140747766197
2021,KwaZulu-Natal,KZN225,Msunduzi,339257.0,157428.0,3570.0,160998.0,0.4745605838641502,,566566.7070525081,165120.2061434491,222948.6801297763,212170.60440110115,216597.82486254477,124342.2889082531,0.9516566964092305,0.9715142728652406,0.5577170891340314,0.0845282141974159,B,DC22,746.3781553024529,0.5987944504627563,0.4745605838641502,0.28416424402621854,-0.15049643717777741,-0.01506870895666115,759.0880079052149,0.6673470225631822,0.601867345460518,-0.19278643869903206,0.5199624767363816,0.7672941563459056,0.6558549269293641
2026,KwaZulu-Natal,KZN225,Msunduzi,366147.0,,,,,68534.0,566566.7070525081,165120.2061434491,222948.6801297763,212170.60440110115,216597.82486254477,124342.2889082531,0.9516566964092305,0.9715142728652406,0.5577170891340314,0.0845282141974159,B,DC22,746.3781553024529,0.6462557637825802,,,-0.19709834711818255,,759.0880079052149,0.4745605838641502,0.5987944504627563,,,0.8960261660510143,0.5199624767363816
2011,KwaZulu-Natal,KZN226,Mkhambathini,29553.16634427982,19035.71973368884,512.7264411398032,19548.44617482864,0.6614670640397337,,40492.64613080728,12175.200405271096,14819.172028168206,10629.470025806404,13667.164801832809,2180.972438639268,0.7172782666671229,0.922262375782826,0.1471723544671515,0.0301623721701374,B,DC22,929.9973152938597,0.729840333200537,0.6614670640397337,0.4827653424199401,0.14653997875452643,0.10584426401072564,43.540605402728985,,,,0.6272617013831269,0.6207236271999734,
2016,KwaZulu-Natal,KZN226,Mkhambathini,29889.0,18742.0,324.0,19066.0,0.6378935394292214,,40492.64613080728,12175.200405271096,14819.172028168206,10629.470025806404,13667.164801832809,2180.972438639268,0.7172782666671229,0.922262375782826,0.1471723544671515,0.0301623721701374,B,DC22,929.9973152938597,0.7381340281750591,0.6378935394292214,0.4708509278057371,0.059359171037545885,0.08314153880764415,43.540605402728985,0.6614670640397337,0.729840333200537,-0.02357352461051221,0.6278318201880371,0.7010448145566187,0.6272617013831269
2021,KwaZulu-Natal,KZN226,Mkhambathini,31233.0,12270.0,282.0,12552.0,0.4018826241475363,,40492.64613080728,12175.200405271096,14819.172028168206,10629.470025806404,13667.164801832809,2180.972438639268,0.7172782666671229,0.922262375782826,0.1471723544671515,0.0301623721701374,B,DC22,929.9973152938597,0.7713252401215036,0.4018826241475363,0.3099822115712584,0.10269530461853912,-0.18129793198068478,43.540605402728985,0.6378935394292214,0.7381340281750591,-0.23601091528168516,0.48044314205783306,0.7042865105543022,0.6278318201880371
2026,KwaZulu-Natal,KZN226,Mkhambathini,44579.0,,,,,9530.0,40492.64613080728,12175.200405271096,14819.172028168206,10629.470025806404,13667.164801832809,2180.972438639268,0.7172782666671229,0.922262375782826,0.1471723544671515,0.0301623721701374,B,DC22,929.9973152938597,1.1009159504170751,,,0.3356041027827591,,43.540605402728985,0.4018826241475363,0.7713252401215036,,,0.7909952191437898,0.48044314205783306
2011,KwaZulu-Natal,KZN227,Richmond,28624.64300147667,17085.600505200753,512.8960344466534,17598.496539647407,0.6148023064860424,,38561.25666694721,12425.124587652675,14529.349915242125,13558.074157416013,14147.499237677492,3714.9109119634186,0.9331507766354232,0.9737186674013508,0.2556832159480351,0.0244590085258579,B,DC22,1250.2770111588025,0.7423161347854177,0.6148023064860424,0.45637767180787875,0.16348940027113104,0.032684834767953266,30.842170433260407,,,,0.6327855568308658,0.6082356137007956,
2016,KwaZulu-Natal,KZN227,Richmond,32165.0,18888.0,366.0,19254.0,0.5986009637805068,,38561.25666694721,12425.124587652675,14529.349915242125,13558.074157416013,14147.499237677492,3714.9109119634186,0.9331507766354232,0.9737186674013508,0.2556832159480351,0.0244590085258579,B,DC22,1250.2770111588025,0.8341273801787232,0.5986009637805068,0.4993094536906929,0.18161987765620558,0.019565340959897922,30.842170433260407,0.6148023064860424,0.7423161347854177,-0.016201342705535637,0.6406387458161207,0.6945151537642544,0.6327855568308658
2021,KwaZulu-Natal,KZN227,Richmond,32562.0,16055.0,318.0,16373.0,0.5028253792764572,,38561.25666694721,12425.124587652675,14529.349915242125,13558.074157416013,14147.499237677492,3714.9109119634186,0.9331507766354232,0.9737186674013508,0.2556832159480351,0.0244590085258579,B,DC22,1250.2770111588025,0.8444226878090965,0.5028253792764572,0.42459715826725436,0.19323836225366128,0.04278495309734182,30.842170433260407,0.5986009637805068,0.8341273801787232,-0.09577558450404955,0.4889711369364621,0.7029053269089165,0.6406387458161207
2026,KwaZulu-Natal,KZN227,Richmond,38489.0,,,,,8674.0,38561.25666694721,12425.124587652675,14529.349915242125,13558.074157416013,14147.499237677492,3714.9109119634186,0.9331507766354232,0.9737186674013508,0.2556832159480351,0.0244590085258579,B,DC22,1250.2770111588025,0.9981261848499574,,,0.23758601433074436,,30.842170433260407,0.5028253792764572,0.8444226878090965,,,0.825726126073063,0.4889711369364621
2011,KwaZulu-Natal,KZN235,Okhahlamba,53298.25771580769,32882.925079298686,684.9776085427442,33567.90268784143,0.6298123827392119,,86475.72372678781,28148.65261998606,33146.84548645251,23547.903781391764,31212.47664194241,7385.907712283355,0.7104116073734997,0.9416424454236316,0.2228238495666822,0.0217181105413606,B,DC23,3970.929524463753,0.6163378046328781,0.6298123827392119,0.38817718130808787,-0.022490612451577394,0.05680604136366436,21.777199316692926,,,,0.5788780127048574,0.6103234748062649,
2016,KwaZulu-Natal,KZN235,Okhahlamba,60152.0,34998.0,1051.0,36049.0,0.5992984439420136,,86475.72372678781,28148.65261998606,33146.84548645251,23547.903781391764,31212.47664194241,7385.907712283355,0.7104116073734997,0.9416424454236316,0.2228238495666822,0.0217181105413606,B,DC23,3970.929524463753,0.6955940627920592,0.5992984439420136,0.41686843944658436,0.0,0.020729846486538663,21.777199316692926,0.6298123827392119,0.6163378046328781,-0.030513938797198326,0.5699971671072528,0.6797840150208132,0.5788780127048574
2021,KwaZulu-Natal,KZN235,Okhahlamba,61114.0,33230.0,725.0,33955.0,0.5556010079523513,,86475.72372678781,28148.65261998606,33146.84548645251,23547.903781391764,31212.47664194241,7385.907712283355,0.7104116073734997,0.9416424454236316,0.2228238495666822,0.0217181105413606,B,DC23,3970.929524463753,0.706718572175055,0.5556010079523513,0.3926535510391071,0.015217705575620714,0.14259242681481413,21.777199316692926,0.5992984439420136,0.6955940627920592,-0.04369743598966225,0.4989527662483517,0.655229501654048,0.5699971671072528
2026,KwaZulu-Natal,KZN235,Okhahlamba,68726.0,,,,,16010.0,86475.72372678781,28148.65261998606,33146.84548645251,23547.903781391764,31212.47664194241,7385.907712283355,0.7104116073734997,0.9416424454236316,0.2228238495666822,0.0217181105413606,B,DC23,3970.929524463753,0.7947432763573457,,,0.009725447969029057,,21.777199316692926,0.5556010079523513,0.706718572175055,,,0.7199414878374256,0.4989527662483517
2011,KwaZulu-Natal,KZN237,Inkosi Langalibalele,82042.7623603325,54081.61533217271,1225.5427759085333,55307.15810808125,0.6741259864602284,,146880.1867712946,47394.433490175004,52437.300300591545,40612.49094176932,47921.750087897366,15633.83695364354,0.7744962213722351,0.9138866763389946,0.2981434372865144,0.0379812674321678,B,DC23,3398.045754078109,0.5585692949048351,0.6741259864602284,0.3765460769341162,-0.1209071257684075,0.12480108848248382,43.22489966328992,,,,0.6352724804806289,0.6653830774492507,
2016,KwaZulu-Natal,KZN237,Estcourt/Loskop,97033.0,62187.0,1236.0,63423.0,0.6536229942390733,,146880.1867712946,47394.433490175004,52437.300300591545,40612.49094176932,47921.750087897366,15633.83695364354,0.7744962213722351,0.9138866763389946,0.2981434372865144,0.0379812674321678,B,DC23,3398.045754078109,0.6606268832643094,0.6536229942390733,0.4318009215140447,-0.05157703971547867,0.10750085931624431,43.22489966328992,0.6741259864602284,0.5585692949048351,-0.020502992221155036,0.6526652128173149,0.7187291849689871,0.6352724804806289
2021,KwaZulu-Natal,KZN237,iNkosi Langalibalele,98630.0,53566.0,901.0,54467.0,0.552235628105039,,146880.1867712946,47394.433490175004,52437.300300591545,40612.49094176932,47921.750087897366,15633.83695364354,0.7744962213722351,0.9138866763389946,0.2981434372865144,0.0379812674321678,B,DC23,3398.045754078109,0.6714996907893072,0.552235628105039,0.3708260535153725,-0.03590126643042718,0.13651681947351335,43.22489966328992,0.6536229942390733,0.6606268832643094,-0.10138736613403432,0.5419196846152025,0.7281496602438329,0.6526652128173149
2026,KwaZulu-Natal,KZN237,iNkosi Langalibalele,110144.0,,,,,25833.0,146880.1867712946,47394.433490175004,52437.300300591545,40612.49094176932,47921.750087897366,15633.83695364354,0.7744962213722351,0.9138866763389946,0.2981434372865144,0.0379812674321678,B,DC23,3398.045754078109,0.749890113984563,,,-0.048367010604770895,,43.22489966328992,0.552235628105039,0.6714996907893072,,,0.8093108209167192,0.5419196846152025
2011,KwaZulu-Natal,KZN238,Alfred Duma,134032.80137677473,83235.21380111607,1384.953508096292,84620.16730921235,0.6313392426331498,,262819.583228641,83990.40139612331,99820.29121209102,87137.51951319122,95264.29505666306,57627.26045403722,0.872943952127405,0.9543580157891174,0.5773100814902947,0.0480003559649374,B,DC23,3764.4082682134986,0.5099802675669428,0.6313392426331498,0.32197055588356477,-0.21191377589709992,0.059227416572204525,69.81697108889018,,,,0.6123974323330911,0.5939402751736235,
2016,KwaZulu-Natal,KZN238,Ladysmith/Waaihoek,164357.0,99600.0,1396.0,100996.0,0.6144916249383963,,262819.583228641,83990.40139612331,99820.29121209102,87137.51951319122,95264.29505666306,57627.26045403722,0.872943952127405,0.9543580157891174,0.5773100814902947,0.0480003559649374,B,DC23,3764.4082682134986,0.625360553353503,0.6144916249383963,0.38427882260256874,-0.10643787829952185,0.04576543533127281,69.81697108889018,0.6313392426331498,0.5099802675669428,-0.016847617694753514,0.6024113853652361,0.6626743484830521,0.6123974323330911
2021,KwaZulu-Natal,KZN238,Alfred Duma,161688.0,85367.0,1154.0,86521.0,0.535110830735738,,262819.583228641,83990.40139612331,99820.29121209102,87137.51951319122,95264.29505666306,57627.26045403722,0.872943952127405,0.9543580157891174,0.5773100814902947,0.0480003559649374,B,DC23,3764.4082682134986,0.6152052979223349,0.535110830735738,0.3292030180442478,-0.12345879205437653,0.10501588746217216,69.81697108889018,0.6144916249383963,0.625360553353503,-0.07938079420265831,0.5121807518478309,0.6545180968042221,0.6024113853652361
2026,KwaZulu-Natal,KZN238,Alfred Duma,181256.0,,,,,41817.0,262819.583228641,83990.40139612331,99820.29121209102,87137.51951319122,95264.29505666306,57627.26045403722,0.872943952127405,0.9543580157891174,0.5773100814902947,0.0480003559649374,B,DC23,3764.4082682134986,0.6896594149238703,,,-0.13209581754320768,,69.81697108889018,0.535110830735738,0.6152052979223349,,,0.7339207706675879,0.5121807518478309
2011,KwaZulu-Natal,KZN241,Endumeni,24499.99007499502,13674.994460226811,239.99990277546144,13914.994363002275,0.5679591836734694,,66529.50523671777,21492.53577280725,24780.19109277064,22023.82509428653,21473.048020192888,19160.5386885208,0.8887673630859027,0.8665408567594711,0.7732199730336496,0.0704204808705673,B,DC24,1610.233065538121,0.36825751202901513,0.5679591836734694,0.20915523591362228,-0.5375033554229378,-0.04656637208398287,41.31669300585651,,,,0.6308275015742281,0.5567667323516873,
2016,KwaZulu-Natal,KZN241,Endumeni,29061.0,16724.0,276.0,17000.0,0.5849764288909535,,66529.50523671777,21492.53577280725,24780.19109277064,22023.82509428653,21473.048020192888,19160.5386885208,0.8887673630859027,0.8665408567594711,0.7732199730336496,0.0704204808705673,B,DC24,1610.233065538121,0.4368137098960594,0.5849764288909535,0.25552572410560576,-0.46525943600432534,-0.0034583105890548813,41.31669300585651,0.5679591836734694,0.36825751202901513,0.017017245217484045,0.6193609448440538,0.6582989455393023,0.6308275015742281
2021,KwaZulu-Natal,KZN241,eNdumeni,29725.0,14752.0,191.0,14943.0,0.502708158116064,,66529.50523671777,21492.53577280725,24780.19109277064,22023.82509428653,21473.048020192888,19160.5386885208,0.8887673630859027,0.8665408567594711,0.7732199730336496,0.0704204808705673,B,DC24,1610.233065538121,0.4467942440611254,0.502708158116064,0.22460711148882748,-0.44331663738874083,0.042551800931719855,41.31669300585651,0.5849764288909535,0.4368137098960594,-0.08226827077488952,0.5326660838188212,0.6685798052196336,0.6193609448440538
2026,KwaZulu-Natal,KZN241,eNdumeni,35914.0,,,,,8903.0,66529.50523671777,21492.53577280725,24780.19109277064,22023.82509428653,21473.048020192888,19160.5386885208,0.8887673630859027,0.8665408567594711,0.7732199730336496,0.0704204808705673,B,DC24,1610.233065538121,0.5398206385605133,,,-0.3770567581433958,,41.31669300585651,0.502708158116064,0.4467942440611254,,,0.7581433495710272,0.5326660838188212
2011,KwaZulu-Natal,KZN242,Nqutu,65775.96845912894,39613.98100431668,661.999682558127,40275.98068687481,0.6123206032595476,,111883.39849933489,37860.87664489293,38195.24429756237,26180.11565537393,35964.7749859512,7649.915290273522,0.6854286740887465,0.9416034809403346,0.200284496956647,0.021321527981592,B,DC24,1962.2576425859916,0.5878974838212477,0.6123206032595476,0.35998174194819654,-0.06973322436613973,0.028640078386690245,57.0176902722558,,,,0.6221086271480669,0.5951654673236353,
2016,KwaZulu-Natal,KZN242,Nqutu,77097.0,43807.0,878.0,44685.0,0.5795945367524028,,111883.39849933489,37860.87664489293,38195.24429756237,26180.11565537393,35964.7749859512,7649.915290273522,0.6854286740887465,0.9416034809403346,0.200284496956647,0.021321527981592,B,DC24,1962.2576425859916,0.6890834657695737,0.5795945367524028,0.3993890121264563,-0.009403842941077706,-0.012701080005971857,57.0176902722558,0.6123206032595476,0.5878974838212477,-0.032726066507144824,0.6182977339955541,0.6950344597972893,0.6221086271480669
2021,KwaZulu-Natal,KZN242,Nqutu,80324.0,42211.0,593.0,42804.0,0.5328917882575569,,111883.39849933489,37860.87664489293,38195.24429756237,26180.11565537393,35964.7749859512,7649.915290273522,0.6854286740887465,0.9416034809403346,0.200284496956647,0.021321527981592,B,DC24,1962.2576425859916,0.7179259932873553,0.5328917882575569,0.3825768663994816,0.03095166840381831,0.10086038141385081,57.0176902722558,0.5795945367524028,0.6890834657695737,-0.0467027484948459,0.5262307730485645,0.7053648337973891,0.6182977339955541
2026,KwaZulu-Natal,KZN242,Nqutu,88402.0,,,,,22272.0,111883.39849933489,37860.87664489293,38195.24429756237,26180.11565537393,35964.7749859512,7649.915290273522,0.6854286740887465,0.9416034809403346,0.200284496956647,0.021321527981592,B,DC24,1962.2576425859916,0.7901261597852297,,,0.00389893692814774,,57.0176902722558,0.5328917882575569,0.7179259932873553,,,0.8063575725441626,0.5262307730485645
2011,KwaZulu-Natal,KZN244,Msinga,71265.16742817618,47804.72785439423,801.2548964176095,48605.98275081184,0.6820440406570131,,111868.28703436536,40467.14570460624,39620.07995465307,16050.782846427232,34818.704872558184,4155.68632153187,0.4051173764615836,0.8788146039182588,0.1048883880670669,0.0152046753641628,B,DC24,2375.1532302033975,0.6370453085268383,0.6820440406570131,0.43449295630923834,0.010554971206562163,0.1364783030086668,47.09939788801982,,,,0.6204141497356266,0.5843682701677488,
2016,KwaZulu-Natal,KZN244,Msinga,85368.0,56706.0,776.0,57482.0,0.6733436416455815,,111868.28703436536,40467.14570460624,39620.07995465307,16050.782846427232,34818.704872558184,4155.68632153187,0.4051173764615836,0.8788146039182588,0.1048883880670669,0.0152046753641628,B,DC24,2375.1532302033975,0.7631117116665547,0.6733436416455815,0.5138364189159509,0.09263818459666723,0.1372259464695291,47.09939788801982,0.6820440406570131,0.6370453085268383,-0.008700399011431603,0.6246791093418854,0.6814321957563447,0.6204141497356266
2021,KwaZulu-Natal,KZN244,uMsinga,86107.0,48707.0,820.0,49527.0,0.5751797182575168,,111868.28703436536,40467.14570460624,39620.07995465307,16050.782846427232,34818.704872558184,4155.68632153187,0.4051173764615836,0.8788146039182588,0.1048883880670669,0.0152046753641628,B,DC24,2375.1532302033975,0.7697176946452069,0.5751797182575168,0.4427260067438554,0.1006089953754612,0.1772245472211891,47.09939788801982,0.6733436416455815,0.7631117116665547,-0.09816392338806468,0.5343201239450744,0.697737445186901,0.6246791093418854
2026,KwaZulu-Natal,KZN244,uMsinga,98107.0,,,,,27398.0,111868.28703436536,40467.14570460624,39620.07995465307,16050.782846427232,34818.704872558184,4155.68632153187,0.4051173764615836,0.8788146039182588,0.1048883880670669,0.0152046753641628,B,DC24,2375.1532302033975,0.8769867010644583,,,0.10819813642102967,,47.09939788801982,0.5751797182575168,0.7697176946452069,,,0.781026700519243,0.5343201239450744
2011,KwaZulu-Natal,KZN245,Umvoti,48557.65407873118,30378.052963638387,626.1765952753324,31004.22955891372,0.6385034480587466,,86817.78302259647,27290.01482871248,35350.98997732527,22921.397199559848,32761.653325131487,12648.78225131892,0.6483947752032411,0.9267534896800732,0.3578056020335517,0.0380664890007856,B,DC24,2690.591843461505,0.5593053909945254,0.6385034480587466,0.3571184206678499,-0.11959016921618554,0.07051114721334416,32.26716948301735,,,,0.6421795897544683,0.6727477990771185,
2016,KwaZulu-Natal,KZN245,Umvoti,58550.0,37083.0,678.0,37761.0,0.644935952177626,,86817.78302259647,27290.01482871248,35350.98997732527,22921.397199559848,32761.653325131487,12648.78225131892,0.6483947752032411,0.9267534896800732,0.3578056020335517,0.0380664890007856,B,DC24,2690.591843461505,0.6744010035911757,0.644935952177626,0.43494545340062146,-0.03094135225607558,0.09412114840083806,32.26716948301735,0.6385034480587466,0.5593053909945254,0.006432504118879412,0.6521554347155573,0.7773778247776834,0.6421795897544683
2021,KwaZulu-Natal,KZN245,uMvoti,59501.0,32936.0,501.0,33437.0,0.5619569419001361,,86817.78302259647,27290.01482871248,35350.98997732527,22921.397199559848,32761.653325131487,12648.78225131892,0.6483947752032411,0.9267534896800732,0.3578056020335517,0.0380664890007856,B,DC24,2690.591843461505,0.6853549806093688,0.5619569419001361,0.385139989019268,-0.01547789801566364,0.1539672328896635,32.26716948301735,0.644935952177626,0.6744010035911757,-0.08297901027748988,0.5417220144740594,0.7934375887550434,0.6521554347155573
2026,KwaZulu-Natal,KZN245,uMvoti,65622.0,,,,,16081.0,86817.78302259647,27290.01482871248,35350.98997732527,22921.397199559848,32761.653325131487,12648.78225131892,0.6483947752032411,0.9267534896800732,0.3578056020335517,0.0380664890007856,B,DC24,2690.591843461505,0.7558589693878759,,,-0.040438881365077346,,32.26716948301735,0.5619569419001361,0.6853549806093688,,,0.884344738301344,0.5417220144740594
2011,KwaZulu-Natal,KZN252,Newcastle,149135.92239967815,87670.95438192108,1699.999115434589,89370.95349735567,0.5992583950219933,,329828.3609354809,111383.4759662456,120616.20700338871,118224.79360980623,116039.74797612024,88596.25110219698,0.9801733659763046,0.9620576774799434,0.7345302368835712,0.0616126931490062,B,DC25,1855.7942398276248,0.4521622154525737,0.5992583950219933,0.270962003521698,-0.3322448106282476,0.007076953937913495,177.7289496092611,,,,0.6072814664786368,0.5554893311240985,
2016,KwaZulu-Natal,KZN252,Newcastle,183353.0,105808.0,1849.0,107657.0,0.5871570140657638,,329828.3609354809,111383.4759662456,120616.20700338871,118224.79360980623,116039.74797612024,88596.25110219698,0.9801733659763046,0.9620576774799434,0.7345302368835712,0.0616126931490062,B,DC25,1855.7942398276248,0.5559042875511437,0.5871570140657638,0.32640310158488534,-0.22417011232733647,0.00026240517676755096,177.7289496092611,0.5992583950219933,0.4521622154525737,-0.01210138095622948,0.6031489222713826,0.6186817402015868,0.6072814664786368
2021,KwaZulu-Natal,KZN252,Newcastle,181563.0,81117.0,1740.0,82857.0,0.4563539928289354,,329828.3609354809,111383.4759662456,120616.20700338871,118224.79360980623,116039.74797612024,88596.25110219698,0.9801733659763046,0.9620576774799434,0.7345302368835712,0.0616126931490062,B,DC25,1855.7942398276248,0.5504772224105867,0.4563539928289354,0.2512124784084532,-0.23462924279354028,-0.054189189820028294,177.7289496092611,0.5871570140657638,0.5559042875511437,-0.1308030212368284,0.4809722033997399,0.609675741476722,0.6031489222713826
2026,KwaZulu-Natal,KZN252,Newcastle,201426.0,,,,,45867.0,329828.3609354809,111383.4759662456,120616.20700338871,118224.79360980623,116039.74797612024,88596.25110219698,0.9801733659763046,0.9620576774799434,0.7345302368835712,0.0616126931490062,B,DC25,1855.7942398276248,0.6106994541909686,,,-0.25368874522815943,,177.7289496092611,0.4563539928289354,0.5504772224105867,,,0.6943792128433042,0.4809722033997399
2011,KwaZulu-Natal,KZN253,Emadlangeni,11586.996429002687,6949.997858079631,166.99994853227315,7116.997806611904,0.6142228359368258,,22791.989732233094,7730.6691590396285,8668.207875789081,6379.990488140331,5913.28358059863,3280.4651872498944,0.7360218605232226,0.6821806381818379,0.3784479138314698,0.0406745865954614,B,DC25,3539.315889811837,0.5083802057271033,0.6142228359368258,0.31225873169584833,-0.21505620571149203,0.03174185879105309,6.439659652262573,,,,0.6043238501792574,0.5054640873438179,
2016,KwaZulu-Natal,KZN253,eMadlangeni,14331.0,8943.0,223.0,9166.0,0.6395924918009909,,22791.989732233094,7730.6691590396285,8668.207875789081,6379.990488140331,5913.28358059863,3280.4651872498944,0.7360218605232226,0.6821806381818379,0.3784479138314698,0.0406745865954614,B,DC25,3539.315889811837,0.6287735370349296,0.6395924918009909,0.4021588333306932,-0.10099509170584388,0.08580137747808454,6.439659652262573,0.6142228359368258,0.5083802057271033,0.025369655864165064,0.5858950384179754,0.5814539837349731,0.6043238501792574
2021,KwaZulu-Natal,KZN253,eMadlangeni,15019.0,7896.0,241.0,8137.0,0.5417804114787935,,22791.989732233094,7730.6691590396285,8668.207875789081,6379.990488140331,5913.28358059863,3280.4651872498944,0.7360218605232226,0.6821806381818379,0.3784479138314698,0.0406745865954614,B,DC25,3539.315889811837,0.6589595808197339,0.5417804114787935,0.35701139284440875,-0.05475262340723814,0.1174027762403858,6.439659652262573,0.6395924918009909,0.6287735370349296,-0.09781208032219735,0.49504083854499564,0.5897489641087915,0.5858950384179754
2026,KwaZulu-Natal,KZN253,eMadlangeni,17688.0,,,,,4324.0,22791.989732233094,7730.6691590396285,8668.207875789081,6379.990488140331,5913.28358059863,3280.4651872498944,0.7360218605232226,0.6821806381818379,0.3784479138314698,0.0406745865954614,B,DC25,3539.315889811837,0.776062125676773,,,-0.014061115873052322,,6.439659652262573,0.5417804114787935,0.6589595808197339,,,0.6707892675118503,0.49504083854499564
2011,KwaZulu-Natal,KZN254,Dannhauser,46956.50040962595,28277.330764435785,563.8582310730326,28841.18899550882,0.6142107853846037,,86871.15608485127,29670.325064835662,27166.08403144024,23377.224207804848,25775.07225506547,5738.986080882484,0.8605297760527276,0.9487960143697964,0.2112555521156659,0.022383174072253,B,DC25,1707.3128198879851,0.5405303961163043,0.6142107853846037,0.3319995991228462,-0.15373493729078277,0.031722239412336525,50.8818038925935,,,,0.6009985043811971,0.5129910257471083,
2016,KwaZulu-Natal,KZN254,Dannhauser,50834.0,29415.0,566.0,29981.0,0.5897824290828972,,86871.15608485127,29670.325064835662,27166.08403144024,23377.224207804848,25775.07225506547,5738.986080882484,0.8605297760527276,0.9487960143697964,0.2112555521156659,0.022383174072253,B,DC25,1707.3128198879851,0.5851654598719507,0.5897824290828972,0.3451203063386897,-0.1728716024382804,0.00472384010817655,50.8818038925935,0.6142107853846037,0.5405303961163043,-0.024428356301706478,0.6033141220352258,0.6020106446075888,0.6009985043811971
2021,KwaZulu-Natal,KZN254,Dannhauser,50480.0,23584.0,564.0,24148.0,0.4783676703645008,,86871.15608485127,29670.325064835662,27166.08403144024,23377.224207804848,25775.07225506547,5738.986080882484,0.8605297760527276,0.9487960143697964,0.2112555521156659,0.022383174072253,B,DC25,1707.3128198879851,0.5810904594235368,0.4783676703645008,0.27797488934547476,-0.18050838110168357,-0.007078376549468807,50.8818038925935,0.5897824290828972,0.5851654598719507,-0.11141475871839646,0.4988663543075818,0.5963977312726688,0.6033141220352258
2026,KwaZulu-Natal,KZN254,Dannhauser,57151.0,,,,,13415.0,86871.15608485127,29670.325064835662,27166.08403144024,23377.224207804848,25775.07225506547,5738.986080882484,0.8605297760527276,0.9487960143697964,0.2112555521156659,0.022383174072253,B,DC25,1707.3128198879851,0.6578823464048049,,,-0.1792675812316487,,50.8818038925935,0.4783676703645008,0.5810904594235368,,,0.6768280781805147,0.4988663543075818
2011,KwaZulu-Natal,KZN261,eDumbe,31521.06722688633,19331.241359043222,279.32779410328715,19610.56915314652,0.6221416620189627,,57444.90461728168,19889.188910402125,19336.32740283821,16042.013537988292,17737.2258149119,7905.223899812255,0.8296308395995418,0.9173006561891588,0.40882757801525,0.0228048646729176,B,DC26,1897.4748849810055,0.548718244670974,0.6221416620189628,0.34138048071972765,-0.13870071558794828,0.044551890756299,30.274395235464066,,,,0.6111076724107023,0.516853545465082,
2016,KwaZulu-Natal,KZN261,eDumbe,37780.0,22549.0,328.0,22877.0,0.6055320275277924,,57444.90461728168,19889.188910402125,19336.32740283821,16042.013537988292,17737.2258149119,7905.223899812255,0.8296308395995418,0.9173006561891588,0.40882757801525,0.0228048646729176,B,DC26,1897.4748849810055,0.6576736483714918,0.6055320275277924,0.39824245774998984,-0.05605741389747256,0.0310775914273694,30.274395235464066,0.6221416620189628,0.548718244670974,-0.016609634491170366,0.5957970279489903,0.6138327339473152,0.6111076724107023
2021,KwaZulu-Natal,KZN261,eDumbe,40418.0,22943.0,317.0,23260.0,0.5754861695284279,,57444.90461728168,19889.188910402125,19336.32740283821,16042.013537988292,17737.2258149119,7905.223899812255,0.8296308395995418,0.9173006561891588,0.40882757801525,0.0228048646729176,B,DC26,1897.4748849810055,0.7035959110608512,0.5754861695284279,0.4049097157522737,0.01078937947631729,0.177757197543771,30.274395235464066,0.6055320275277924,0.6576736483714918,-0.030045857999364545,0.5011605151584383,0.6289147030032747,0.5957970279489903
2026,KwaZulu-Natal,KZN261,eDumbe,44588.0,,,,,12501.0,57444.90461728168,19889.188910402125,19336.32740283821,16042.013537988292,17737.2258149119,7905.223899812255,0.8296308395995418,0.9173006561891588,0.40882757801525,0.0228048646729176,B,DC26,1897.4748849810055,0.7761872057593456,,,-0.013899956089878044,,30.274395235464066,0.5754861695284279,0.7035959110608512,,,0.7327094064364652,0.5011605151584383
2011,KwaZulu-Natal,KZN262,uPhongolo,45580.07170999594,27605.11716423221,464.5282169332508,28069.645381165465,0.6158315318097591,,87932.7958173223,32872.5705081024,32241.809468255426,25740.939986557787,31113.66906387126,10670.10279514352,0.7983714441306946,0.9650100157841666,0.3309399494358115,0.0346233234840716,B,DC26,2869.3855061310383,0.5183512168166147,0.6158315318097591,0.3192170238676284,-0.1956327725746895,0.03435751031392986,30.645166231388433,,,,0.6259710940869794,0.6160740614801011,
2016,KwaZulu-Natal,KZN262,UPhongolo,59884.0,34626.0,668.0,35294.0,0.5893727873889519,,87932.7958173223,32872.5705081024,32241.809468255426,25740.939986557787,31113.66906387126,10670.10279514352,0.7983714441306946,0.9650100157841666,0.3309399494358115,0.0346233234840716,B,DC26,2869.3855061310383,0.6810200840697387,0.5893727873889519,0.4013747052160403,-0.02117444932645411,0.004029034700537906,30.645166231388433,0.6158315318097591,0.5183512168166147,-0.0264587444208072,0.5976049800366888,0.7192599445941126,0.6259710940869794
2021,KwaZulu-Natal,KZN262,uPhongolo,64045.0,34288.0,513.0,34801.0,0.543383558435475,,87932.7958173223,32872.5705081024,32241.809468255426,25740.939986557787,31113.66906387126,10670.10279514352,0.7983714441306946,0.9650100157841666,0.3309399494358115,0.0346233234840716,B,DC26,2869.3855061310383,0.7283403126752791,0.543383558435475,0.3957681508534997,0.045353579520151635,0.12035744146596199,30.645166231388433,0.5893727873889519,0.6810200840697387,-0.0459892289534769,0.540636487124001,0.7503067574140467,0.5976049800366888
2026,KwaZulu-Natal,KZN262,uPhongolo,73333.0,,,,,19860.0,87932.7958173223,32872.5705081024,32241.809468255426,25740.939986557787,31113.66906387126,10670.10279514352,0.7983714441306946,0.9650100157841666,0.3309399494358115,0.0346233234840716,B,DC26,2869.3855061310383,0.8339664321869973,,,0.05789946065891232,,30.645166231388433,0.543383558435475,0.7283403126752791,,,0.8556534705102282,0.540636487124001
2011,KwaZulu-Natal,KZN263,Abaqulusi,89702.55024925321,53469.12752008897,881.3733604804348,54350.50088056941,0.6058969419436532,,151062.4686866865,50823.10709273459,55006.44531243684,45646.55574031892,49115.43497567941,29227.39942562491,0.829840130207402,0.8929032715476075,0.5313449952930636,0.0390933179208202,B,DC26,4537.1302587596865,0.5938109646235307,0.6058969419436532,0.35978824755800803,-0.05972478248315838,0.01809398031445198,33.294717160706426,,,,0.6220258496577952,0.5604206013700146,
2016,KwaZulu-Natal,KZN263,Abaqulusi,97881.0,54207.0,739.0,54946.0,0.5613551148844005,,151062.4686866865,50823.10709273459,55006.44531243684,45646.55574031892,49115.43497567941,29227.39942562491,0.829840130207402,0.8929032715476075,0.5313449952930636,0.0390933179208202,B,DC26,4537.1302587596865,0.6479504859874337,0.5613551148844005,0.363730319500879,-0.07095196414751015,-0.044676155895471095,33.294717160706426,0.6058969419436532,0.5938109646235307,-0.04454182705925269,0.5985438356558911,0.6820184329153889,0.6220258496577952
2021,KwaZulu-Natal,KZN263,AbaQulusi,96719.0,45206.0,650.0,45856.0,0.4741157373421975,,151062.4686866865,50823.10709273459,55006.44531243684,45646.55574031892,49115.43497567941,29227.39942562491,0.829840130207402,0.8929032715476075,0.5313449952930636,0.0390933179208202,B,DC26,4537.1302587596865,0.6402583040040314,0.4741157373421975,0.30355653789233616,-0.08354312698059474,-0.016006534734775205,33.294717160706426,0.5613551148844005,0.6479504859874337,-0.08723937754220301,0.5412609396226087,0.7154959908434513,0.5985438356558911
2026,KwaZulu-Natal,KZN263,AbaQulusi,112562.0,,,,,25606.0,151062.4686866865,50823.10709273459,55006.44531243684,45646.55574031892,49115.43497567941,29227.39942562491,0.829840130207402,0.8929032715476075,0.5313449952930636,0.0390933179208202,B,DC26,4537.1302587596865,0.7451354461409008,,,-0.05472768295832648,,33.294717160706426,0.4741157373421975,0.6402583040040314,,,0.8078622450054587,0.5412609396226087
2011,KwaZulu-Natal,KZN265,Nongoma,81551.96546373225,51877.97803030584,772.9996726440189,52650.97770294985,0.6456126152638806,,127673.13946545243,44437.86165918658,39452.69793790911,19852.281548240604,37875.1413790803,4783.450519492564,0.5031919890367001,0.9600139751833554,0.121245206779541,0.0192402948560771,B,DC26,2182.1139821153497,0.6387558558141332,0.6456126152638806,0.41238883858728076,0.013236499269229691,0.081583728643098,58.508923233096006,,,,0.6297506100048733,0.5963250493146651,
2016,KwaZulu-Natal,KZN265,Nongoma,96207.0,54714.0,954.0,55668.0,0.5786273348093174,,127673.13946545243,44437.86165918658,39452.69793790911,19852.281548240604,37875.1413790803,4783.450519492564,0.5031919890367001,0.9600139751833554,0.121245206779541,0.0192402948560771,B,DC26,2182.1139821153497,0.7535414293312105,0.5786273348093174,0.4360196689223219,0.080017752011106,-0.01437123007248279,58.508923233096006,0.6456126152638806,0.6387558558141332,-0.0669852804545632,0.604961537217567,0.7211560941717556,0.6297506100048733
2021,KwaZulu-Natal,KZN265,Nongoma,98137.0,49637.0,684.0,50321.0,0.5127627704127903,,127673.13946545243,44437.86165918658,39452.69793790911,19852.281548240604,37875.1413790803,4783.450519492564,0.5031919890367001,0.9600139751833554,0.121245206779541,0.0192402948560771,B,DC26,2182.1139821153497,0.7686581563740372,0.5127627704127903,0.3941392857627391,0.09923151868405065,0.06235530413899852,58.508923233096006,0.5786273348093174,0.7535414293312105,-0.0658645643965271,0.5377612126037465,0.7446505195602178,0.604961537217567
2026,KwaZulu-Natal,KZN265,Nongoma,110178.0,,,,,28515.0,127673.13946545243,44437.86165918658,39452.69793790911,19852.281548240604,37875.1413790803,4783.450519492564,0.5031919890367001,0.9600139751833554,0.121245206779541,0.0192402948560771,B,DC26,2182.1139821153497,0.8629693016189477,,,0.09208542703260772,,58.508923233096006,0.5127627704127903,0.7686581563740372,,,0.8501476626000706,0.5377612126037465
2011,KwaZulu-Natal,KZN266,Ulundi,83873.97276692638,54019.98246023039,528.9998282388351,54548.98228846922,0.6503684097574934,,127588.45059924811,41613.55986936338,43546.08553174775,32019.682411510003,42003.53919723138,14015.326940733456,0.735305642757848,0.9645766935034434,0.3218504434919972,0.034091491283941,B,DC26,3271.912626755615,0.6573790368406641,0.6503684097574934,0.4275385587979754,0.041974962917990084,0.08892305807716533,38.99506654178695,,,,0.628017037694177,0.647685174894967,
2016,KwaZulu-Natal,KZN266,Ulundi,95548.0,55920.0,627.0,56547.0,0.5918177251224516,,127588.45059924811,41613.55986936338,43546.08553174775,32019.682411510003,42003.53919723138,14015.326940733456,0.735305642757848,0.9645766935034434,0.3218504434919972,0.034091491283941,B,DC26,3271.912626755615,0.7488765601528754,0.5918177251224516,0.44319842222720146,0.07380791666361283,0.008168826206402809,38.99506654178695,0.6503684097574934,0.6573790368406641,-0.05855068463504187,0.6162856361335758,0.7693386506142781,0.628017037694177
2021,KwaZulu-Natal,KZN266,Ulundi,94019.0,46807.0,671.0,47478.0,0.5049830353439199,,127588.45059924811,41613.55986936338,43546.08553174775,32019.682411510003,42003.53919723138,14015.326940733456,0.735305642757848,0.9645766935034434,0.3218504434919972,0.034091491283941,B,DC26,3271.912626755615,0.736892716844028,0.5049830353439199,0.3721183208747249,0.05702749230153123,0.0470668370998853,38.99506654178695,0.5918177251224516,0.7488765601528754,-0.0868346897785317,0.5373466614934403,0.791750307264999,0.6162856361335758
2026,KwaZulu-Natal,KZN266,Ulundi,103617.0,,,,,23631.0,127588.45059924811,41613.55986936338,43546.08553174775,32019.682411510003,42003.53919723138,14015.326940733456,0.735305642757848,0.9645766935034434,0.3218504434919972,0.034091491283941,B,DC26,3271.912626755615,0.8121189614995655,,,0.03135314202722715,,38.99506654178695,0.5049830353439199,0.736892716844028,,,0.8803576961419045,0.5373466614934403
2011,KwaZulu-Natal,KZN271,Umhlabuyalingana,69150.64748517604,42622.72881148435,801.5095177574889,43424.23832924183,0.6279657517097113,,115929.24089042956,39370.780309174086,44025.54584377579,26221.75945683113,34161.74420190236,7698.891022404696,0.5956032788299498,0.7759527689474871,0.174873266755718,0.0240766556097358,B,DC27,4977.13465767228,0.5964901258219548,0.6279657517097113,0.3745753702492041,-0.0552231219464252,0.05386970099370153,23.29236576143746,,,,0.6383280832567304,0.6060420141462581,
2016,KwaZulu-Natal,KZN271,Umhlabuyalingana,79546.0,49331.0,1428.0,50759.0,0.6381087672541674,,115929.24089042956,39370.780309174086,44025.54584377579,26221.75945683113,34161.74420190236,7698.891022404696,0.5956032788299498,0.7759527689474871,0.174873266755718,0.0240766556097358,B,DC27,4977.13465767228,0.686159931601578,0.6381087672541674,0.43784466809348677,-0.01365551006787703,0.08347888588900879,23.29236576143746,0.6279657517097113,0.5964901258219548,0.01014301554445618,0.6411310293460155,0.7639666703243653,0.6383280832567304
2021,KwaZulu-Natal,KZN271,uMhlabuyalingana,85431.0,48099.0,1212.0,49311.0,0.5772026547740282,,115929.24089042956,39370.780309174086,44025.54584377579,26221.75945683113,34161.74420190236,7698.891022404696,0.5956032788299498,0.7759527689474871,0.174873266755718,0.0240766556097358,B,DC27,4977.13465767228,0.736923655704302,0.5772026547740282,0.425354290438305,0.05706947698952196,0.18073542805691412,23.29236576143746,0.6381087672541674,0.686159931601578,-0.06090611248013922,0.58316186594857,0.8088806321388751,0.6411310293460155
2026,KwaZulu-Natal,KZN271,uMhlabuyalingana,103480.0,,,,,28615.0,115929.24089042956,39370.780309174086,44025.54584377579,26221.75945683113,34161.74420190236,7698.891022404696,0.5956032788299498,0.7759527689474871,0.174873266755718,0.0240766556097358,B,DC27,4977.13465767228,0.8926134528716879,,,0.12585993192494133,,23.29236576143746,0.5772026547740282,0.736923655704302,,,0.9297587365864447,0.58316186594857
2011,KwaZulu-Natal,KZN272,Jozini,79706.63579066604,49658.743423537606,575.0212943411066,50233.76471787872,0.6302331571214211,,116698.8740886112,41037.17634165093,41717.98571536335,21735.34035539589,36392.13420477067,6863.74207570008,0.5210064671792504,0.8723368010399566,0.1645271687499617,0.0242519979302834,B,DC27,3479.317649501217,0.6830111808117668,0.6302331571214211,0.43045629283222964,0.0802254197640569,0.057473913094548544,33.540735812190285,,,,0.6339582270438477,0.570667511483363,
2016,KwaZulu-Natal,KZN272,Jozini,95445.0,60633.0,920.0,61553.0,0.6449054429252449,,116698.8740886112,41037.17634165093,41717.98571536335,21735.34035539589,36392.13420477067,6863.74207570008,0.5210064671792504,0.8723368010399566,0.1645271687499617,0.0242519979302834,B,DC27,3479.317649501217,0.8178742146863146,0.6449054429252449,0.5274515326794146,0.16194230593440045,0.09407384141797534,33.540735812190285,0.6302331571214211,0.6830111808117668,0.014672285803823737,0.6108663763048057,0.7076951427412358,0.6339582270438477
2021,KwaZulu-Natal,KZN272,Jozini,103712.0,61462.0,784.0,62246.0,0.6001812712125887,,116698.8740886112,41037.17634165093,41717.98571536335,21735.34035539589,36392.13420477067,6863.74207570008,0.5210064671792504,0.8723368010399566,0.1645271687499617,0.0242519979302834,B,DC27,3479.317649501217,0.8887146582172671,0.6001812712125887,0.5333898933141007,0.24436139269176874,0.21977373004230563,33.540735812190285,0.6449054429252449,0.8178742146863146,-0.04472417171265619,0.5498728610767112,0.7407421827035253,0.6108663763048057
2026,KwaZulu-Natal,KZN272,Jozini,121171.0,,,,,35845.0,116698.8740886112,41037.17634165093,41717.98571536335,21735.34035539589,36392.13420477067,6863.74207570008,0.5210064671792504,0.8723368010399566,0.1645271687499617,0.0242519979302834,B,DC27,3479.317649501217,1.0383219285217187,,,0.2770674670123644,,33.540735812190285,0.6001812712125887,0.8887146582172671,,,0.8526861828322009,0.5498728610767112
2011,KwaZulu-Natal,KZN275,Inkosi Mtubatuba,73366.96927084698,43058.98196509876,729.9996942456186,43788.981659344376,0.5968487194515246,,127899.65304873772,42065.73534571092,40793.16544775294,25712.275152288104,39773.0987334742,10017.2143127975,0.6303084075497859,0.9749941760321292,0.2455610934539352,0.0350145219398354,B,DC27,1969.8293189725432,0.5736291500563305,0.5968487194515246,0.34236982365118734,-0.09430270234306187,0.0030477515340592695,64.92930723330373,,,,0.6645168478365979,0.569609571290284,
2016,KwaZulu-Natal,KZN275,Mtubatuba,90718.0,55025.0,1368.0,56393.0,0.6216296655570008,,127899.65304873772,42065.73534571092,40793.16544775294,25712.275152288104,39773.0987334742,10017.2143127975,0.6303084075497859,0.9749941760321292,0.2455610934539352,0.0350145219398354,B,DC27,1969.8293189725432,0.709290430720956,0.6216296655570008,0.44091597323184895,0.019498829890950142,0.05731465791215866,64.92930723330373,0.5968487194515246,0.5736291500563305,0.02478094610547621,0.6437411937740859,0.7275781393570986,0.6645168478365979
2021,KwaZulu-Natal,KZN275,Mtubatuba,101008.0,56825.0,1118.0,57943.0,0.5736476318707429,,127899.65304873772,42065.73534571092,40793.16544775294,25712.275152288104,39773.0987334742,10017.2143127975,0.6303084075497859,0.9749941760321292,0.2455610934539352,0.0350145219398354,B,DC27,1969.8293189725432,0.7897441282464596,0.5736476318707429,0.45303484895240576,0.12629418278626733,0.17455732782589478,64.92930723330373,0.6216296655570008,0.709290430720956,-0.047982033686257974,0.5484631661962733,0.7357689290845366,0.6437411937740859
2026,KwaZulu-Natal,KZN275,Inkosi uMtubatuba,121171.0,,,,,35845.0,127899.65304873772,42065.73534571092,40793.16544775294,25712.275152288104,39773.0987334742,10017.2143127975,0.6303084075497859,0.9749941760321292,0.2455610934539352,0.0350145219398354,B,DC27,1969.8293189725432,0.9473911547971621,,,0.1854183624407298,,64.92930723330373,0.5736476318707429,0.7897441282464596,,,0.8169679322416609,0.5484631661962733
2011,KwaZulu-Natal,KZN276,Big Five Hlabisa,40793.33564598006,25912.260501293746,457.4902901202537,26369.750791414,0.6464230093920398,,77103.43828874028,25327.10642101953,26081.20716736299,13449.06993145999,24314.134688792357,5412.699488257284,0.5156613282950198,0.9322472895049934,0.2075325522137076,0.0293217122982056,B,DC27,3470.1229043282387,0.5290728474807495,0.6464230093920398,0.34200486225612176,-0.1751596795411889,0.08283817429299553,22.219224048972492,,,,0.6367439927458083,0.6337130793726732,
2016,KwaZulu-Natal,KZN276,Hluhluwe/Somkele,54748.0,34303.0,591.0,34894.0,0.637356615766786,,77103.43828874028,25327.10642101953,26081.20716736299,13449.06993145999,24314.134688792357,5412.699488257284,0.5156613282950198,0.9322472895049934,0.2075325522137076,0.0293217122982056,B,DC27,3470.1229043282387,0.710059125962416,0.637356615766786,0.45256088151772755,0.020581995504376907,0.08229947077577687,22.219224048972492,0.6464230093920398,0.5290728474807495,-0.009066393625253744,0.621766199879999,0.7443097424581461,0.6367439927458083
2021,KwaZulu-Natal,KZN276,Big Five Hlabisa,56212.0,31349.0,475.0,31824.0,0.5661424606845513,,77103.43828874028,25327.10642101953,26081.20716736299,13449.06993145999,24314.134688792357,5412.699488257284,0.5156613282950198,0.9322472895049934,0.2075325522137076,0.0293217122982056,B,DC27,3470.1229043282387,0.7290466060604831,0.5661424606845513,0.4127442395088026,0.046322839544952046,0.16138774562242694,22.219224048972492,0.637356615766786,0.710059125962416,-0.07121415508223472,0.5451257065259247,0.7752826979553705,0.621766199879999
2026,KwaZulu-Natal,KZN276,Big Five Hlabisa,63317.0,,,,,16551.0,77103.43828874028,25327.10642101953,26081.20716736299,13449.06993145999,24314.134688792357,5412.699488257284,0.5156613282950198,0.9322472895049934,0.2075325522137076,0.0293217122982056,B,DC27,3470.1229043282387,0.8211955446511707,,,0.04246756800390605,,22.219224048972492,0.5661424606845513,0.7290466060604831,,,0.8865187187818061,0.5451257065259247
2011,KwaZulu-Natal,KZN281,Mfolozi,60876.47168761401,40737.393056568384,817.5370604891727,41554.93011705756,0.682610686281156,,99773.56607181356,33663.43553952015,30174.418895551175,22176.12058612833,29429.11353176269,6079.242484628066,0.7349311568481575,0.9753000922281764,0.2014700765463414,0.0298821378857981,B,DC28,1268.4431572062078,0.6101462950998187,0.6826106862811561,0.416492381229992,-0.032587053376042195,0.1373087631177679,78.65828713331425,,,,0.6137430166670571,0.5942968511018687,
2016,KwaZulu-Natal,KZN281,Mfolozi,74341.0,47534.0,797.0,48331.0,0.6501257717813858,,99773.56607181356,33663.43553952015,30174.418895551175,22176.12058612833,29429.11353176269,6079.242484628066,0.7349311568481575,0.9753000922281764,0.2014700765463414,0.0298821378857981,B,DC28,1268.4431572062078,0.7450971527517811,0.6501257717813858,0.4844068614848648,0.0687483691884833,0.10213597470516585,78.65828713331425,0.6826106862811561,0.6101462950998187,-0.03248491449977031,0.6210625709265698,0.7166892809846668,0.6137430166670571
2021,KwaZulu-Natal,KZN281,uMfolozi,74081.0,38674.0,647.0,39321.0,0.5307838717079953,,99773.56607181356,33663.43553952015,30174.418895551175,22176.12058612833,29429.11353176269,6079.242484628066,0.7349311568481575,0.9753000922281764,0.2014700765463414,0.0298821378857981,B,DC28,1268.4431572062078,0.7424912521085901,0.5307838717079953,0.39410238150351473,0.06459626701948103,0.09689691888792679,78.65828713331425,0.6501257717813858,0.7450971527517811,-0.1193419000733904,0.5241450758660411,0.7427324180596766,0.6210625709265698
2026,KwaZulu-Natal,KZN281,uMfolozi,81090.0,,,,,17499.0,99773.56607181356,33663.43553952015,30174.418895551175,22176.12058612833,29429.11353176269,6079.242484628066,0.7349311568481575,0.9753000922281764,0.2014700765463414,0.0298821378857981,B,DC28,1268.4431572062078,0.812740319832151,,,0.032117957011530654,,78.65828713331425,0.5307838717079953,0.7424912521085901,,,0.8466629868530557,0.5241450758660411
2011,KwaZulu-Natal,KZN282,uMhlathuze,167511.05572679098,97112.60982441848,1405.956870975361,98518.56669539382,0.5881317281891931,,280163.09756259667,86765.5997455442,106499.2931141494,101308.41868447264,105478.19157198364,59733.04426399686,0.9512590715122118,0.9904121284535542,0.5608773778429971,0.0847113764862595,B,DC28,1232.0169342793265,0.5979054957063504,0.5881317281891931,0.35164719248359205,-0.05285310229565877,-0.01166497815244491,227.40198593656447,,,,0.6429600999242803,0.6459241518235095,
2016,KwaZulu-Natal,KZN282,uMhlathuze,195576.0,115622.0,1355.0,116977.0,0.5981153106720661,,280163.09756259667,86765.5997455442,106499.2931141494,101308.41868447264,105478.19157198364,59733.04426399686,0.9512590715122118,0.9904121284535542,0.5608773778429971,0.0847113764862595,B,DC28,1232.0169342793265,0.6980790892929879,0.5981153106720661,0.41753179136614843,0.0035661577189985702,0.018753698057617167,227.40198593656447,0.5881317281891931,0.5979054957063504,0.00998358248287301,0.6353096137906653,0.7427088522830528,0.6429600999242803
2021,KwaZulu-Natal,KZN282,uMhlathuze,192916.0,83882.0,1092.0,84974.0,0.4404715005494619,,280163.09756259667,86765.5997455442,106499.2931141494,101308.41868447264,105478.19157198364,59733.04426399686,0.9512590715122118,0.9904121284535542,0.5608773778429971,0.0847113764862595,B,DC28,1232.0169342793265,0.6885846197388538,0.44047150054946194,0.3033019007116536,-0.010776606813112067,-0.0896122529076855,227.40198593656447,0.5981153106720661,0.6980790892929879,-0.1576438101226042,0.5161727200029476,0.7416615230157143,0.6353096137906653
2026,KwaZulu-Natal,KZN282,uMhlathuze,218132.0,,,,,46319.0,280163.09756259667,86765.5997455442,106499.2931141494,101308.41868447264,105478.19157198364,59733.04426399686,0.9512590715122118,0.9904121284535542,0.5608773778429971,0.0847113764862595,B,DC28,1232.0169342793265,0.7785893356324807,,,-0.010809953481140099,,227.40198593656447,0.44047150054946194,0.6885846197388538,,,0.8174317049657244,0.5161727200029476
2011,KwaZulu-Natal,KZN284,uMlalazi,96276.99178604972,58769.30642959588,1182.473003833749,59951.77943342962,0.6227010038562139,,147880.41848542765,45784.53132667166,50071.72239915447,38353.14603210541,47513.84087344256,13600.74035779571,0.7659641848620141,0.9489156473324132,0.27162517497152,0.0364500790903115,B,DC28,2204.453588737789,0.6510462492066655,0.6227010038562139,0.4054071529378134,0.03229487319157941,0.04545054548629343,67.08257286110525,,,,0.614427306345056,0.6344708640140282,
2016,KwaZulu-Natal,KZN284,uMlalazi,108500.0,67342.0,867.0,68209.0,0.6286543778801843,,147880.41848542765,45784.53132667166,50071.72239915447,38353.14603210541,47513.84087344256,13600.74035779571,0.7659641848620141,0.9489156473324132,0.27162517497152,0.0364500790903115,B,DC28,2204.453588737789,0.73370092613507,0.6286543778801843,0.46124429926955746,0.05333524093233759,0.06855176243878355,67.08257286110525,0.6227010038562139,0.6510462492066655,0.005953374023970448,0.6314071915151406,0.7315098177733117,0.614427306345056
2021,KwaZulu-Natal,KZN284,uMlalazi,106317.0,52234.0,1075.0,53309.0,0.5014155779414393,,147880.41848542765,45784.53132667166,50071.72239915447,38353.14603210541,47513.84087344256,13600.74035779571,0.7659641848620141,0.9489156473324132,0.27162517497152,0.0364500790903115,B,DC28,2204.453588737789,0.7189389987456428,0.5014155779414393,0.3604872135606862,0.03236169040552242,0.03997725589872394,67.08257286110525,0.6286543778801843,0.73370092613507,-0.12723879993874498,0.511147315909126,0.7480527550141379,0.6314071915151406
2026,KwaZulu-Natal,KZN284,uMlalazi,118316.0,,,,,24635.0,147880.41848542765,45784.53132667166,50071.72239915447,38353.14603210541,47513.84087344256,13600.74035779571,0.7659641848620141,0.9489156473324132,0.27162517497152,0.0364500790903115,B,DC28,2204.453588737789,0.8000788827336124,,,0.016416634510393147,,67.08257286110525,0.5014155779414393,0.7189389987456428,,,0.84726269091082,0.511147315909126
2011,KwaZulu-Natal,KZN285,Mthonjaneni,40235.69754519424,24682.274654525678,407.4433214444271,25089.7179759701,0.6235686096354708,,59469.246546160975,19548.27223742369,20211.314477034604,15828.46604722092,18978.785721414468,5980.579747690405,0.7831487687357614,0.9390178824330988,0.2959025626208491,0.0187665895402675,B,DC28,1670.4882099724964,0.6765799111640443,0.6235686096354708,0.4218939945118534,0.0707647552239646,0.04684287008447643,35.59991994624141,,,,0.6337325313993404,0.6419449500881514,
2016,KwaZulu-Natal,KZN285,Mthonjaneni,44562.0,27481.0,466.0,27947.0,0.627148691710426,,59469.246546160975,19548.27223742369,20211.314477034604,15828.46604722092,18978.785721414468,5980.579747690405,0.7831487687357614,0.9390178824330988,0.2959025626208491,0.0187665895402675,B,DC28,1670.4882099724964,0.7493284779623073,0.627148691710426,0.46994037461542576,0.07441119566967795,0.06615379586627891,35.59991994624141,0.6235686096354708,0.6765799111640443,0.003580082074955193,0.6274618004753034,0.763415601390169,0.6337325313993404
2021,KwaZulu-Natal,KZN285,Mthonjaneni,45408.0,23079.0,366.0,23445.0,0.516318710359408,,59469.246546160975,19548.27223742369,20211.314477034604,15828.46604722092,18978.785721414468,5980.579747690405,0.7831487687357614,0.9390178824330988,0.2959025626208491,0.0187665895402675,B,DC28,1670.4882099724964,0.7635543181929098,0.516318710359408,0.39423738085872023,0.0925694438831922,0.06926623231322661,35.59991994624141,0.627148691710426,0.7493284779623073,-0.11082998135101796,0.5170690039967105,0.7659201093179678,0.6274618004753034
2026,KwaZulu-Natal,KZN285,Mthonjaneni,49923.0,,,,,12208.0,59469.246546160975,19548.27223742369,20211.314477034604,15828.46604722092,18978.785721414468,5980.579747690405,0.7831487687357614,0.9390178824330988,0.2959025626208491,0.0187665895402675,B,DC28,1670.4882099724964,0.8394759123314094,,,0.06448409151736123,,35.59991994624141,0.516318710359408,0.7635543181929098,,,0.8521241011119577,0.5170690039967105
2011,KwaZulu-Natal,KZN286,Nkandla,49241.97683276786,29613.98606729189,529.9997506471501,30143.985817939047,0.6121603509199465,,61085.186453578586,18722.624453740995,19904.09386853321,16028.897994187291,18628.092933290885,2782.9486498706133,0.8053065917021072,0.9358925383054194,0.1398179021990161,0.0185925044121374,B,DC28,1837.901993826349,0.8061197761946602,0.6121603509199465,0.4934745650788319,0.24594652734472253,0.028378331007167464,33.23636769466942,,,,0.6380834224727074,0.6340072504401679,
2016,KwaZulu-Natal,KZN286,Nkandla,57706.0,37478.0,533.0,38011.0,0.6587010016289467,,61085.186453578586,18722.624453740995,19904.09386853321,16028.897994187291,18628.092933290885,2782.9486498706133,0.8053065917021072,0.9358925383054194,0.1398179021990161,0.0185925044121374,B,DC28,1837.901993826349,0.9446807540458834,0.6587010016289467,0.622262158909612,0.3060807969439416,0.11523985174520736,33.23636769466942,0.6121603509199465,0.8061197761946602,0.046540650709000264,0.6242495407897252,0.7324720612264033,0.6380834224727074
2021,KwaZulu-Natal,KZN286,Nkandla,59837.0,33013.0,413.0,33426.0,0.5586175777528953,,61085.186453578586,18722.624453740995,19904.09386853321,16028.897994187291,18628.092933290885,2782.9486498706133,0.8053065917021072,0.9358925383054194,0.1398179021990161,0.0185925044121374,B,DC28,1837.901993826349,0.9795664624102091,0.5586175777528953,0.5472030444795636,0.34169526657163246,0.14800712229639576,33.23636769466942,0.6587010016289467,0.9446807540458834,-0.1000834238760514,0.5342695019980607,0.7384716525895794,0.6242495407897252
2026,KwaZulu-Natal,KZN286,Nkandla,66462.0,,,,,18011.0,61085.186453578586,18722.624453740995,19904.09386853321,16028.897994187291,18628.092933290885,2782.9486498706133,0.8053065917021072,0.9358925383054194,0.1398179021990161,0.0185925044121374,B,DC28,1837.901993826349,1.0880215623227654,,,0.3238225538173207,,33.23636769466942,0.5586175777528953,0.9795664624102091,,,0.8201930565824761,0.5342695019980607
2011,KwaZulu-Natal,KZN291,Mandeni,63703.80158341305,37076.05175489111,737.6202985796975,37813.67205347081,0.5935858004323024,,112448.81602362369,37707.43301603631,42931.6238063059,35229.61182491488,42028.18515230809,17781.60825521063,0.8205981675386868,0.978956336287818,0.4141843862099347,0.0384819448429222,B,DC29,554.8023606787269,0.5665137600917907,0.5935858004323024,0.3362745237399989,-0.10678443998972935,-0.0024341580308481427,202.68265601115596,,,,0.6273702553325856,0.5709775588033992,
2016,KwaZulu-Natal,KZN291,Mandeni,73103.0,44023.0,1088.0,45111.0,0.6170882179937895,,112448.81602362369,37707.43301603631,42931.6238063059,35229.61182491488,42028.18515230809,17781.60825521063,0.8205981675386868,0.978956336287818,0.4141843862099347,0.0384819448429222,B,DC29,554.8023606787269,0.6501002196825464,0.6170882179937895,0.40116918608127367,-0.0676397119356069,0.04998212809006825,202.68265601115596,0.5935858004323024,0.5665137600917907,0.023502417561487188,0.6458962223631972,0.6558845042419741,0.6273702553325856
2021,KwaZulu-Natal,KZN291,Mandeni,74694.0,33889.0,860.0,34749.0,0.4652180898064101,,112448.81602362369,37707.43301603631,42931.6238063059,35229.61182491488,42028.18515230809,17781.60825521063,0.8205981675386868,0.978956336287818,0.4141843862099347,0.0384819448429222,B,DC29,554.8023606787269,0.6642488791016528,0.46521808980641016,0.30902059469172,-0.04675792474211752,-0.034951692260075905,202.68265601115596,0.6170882179937895,0.6501002196825464,-0.15187012818737938,0.5202664265007859,0.6671921917921511,0.6458962223631972
2026,KwaZulu-Natal,KZN291,Mandeni,84879.0,,,,,20420.0,112448.81602362369,37707.43301603631,42931.6238063059,35229.61182491488,42028.18515230809,17781.60825521063,0.8205981675386868,0.978956336287818,0.4141843862099347,0.0384819448429222,B,DC29,554.8023606787269,0.7548234210146623,,,-0.04180984926936995,,202.68265601115596,0.46521808980641016,0.6642488791016528,,,0.7780194938110168,0.5202664265007859
2011,KwaZulu-Natal,KZN292,KwaDukuza,109103.1106622748,67484.11249084733,1473.3637634599356,68957.47625430727,0.6320395068089575,,222247.17801053543,65891.75550698153,99273.43751152875,95046.21881373176,97192.65783399352,74393.25664102312,0.9574184313169766,0.979039915110287,0.749377260482027,0.0668510248056509,B,DC29,848.853765528437,0.4909088684001327,0.6320395068089574,0.3102737990717632,-0.25002730332683987,0.06033597447351451,261.82033588810185,,,,0.6180731920539106,0.5984955193887143,
2016,KwaZulu-Natal,KZN292,KwaDukuza,128474.0,83460.0,1736.0,85196.0,0.6631380668462101,,222247.17801053543,65891.75550698153,99273.43751152875,95046.21881373176,97192.65783399352,74393.25664102312,0.9574184313169766,0.979039915110287,0.749377260482027,0.0668510248056509,B,DC29,848.853765528437,0.5780680823488783,0.6631380668462101,0.38333895063433093,-0.18507459580046656,0.12195334961092931,261.82033588810185,0.6320395068089574,0.4909088684001327,0.031098560037252754,0.6215610901303472,0.6997215570447308,0.6180731920539106
2021,KwaZulu-Natal,KZN292,KwaDukuza,136781.0,72135.0,1606.0,73741.0,0.5391172750601326,,222247.17801053543,65891.75550698153,99273.43751152875,95046.21881373176,97192.65783399352,74393.25664102312,0.9574184313169766,0.979039915110287,0.749377260482027,0.0668510248056509,B,DC29,848.853765528437,0.6154453848386593,0.5391172750601326,0.3317972388225527,-0.1230686132282752,0.11247512797058516,261.82033588810185,0.6631380668462101,0.5780680823488783,-0.1240207917860775,0.49453261018550626,0.7015154061688931,0.6215610901303472
2026,KwaZulu-Natal,KZN292,KwaDukuza,168010.0,,,,,37298.0,222247.17801053543,65891.75550698153,99273.43751152875,95046.21881373176,97192.65783399352,74393.25664102312,0.9574184313169766,0.979039915110287,0.749377260482027,0.0668510248056509,B,DC29,848.853765528437,0.7559601048884212,,,-0.04030508823808611,,261.82033588810185,0.5391172750601326,0.6154453848386593,,,0.7785659018918318,0.49453261018550626
2011,KwaZulu-Natal,KZN293,Ndwedwe,56714.29791687655,35856.88672160144,782.9518502822883,36639.83857188373,0.6460423547089483,,103290.31389588308,32836.934155897005,34109.034096451505,17426.205279393762,32254.321314588717,5379.562619207289,0.5108970611749653,0.9456240016466564,0.1577166507851052,0.0239465330855717,B,DC29,969.8779924518396,0.5490766343690727,0.6460423547089483,0.35472676178346,-0.13804778903914827,0.08224913770498242,106.4982551411095,,,,0.6335684946303862,0.5902109499705268,
2016,KwaZulu-Natal,KZN293,Ndwedwe,72851.0,45896.0,967.0,46863.0,0.643271883707842,,103290.31389588308,32836.934155897005,34109.034096451505,17426.205279393762,32254.321314588717,5379.562619207289,0.5108970611749653,0.9456240016466564,0.1577166507851052,0.0239465330855717,B,DC29,969.8779924518396,0.705303307272684,0.643271883707842,0.45370178705467035,0.013861686307541733,0.09153760660110204,106.4982551411095,0.6460423547089483,0.5490766343690727,-0.0027704710011062783,0.6407595968799051,0.681056462014642,0.6335684946303862
2021,KwaZulu-Natal,KZN293,Ndwedwe,73368.0,38159.0,1813.0,39972.0,0.5448151782793589,,103290.31389588308,32836.934155897005,34109.034096451505,17426.205279393762,32254.321314588717,5379.562619207289,0.5108970611749653,0.9456240016466564,0.1577166507851052,0.0239465330855717,B,DC29,969.8779924518396,0.7103086168752972,0.5448151782793589,0.38698691573627986,0.020284725332315384,0.1229886164922092,106.4982551411095,0.643271883707842,0.705303307272684,-0.09845670542848317,0.5180294699481276,0.6942362694276597,0.6407595968799051
2026,KwaZulu-Natal,KZN293,Ndwedwe,81917.0,,,,,18470.0,103290.31389588308,32836.934155897005,34109.034096451505,17426.205279393762,32254.321314588717,5379.562619207289,0.5108970611749653,0.9456240016466564,0.1577166507851052,0.0239465330855717,B,DC29,969.8779924518396,0.7930753321417201,,,0.007624521805035634,,106.4982551411095,0.5448151782793589,0.7103086168752972,,,0.7768279856359035,0.5180294699481276
2011,KwaZulu-Natal,KZN294,Maphumulo,43022.820787441975,26875.88804786487,532.9977797853838,27408.885827650254,0.6370778420844664,,64328.63308788319,20787.98759807105,22690.004529454112,13277.042193062094,21263.06666805077,3016.0561733768145,0.585149384867995,0.937111609671518,0.1329244412208751,0.0252721323263953,B,DC29,900.6019256780767,0.6687973725271906,0.6370778420844664,0.4260759868813836,0.059195323303457434,0.06827592068744302,71.42848716368133,,,,0.6302893328705625,0.6112913838330114,
2016,KwaZulu-Natal,KZN294,Maphumulo,49456.0,30420.0,453.0,30873.0,0.6242518602394047,,64328.63308788319,20787.98759807105,22690.004529454112,13277.042193062094,21263.06666805077,3016.0561733768145,0.585149384867995,0.937111609671518,0.1329244412208751,0.0252721323263953,B,DC29,900.6019256780767,0.768802283307267,0.6242518602394047,0.47992625551086326,0.10006758054716532,0.061524044599390475,71.42848716368133,0.6370778420844664,0.6687973725271906,-0.012825981845061674,0.6477402564481618,0.7272308146787383,0.6302893328705625
2021,KwaZulu-Natal,KZN294,Maphumulo,49978.0,26707.0,638.0,27345.0,0.5471407419264477,,64328.63308788319,20787.98759807105,22690.004529454112,13277.042193062094,21263.06666805077,3016.0561733768145,0.585149384867995,0.937111609671518,0.1329244412208751,0.0252721323263953,B,DC29,900.6019256780767,0.7769168658025435,0.5471407419264477,0.425082870370374,0.10991852890824351,0.12724806894830346,71.42848716368133,0.6242518602394047,0.768802283307267,-0.07711111831295703,0.5411845101867925,0.7419228886958354,0.6477402564481618
2026,KwaZulu-Natal,KZN294,Maphumulo,55754.0,,,,,13319.0,64328.63308788319,20787.98759807105,22690.004529454112,13277.042193062094,21263.06666805077,3016.0561733768145,0.585149384867995,0.937111609671518,0.1329244412208751,0.0252721323263953,B,DC29,900.6019256780767,0.8667058092751813,,,0.09640590715631003,,71.42848716368133,0.5471407419264477,0.7769168658025435,,,0.8385989702948791,0.5411845101867925
2011,KwaZulu-Natal,KZN433,Greater Kokstad,36847.482861778735,19937.179117429085,434.9820902839629,20372.16120771305,0.5528779614100789,,53473.66981422467,18595.187208481348,25804.508663982724,24822.81585988039,24194.570431914555,20321.236774775232,0.9619565395766456,0.937610196224535,0.7875072158664698,0.0618741279944111,B,DC43,2679.8400454851712,0.6890771287961396,0.5528779614100789,0.38097555822312007,0.08906739802710155,-0.07347863593645872,19.95405281905306,,,,0.6050764844998341,0.6395421761640199,
2016,KwaZulu-Natal,KZN433,Greater Kokstad,42169.0,21943.0,832.0,22775.0,0.5400886907443857,,53473.66981422467,18595.187208481348,25804.508663982724,24822.81585988039,24194.570431914555,20321.236774775232,0.9619565395766456,0.937610196224535,0.7875072158664698,0.0618741279944111,B,DC43,2679.8400454851712,0.7885937162439245,0.5400886907443857,0.4259105477354308,0.12548500610209629,-0.0832964963237578,19.95405281905306,0.5528779614100789,0.6890771287961396,-0.012789270665693242,0.5928421875720704,0.7441624258142681,0.6050764844998341
2021,KwaZulu-Natal,KZN433,Greater Kokstad,43691.0,19962.0,629.0,20591.0,0.4712869927445011,,53473.66981422467,18595.187208481348,25804.508663982724,24822.81585988039,24194.570431914555,20321.236774775232,0.9619565395766456,0.937610196224535,0.7875072158664698,0.0618741279944111,B,DC43,2679.8400454851712,0.8170563223318862,0.47128699274450114,0.3850680170546764,0.1602932085505775,-0.02199076335893232,19.95405281905306,0.5400886907443857,0.7885937162439245,-0.06880169799988456,0.5099708004866362,0.7486260009325608,0.5928421875720704
2026,KwaZulu-Natal,KZN433,Greater Kokstad,48750.0,,,,,12915.0,53473.66981422467,18595.187208481348,25804.508663982724,24822.81585988039,24194.570431914555,20321.236774775232,0.9619565395766456,0.937610196224535,0.7875072158664698,0.0618741279944111,B,DC43,2679.8400454851712,0.9116636312668387,,,0.14697740496266684,,19.95405281905306,0.47128699274450114,0.8170563223318862,,,0.8286761244996489,0.5099708004866362
2011,KwaZulu-Natal,KZN434,Johannes Phumani Phungula,48062.21573008805,28372.028724712334,656.4081103585713,29028.436835070912,0.603976250243878,,79810.17634767236,24435.15925306141,30210.17461454985,19812.33313482773,27366.11268726352,5928.835255136684,0.6558165713244737,0.9058574813428396,0.1962529290473294,0.0267276472486223,B,DC43,1669.6506304809718,0.602206609852827,0.603976250243878,0.3637184900909885,-0.04568521765894583,0.01491894788015842,47.800524786842175,,,,0.6245988492083868,0.6816339637288117,
2016,KwaZulu-Natal,KZN434,Ubuhlebezwe,57399.0,35772.0,997.0,36769.0,0.6405860729280998,,79810.17634767236,24435.15925306141,30210.17461454985,19812.33313482773,27366.11268726352,5928.835255136684,0.6558165713244737,0.9058574813428396,0.1962529290473294,0.0267276472486223,B,DC43,1669.6506304809718,0.7191940003985974,0.6405860729280998,0.46070566038878774,0.03336489400681342,0.08735363175570769,47.800524786842175,0.603976250243878,0.602206609852827,0.03660982268422175,0.6037716774098681,0.783361610011146,0.6245988492083868
2021,KwaZulu-Natal,KZN434,uBuhlebezwe,57551.0,29336.0,1154.0,30490.0,0.5297909680109816,,79810.17634767236,24435.15925306141,30210.17461454985,19812.33313482773,27366.11268726352,5928.835255136684,0.6558165713244737,0.9058574813428396,0.1962529290473294,0.0267276472486223,B,DC43,1669.6506304809718,0.7210985194330856,0.5297909680109816,0.38203148264174003,0.03536094879847529,0.09502453053793201,47.800524786842175,0.6405860729280998,0.7191940003985974,-0.11079510491711819,0.5102100716717705,0.7805067546658696,0.6037716774098681
2026,KwaZulu-Natal,KZN434,Johannes Phumani Pungula,62156.0,,,,,13052.0,79810.17634767236,24435.15925306141,30210.17461454985,19812.33313482773,27366.11268726352,5928.835255136684,0.6558165713244737,0.9058574813428396,0.1962529290473294,0.0267276472486223,B,DC43,1669.6506304809718,0.7787979283397832,,,-0.010542078286093425,,47.800524786842175,0.5297909680109816,0.7210985194330856,,,0.8781634230763178,0.5102100716717705
2011,KwaZulu-Natal,KZN435,Umzimkhulu,77286.6430620066,46959.74509808279,1082.9249396593843,48042.67003774218,0.6216167261812348,,123078.00615739849,42163.68923168781,52673.229033036136,30660.39442983757,50156.9756436913,9934.514415003803,0.5820868587837603,0.952228989269546,0.1886065198086294,0.0327691944271131,B,DC43,2435.6179656576305,0.6279484489143289,0.6216167261812348,0.39034325902470945,-0.003827734438962517,0.043707778469093544,50.53255801722859,,,,0.6110736798551697,0.6553984239858959,
2016,KwaZulu-Natal,KZN435,Umzimkhulu,92362.0,52791.0,1395.0,54186.0,0.5866698425759511,,123078.00615739849,42163.68923168781,52673.229033036136,30660.39442983757,50156.9756436913,9934.514415003803,0.5820868587837603,0.952228989269546,0.1886065198086294,0.0327691944271131,B,DC43,2435.6179656576305,0.7504346461534542,0.5866698425759511,0.4402573757223866,0.07588631980620911,-0.0005676516838805621,50.53255801722859,0.6216167261812348,0.6279484489143289,-0.03494688360528364,0.6066403500684519,0.772275876921886,0.6110736798551697
2021,KwaZulu-Natal,KZN435,uMzimkhulu,90315.0,44064.0,1066.0,45130.0,0.4996955101588883,,123078.00615739849,42163.68923168781,52673.229033036136,30660.39442983757,50156.9756436913,9934.514415003803,0.5820868587837603,0.952228989269546,0.1886065198086294,0.0327691944271131,B,DC43,2435.6179656576305,0.7338029175131463,0.49969551015888836,0.3666780232228123,0.05282566589414267,0.03654093500369824,50.53255801722859,0.5866698425759511,0.7504346461534542,-0.08697433241706276,0.5222510168508803,0.7739655772923439,0.6066403500684519
2026,KwaZulu-Natal,KZN435,uMzimkhulu,98015.0,,,,,21630.0,123078.00615739849,42163.68923168781,52673.229033036136,30660.39442983757,50156.9756436913,9934.514415003803,0.5820868587837603,0.952228989269546,0.1886065198086294,0.0327691944271131,B,DC43,2435.6179656576305,0.7963648669661855,,,0.011763764694493856,,50.53255801722859,0.49969551015888836,0.7338029175131463,,,0.8563692357388133,0.5222510168508803
2011,KwaZulu-Natal,KZN436,Dr Nkosazana Dlamini Zuma,45016.90351396991,27943.02115977557,741.7473122470735,28684.768472022643,0.6371999456408861,,77632.45115121268,25157.19857993933,31394.5331591972,20221.672898306537,29886.510575194538,6693.597873861588,0.644114463998089,0.9519654400861548,0.2132090271869725,0.0300399826374792,B,DC43,3602.4630613063377,0.57987224216695,0.6371999456408861,0.3694945611874393,-0.08347800267069451,0.06846756423325322,21.549825724808773,,,,0.6059873941451018,0.6620189773966537,
2016,KwaZulu-Natal,KZN436,Creighton/Underberg,56529.0,35822.0,1240.0,37062.0,0.6556280846998885,,77632.45115121268,25157.19857993933,31394.5331591972,20221.672898306537,29886.510575194538,6693.597873861588,0.644114463998089,0.9519654400861548,0.2132090271869725,0.0300399826374792,B,DC43,3602.4630613063377,0.7281619884691348,0.6556280846998885,0.4774034498512812,0.045757288010937924,0.11056381960044058,21.549825724808773,0.6371999456408861,0.57987224216695,0.018428139059002424,0.619947825085268,0.7402670938195333,0.6059873941451018
2021,KwaZulu-Natal,KZN436,Dr. Nkosazana Dlamini Zuma,57336.0,31046.0,817.0,31863.0,0.5557241523650063,,77632.45115121268,25157.19857993933,31394.5331591972,20221.672898306537,29886.510575194538,6693.597873861588,0.644114463998089,0.9519654400861548,0.2132090271869725,0.0300399826374792,B,DC43,3602.4630613063377,0.7385571259153056,0.5557241523650063,0.4104340327724184,0.05928363104518946,0.14281404406520348,21.549825724808773,0.6556280846998885,0.7281619884691348,-0.09990393233488226,0.5064712801290737,0.7458391831215258,0.619947825085268
2026,KwaZulu-Natal,KZN436,Dr. Nkosazana Dlamini Zuma,61926.0,,,,,14260.0,77632.45115121268,25157.19857993933,31394.5331591972,20221.672898306537,29886.510575194538,6693.597873861588,0.644114463998089,0.9519654400861548,0.2132090271869725,0.0300399826374792,B,DC43,3602.4630613063377,0.7976818853675042,,,0.013416186367906915,,21.549825724808773,0.5557241523650063,0.7385571259153056,,,0.8246659163690019,0.5064712801290737
2011,Limpopo,LIM331,Greater Giyani,113449.1416622086,60008.25013015693,839.7119653300243,60847.96209548695,0.5363457246477891,,175643.02062284766,54399.38863155311,82948.75679192347,62798.17751697552,80304.57896176232,18518.951697255165,0.7570719555749874,0.9681227551511826,0.2232577366253946,0.0385274285061092,B,DC33,4126.013560533815,0.6459074847375468,0.5363457246477892,0.34642971795699035,0.024370471224394296,-0.10383696667992949,42.56966634887243,,,,0.511298245160347,0.6753444311818442,
2016,Limpopo,LIM331,Greater Giyani,126936.0,68760.0,1001.0,69761.0,0.5495761643662949,,175643.02062284766,54399.38863155311,82948.75679192347,62798.17751697552,80304.57896176232,18518.951697255165,0.7570719555749874,0.9681227551511826,0.2232577366253946,0.0385274285061092,B,DC33,4126.013560533815,0.7226931053102611,0.5495761643662949,0.3971749048303801,0.03821841099400729,-0.06588249360433533,42.56966634887243,0.5363457246477892,0.6459074847375468,0.013230439718505682,0.49898762306253097,0.6537368093359689,0.511298245160347
2021,Limpopo,LIM331,Greater Giyani,127782.0,61063.0,1098.0,62161.0,0.486461316930397,,175643.02062284766,54399.38863155311,82948.75679192347,62798.17751697552,80304.57896176232,18518.951697255165,0.7570719555749874,0.9681227551511826,0.2232577366253946,0.0385274285061092,B,DC33,4126.013560533815,0.7275096929378252,0.48646131693039707,0.35390532330616326,0.044212500666728716,0.009699387241972567,42.56966634887243,0.5495761643662949,0.7226931053102611,-0.06311484743589779,0.4624224035097227,0.6649141495476314,0.49898762306253097
2026,Limpopo,LIM331,Greater Giyani,147766.0,,,,,35117.0,175643.02062284766,54399.38863155311,82948.75679192347,62798.17751697552,80304.57896176232,18518.951697255165,0.7570719555749874,0.9681227551511826,0.2232577366253946,0.0385274285061092,B,DC33,4126.013560533815,0.8412859188825553,,,0.06663788537110567,,42.56966634887243,0.48646131693039707,0.7275096929378252,,,0.7915427464268205,0.4624224035097227
2011,Limpopo,LIM332,Greater Letaba,101793.74044169443,54376.68727119245,665.2872014054782,55041.974472597925,0.5407206202833753,,150413.3031855365,44993.536810307705,69793.25498197414,58952.21536689722,67137.10885326802,12333.318423468274,0.844669236047568,0.9619426529197966,0.1767121826694236,0.0310825639762636,B,DC33,1966.175376740245,0.676760221907571,0.5407206202833753,0.3659382069729765,0.07103122296579444,-0.09571319655845932,76.50045106093701,,,,0.5061438289956918,0.6825373907123753,
2016,Limpopo,LIM332,Greater Letaba,111093.0,56741.0,662.0,57403.0,0.5167112239295005,,150413.3031855365,44993.536810307705,69793.25498197414,58952.21536689722,67137.10885326802,12333.318423468274,0.844669236047568,0.9619426529197966,0.1767121826694236,0.0310825639762636,B,DC33,1966.175376740245,0.738584936619373,0.5167112239295005,0.3816351265764888,0.05996986063939587,-0.1275457071247616,76.50045106093701,0.5407206202833753,0.676760221907571,-0.02400939635387478,0.5008425765548327,0.6629756004607245,0.5061438289956918
2021,Limpopo,LIM332,Greater Letaba,110164.0,55156.0,738.0,55894.0,0.5073708289459351,,150413.3031855365,44993.536810307705,69793.25498197414,58952.21536689722,67137.10885326802,12333.318423468274,0.844669236047568,0.9619426529197966,0.1767121826694236,0.0310825639762636,B,DC33,1966.175376740245,0.732408621224889,0.5073708289459351,0.3716027692780213,0.05092376201232053,0.051784156041858924,76.50045106093701,0.5167112239295005,0.738584936619373,-0.009340394983565425,0.45321501855368895,0.6722075613824439,0.5008425765548327
2026,Limpopo,LIM332,Greater Letaba,135703.0,,,,,31111.0,150413.3031855365,44993.536810307705,69793.25498197414,58952.21536689722,67137.10885326802,12333.318423468274,0.844669236047568,0.9619426529197966,0.1767121826694236,0.0310825639762636,B,DC33,1966.175376740245,0.902200783614258,,,0.1365434018197298,,76.50045106093701,0.5073708289459351,0.732408621224889,,,0.7834452032571465,0.45321501855368895
2011,Limpopo,LIM333,Greater Tzaneen,154413.03885225745,75706.09400883086,909.268406595704,76615.36241542656,0.4961715861879527,,294254.46003842424,85128.21228987517,139469.5841325077,98083.31178881125,134771.96116705876,35128.853215874784,0.703259512809789,0.9663179395373704,0.2518746537775537,0.0402825727898691,B,DC33,2866.37663370544,0.5247602324603472,0.49617158618795276,0.2603711169082093,-0.18334435162489124,-0.18169412169670826,102.65729094296789,,,,0.5186296245394175,0.6524993844443007,
2016,Limpopo,LIM333,Greater Tzaneen,184324.0,93662.0,1162.0,94824.0,0.5144419608949459,,294254.46003842424,85128.21228987517,139469.5841325077,98083.31178881125,134771.96116705876,35128.853215874784,0.703259512809789,0.9663179395373704,0.2518746537775537,0.0402825727898691,B,DC33,2866.37663370544,0.626410216436246,0.5144419608949459,0.32225170006808984,-0.10476079275942071,-0.1319471224166576,102.65729094296789,0.49617158618795276,0.5247602324603472,0.01827037470699311,0.5242522414037316,0.6817504267766014,0.5186296245394175
2021,Limpopo,LIM333,Greater Tzaneen,182387.0,78598.0,1135.0,79733.0,0.4371638329486202,,294254.46003842424,85128.21228987517,139469.5841325077,98083.31178881125,134771.96116705876,35128.853215874784,0.703259512809789,0.9663179395373704,0.2518746537775537,0.0402825727898691,B,DC33,2866.37663370544,0.61982747848982,0.43716383294862027,0.2709661562634882,-0.11597364309882603,-0.09714996962351091,102.65729094296789,0.5144419608949459,0.626410216436246,-0.0772781279463256,0.47685386404785557,0.6979956877937334,0.5242522414037316
2026,Limpopo,LIM333,Greater Tzaneen,207067.0,,,,,40593.0,294254.46003842424,85128.21228987517,139469.5841325077,98083.31178881125,134771.96116705876,35128.853215874784,0.703259512809789,0.9663179395373704,0.2518746537775537,0.0402825727898691,B,DC33,2866.37663370544,0.7037004637855305,,,-0.11194090367414886,,102.65729094296789,0.43716383294862027,0.61982747848982,,,0.8248219665878729,0.47685386404785557
2011,Limpopo,LIM334,Ba-Phalaborwa,61476.99169037468,32043.99566872759,599.9999189001546,32643.995587627745,0.530995331587423,,114035.26020393617,37404.01193443351,53453.0980195181,45119.27753375757,52241.173081130924,23872.58464174538,0.8440909733105183,0.97732732089832,0.4466080643825066,0.0410312900077075,B,DC33,7489.571552055659,0.5391051117034472,0.530995331587423,0.28626229754944665,-0.15637524548837753,-0.11386269902743462,15.22587232278153,,,,0.5298450130945345,0.6426255864154579,
2016,Limpopo,LIM334,Ba-Phalaborwa,70416.0,35552.0,528.0,36080.0,0.5123835491933652,,114035.26020393617,37404.01193443351,53453.0980195181,45119.27753375757,52241.173081130924,23872.58464174538,0.8440909733105183,0.97732732089832,0.4466080643825066,0.0410312900077075,B,DC33,7489.571552055659,0.6174932198520948,0.5123835491933652,0.3163933675906553,-0.11909815862188915,-0.13595640040722592,15.22587232278153,0.530995331587423,0.5391051117034472,-0.018611782394057808,0.5357644765257726,0.6642623026996851,0.5298450130945345
2021,Limpopo,LIM334,Ba-Phalaborwa,75415.0,31801.0,699.0,32500.0,0.4309487502486243,,114035.26020393617,37404.01193443351,53453.0980195181,45119.27753375757,52241.173081130924,23872.58464174538,0.8440909733105183,0.97732732089832,0.4466080643825066,0.0410312900077075,B,DC33,7489.571552055659,0.6613305381610107,0.4309487502486243,0.2849995689217377,-0.05116104931931249,-0.11146882413521457,15.22587232278153,0.5123835491933652,0.6174932198520948,-0.08143479894474087,0.4892420321091853,0.6694010382333708,0.5357644765257726
2026,Limpopo,LIM334,Ba-Phalaborwa,90965.0,,,,,24492.0,114035.26020393617,37404.01193443351,53453.0980195181,45119.27753375757,52241.173081130924,23872.58464174538,0.8440909733105183,0.97732732089832,0.4466080643825066,0.0410312900077075,B,DC33,7489.571552055659,0.7976918703681807,,,0.013428703811723244,,15.22587232278153,0.4309487502486243,0.6613305381610107,,,0.7894396081638329,0.4892420321091853
2011,Limpopo,LIM335,Maruleng,66031.66139791657,36433.63339920728,549.4722124491774,36983.10561165647,0.5600814038100722,,75645.023881536,21883.105970853438,35814.95894979125,28028.088734426037,33769.6098212123,7969.020757009222,0.7825805070366944,0.9428912055589312,0.2225053717967662,0.0476621770461182,B,DC33,3592.265771497516,0.8729148066808141,0.5600814038100723,0.48890335033238824,0.32555215440694235,-0.06053379138185484,21.057747030226466,,,,0.5012471333316596,0.5461593243207227,
2016,Limpopo,LIM335,Maruleng,52535.0,29198.0,345.0,29543.0,0.5623489102503093,,75645.023881536,21883.105970853438,35814.95894979125,28028.088734426037,33769.6098212123,7969.020757009222,0.7825805070366944,0.9428912055589312,0.2225053717967662,0.0476621770461182,B,DC33,3592.265771497516,0.6944937988554608,0.5623489102503093,0.3905478309619659,-0.0015830138464196643,-0.0429073705164406,21.057747030226466,0.5600814038100723,0.8729148066808141,0.0022675064402369882,0.5155037019041478,0.6194372290527814,0.5012471333316596
2021,Limpopo,LIM335,Maruleng,54886.0,31595.0,454.0,32049.0,0.5839193965674306,,75645.023881536,21883.105970853438,35814.95894979125,28028.088734426037,33769.6098212123,7969.020757009222,0.7825805070366944,0.9428912055589312,0.2225053717967662,0.0476621770461182,B,DC33,3592.265771497516,0.7255731730081055,0.5839193965674306,0.4236762493484089,0.04154710405160397,0.1923049554935037,21.057747030226466,0.5623489102503093,0.6944937988554608,0.02157048631712133,0.42944241816767154,0.6283144986239765,0.5155037019041478
2026,Limpopo,LIM335,Maruleng,64495.0,,,,,15298.0,75645.023881536,21883.105970853438,35814.95894979125,28028.088734426037,33769.6098212123,7969.020757009222,0.7825805070366944,0.9428912055589312,0.2225053717967662,0.0476621770461182,B,DC33,3592.265771497516,0.8526006958633853,,,0.07999762878352214,,21.057747030226466,0.5839193965674306,0.7255731730081055,,,0.7375518424649918,0.42944241816767154
2011,Limpopo,LIM341,Musina,37853.49605882392,19199.23367766396,321.66101972661124,19520.89469739057,0.5156959522854985,,65820.3285799787,23217.956521994693,50430.67551335246,45236.88660189861,45218.85270238318,25323.878163576013,0.89701131585916,0.8966537180413268,0.5021522695421965,0.0365653102810618,B,DC34,9091.956484037624,0.5751034198018002,0.5156959522854986,0.29657850573733624,-0.0917359246724879,-0.14309857643848678,7.239402068799686,,,,0.4888754627704438,0.6624971090208218,
2016,Limpopo,LIM341,Musina,43282.0,23590.0,227.0,23817.0,0.5502749410840534,,65820.3285799787,23217.956521994693,50430.67551335246,45236.88660189861,45218.85270238318,25323.878163576013,0.89701131585916,0.8966537180413268,0.5021522695421965,0.0365653102810618,B,DC34,9091.956484037624,0.6575779995903206,0.5502749410840534,0.36184869498273337,-0.056202859495640814,-0.06461181831325821,7.239402068799686,0.5156959522854986,0.5751034198018002,0.03457898879855481,0.46908286008155364,0.6634803748499274,0.4888754627704438
2021,Limpopo,LIM341,Musina,45309.0,21703.0,333.0,22036.0,0.4863492904279503,,65820.3285799787,23217.956521994693,50430.67551335246,45236.88660189861,45218.85270238318,25323.878163576013,0.89701131585916,0.8966537180413268,0.5021522695421965,0.0365653102810618,B,DC34,9091.956484037624,0.6883739564585241,0.4863492904279503,0.3347901852726839,-0.011082590283660758,0.009469072107465084,7.239402068799686,0.5502749410840534,0.6575779995903206,-0.06392565065610312,0.43967696518063726,0.6634086026211006,0.46908286008155364
2026,Limpopo,LIM341,Musina,53791.0,,,,,15365.0,65820.3285799787,23217.956521994693,50430.67551335246,45236.88660189861,45218.85270238318,25323.878163576013,0.89701131585916,0.8966537180413268,0.5021522695421965,0.0365653102810618,B,DC34,9091.956484037624,0.8172399190417018,,,0.037639018594990234,,7.239402068799686,0.4863492904279503,0.6883739564585241,,,0.7678461465308795,0.43967696518063726
2011,Limpopo,LIM343,Thulamela,85927.17146645149,40866.10941414608,437.2091556508814,41303.31856979696,0.4806782053325588,,346651.9685820859,109866.86975793754,148217.3438693,121472.71726416536,144172.83324364235,43436.17805004036,0.8195580496387899,0.9727122985740174,0.293057323226241,0.0676255225737079,B,DC34,2641.6691650897455,0.24787735035205563,0.48067820533255884,0.11914923990981602,-0.93335174102147,-0.21341789405839764,131.2245958590008,,,,0.4933349058624092,0.7447711310595021,
2016,Limpopo,LIM343,Thulamela,227096.0,103127.0,1030.0,104157.0,0.4586474442526508,,346651.9685820859,109866.86975793754,148217.3438693,121472.71726416536,144172.83324364235,43436.17805004036,0.8195580496387899,0.9727122985740174,0.293057323226241,0.0676255225737079,B,DC34,2641.6691650897455,0.6551123910500006,0.45864744425265086,0.300465623853326,-0.059959436762342784,-0.24674804490097507,131.2245958590008,0.48067820533255884,0.24787735035205563,-0.02203076107990798,0.48698152546511553,0.6305414640893122,0.4933349058624092
2021,Limpopo,LIM343,Thulamela,229018.0,92588.0,828.0,93416.0,0.4078980691474033,,346651.9685820859,109866.86975793754,148217.3438693,121472.71726416536,144172.83324364235,43436.17805004036,0.8195580496387899,0.9727122985740174,0.293057323226241,0.0676255225737079,B,DC34,2641.6691650897455,0.6606568568952735,0.4078980691474033,0.2694806562965744,-0.05218024409616519,-0.16644068556257985,131.2245958590008,0.45864744425265086,0.6551123910500006,-0.050749375105247574,0.46287168049648025,0.6430709538009709,0.48698152546511553
2026,Limpopo,LIM343,Thulamela,261071.0,,,,,59178.0,346651.9685820859,109866.86975793754,148217.3438693,121472.71726416536,144172.83324364235,43436.17805004036,0.8195580496387899,0.9727122985740174,0.293057323226241,0.0676255225737079,B,DC34,2641.6691650897455,0.7531213541577778,,,-0.04406731599857819,,131.2245958590008,0.4078980691474033,0.6606568568952735,,,0.7558903649954369,0.46287168049648025
2011,Limpopo,LIM344,Makhado,211725.5753665801,101860.68918380668,1250.3695243293205,103111.058708136,0.4870033227190918,,303132.946477586,90713.44292722872,146159.3746497693,105552.78772682964,138697.39579274374,31739.078740739365,0.7221759670206432,0.9489462863746774,0.2171539035165779,0.0511542602973428,B,DC34,7604.7089848499845,0.698457814720695,0.4870033227190918,0.34015127654809424,0.10258897295082467,-0.20034498260216765,39.86121587051971,,,,0.5056594445301357,0.6549393008446946,
2016,Limpopo,LIM344,Makhado,182361.0,82604.0,964.0,83568.0,0.4582558770789807,,303132.946477586,90713.44292722872,146159.3746497693,105552.78772682964,138697.39579274374,31739.078740739365,0.7221759670206432,0.9489462863746774,0.2171539035165779,0.0511542602973428,B,DC34,7604.7089848499845,0.6015875282414542,0.4582558770789807,0.27568102039406367,-0.14519420562801824,-0.247602152827873,39.86121587051971,0.4870033227190918,0.698457814720695,-0.028747445640111113,0.5005076463039808,0.7042845959760129,0.5056594445301357
2021,Limpopo,LIM344,Makhado,180288.0,76195.0,979.0,77174.0,0.4280595491657792,,303132.946477586,90713.44292722872,146159.3746497693,105552.78772682964,138697.39579274374,31739.078740739365,0.7221759670206432,0.9489462863746774,0.2171539035165779,0.0511542602973428,B,DC34,7604.7089848499845,0.5947489446295825,0.4280595491657792,0.25458796510496207,-0.15727544721191683,-0.11819567876430309,39.86121587051971,0.4582558770789807,0.6015875282414542,-0.03019632791320148,0.46446981517727615,0.7105677995499753,0.5005076463039808
2026,Limpopo,LIM344,Makhado,208511.0,,,,,43355.0,303132.946477586,90713.44292722872,146159.3746497693,105552.78772682964,138697.39579274374,31739.078740739365,0.7221759670206432,0.9489462863746774,0.2171539035165779,0.0511542602973428,B,DC34,7604.7089848499845,0.6878533080052964,,,-0.13471809162236223,,39.86121587051971,0.4280595491657792,0.5947489446295825,,,0.8350889618893641,0.46446981517727615
2011,Limpopo,LIM345,Collins Chabane,240344.93559316688,113501.24349163062,1216.702364161301,114717.94585579191,0.4773054425826371,,250163.30531006408,77917.37287382406,114621.85882050062,88728.60016441414,109536.84065906868,16474.69312179099,0.7740984230884296,0.9556365756605364,0.1437308144477972,0.0380266121155335,B,DC34,6258.067930428146,0.9607521586560113,0.477305442582637,0.45857223429953137,0.4214306664653501,-0.22045930169156805,39.97452697720224,,,,0.5120887650536627,0.5688212583039338,
2016,Limpopo,LIM345,New Municipality,158218.0,70572.0,1008.0,71580.0,0.4524137582323124,,250163.30531006408,77917.37287382406,114621.85882050062,88728.60016441414,109536.84065906868,16474.69312179099,0.7740984230884296,0.9556365756605364,0.1437308144477972,0.0380266121155335,B,DC34,6258.067930428146,0.632458864436162,0.4524137582323124,0.2861330917869046,-0.09515106504498655,-0.2604327090814154,39.97452697720224,0.477305442582637,0.9607521586560113,-0.024891684350324628,0.5066931301422961,0.6751111921622819,0.5120887650536627
2021,Limpopo,LIM345,Collins Chabane,161628.0,75544.0,1101.0,76645.0,0.4742062018957111,,250163.30531006408,77917.37287382406,114621.85882050062,88728.60016441414,109536.84065906868,16474.69312179099,0.7740984230884296,0.9556365756605364,0.1437308144477972,0.0380266121155335,B,DC34,6258.067930428146,0.646089960314806,0.47420620189571117,0.30637986616383495,-0.07447607037559373,-0.015815746037298097,39.97452697720224,0.4524137582323124,0.632458864436162,0.021792443663398775,0.46322781092349297,0.6807396144292188,0.5066931301422961
2026,Limpopo,LIM345,Collins Chabane,190769.0,,,,,45368.0,250163.30531006408,77917.37287382406,114621.85882050062,88728.60016441414,109536.84065906868,16474.69312179099,0.7740984230884296,0.9556365756605364,0.1437308144477972,0.0380266121155335,B,DC34,6258.067930428146,0.7625778679393127,,,-0.031589066558447364,,39.97452697720224,0.47420620189571117,0.646089960314806,,,0.8003402567403178,0.46322781092349297
2011,Limpopo,LIM351,Blouberg,81916.4177564078,41128.62656020928,690.9236573896907,41819.55021759897,0.5105148804474875,,110265.57423879026,33593.262437283505,60603.87584911892,54375.34527650709,58913.30275752192,19311.911436915223,0.8972255406878836,0.9721045383993938,0.3186580258496121,0.0246218856804842,B,DC35,9539.888658033105,0.7429011123545255,0.5105148804474875,0.37926207255797606,0.16427713364883553,-0.1531961425426012,11.558371191883948,,,,0.5050867959722841,0.6065459982600725,
2016,Limpopo,LIM351,Blouberg,84327.0,42181.0,574.0,42755.0,0.5070143607622707,,110265.57423879026,33593.262437283505,60603.87584911892,54375.34527650709,58913.30275752192,19311.911436915223,0.8972255406878836,0.9721045383993938,0.3186580258496121,0.0246218856804842,B,DC35,9539.888658033105,0.7647627156720929,0.5070143607622707,0.38774567942130433,0.09479936305296875,-0.14649053635011886,11.558371191883948,0.5105148804474875,0.7429011123545255,-0.0035005196852168075,0.5049211382952755,0.6613012496772108,0.5050867959722841
2021,Limpopo,LIM351,Blouberg,82935.0,36663.0,537.0,37200.0,0.4485440405136552,,110265.57423879026,33593.262437283505,60603.87584911892,54375.34527650709,58913.30275752192,19311.911436915223,0.8972255406878836,0.9721045383993938,0.3186580258496121,0.0246218856804842,B,DC35,9539.888658033105,0.7521386486447403,0.44854404051365526,0.33736730848959234,0.07750585823694695,-0.0714511264295959,11.558371191883948,0.5070143607622707,0.7647627156720929,-0.058470320248615426,0.4473154828617292,0.6810692788835696,0.5049211382952755
2026,Limpopo,LIM351,Blouberg,95692.0,,,,,20301.0,110265.57423879026,33593.262437283505,60603.87584911892,54375.34527650709,58913.30275752192,19311.911436915223,0.8972255406878836,0.9721045383993938,0.3186580258496121,0.0246218856804842,B,DC35,9539.888658033105,0.8678320560211309,,,0.09770452037976027,,11.558371191883948,0.44854404051365526,0.7521386486447403,,,0.7969984876679873,0.4473154828617292
2011,Limpopo,LIM353,Molemole,55179.39636801947,27659.269305689188,429.337046176005,28088.606351865197,0.509041566249257,,75979.39965861646,22831.62106376329,42838.13080156511,35574.957684387,40819.49565005776,10674.06540546574,0.8304507460696035,0.9528776089494176,0.2491720624998828,0.046340934894442,B,DC35,3627.6725637844784,0.726241541996204,0.509041566249257,0.3696871320130233,0.14159685214396747,-0.15608625270476212,20.944392946907218,,,,0.5034590801387127,0.6352481064378204,
2016,Limpopo,LIM353,Molemole,59052.0,30134.0,454.0,30588.0,0.5179841495630969,,75979.39965861646,22831.62106376329,42838.13080156511,35574.957684387,40819.49565005776,10674.06540546574,0.8304507460696035,0.9528776089494176,0.2491720624998828,0.046340934894442,B,DC35,3627.6725637844784,0.7772106684881288,0.5179841495630969,0.40258280714818945,0.11094519716660364,-0.12508522202277614,20.944392946907218,0.509041566249257,0.726241541996204,0.008942583313839902,0.5026076643374704,0.6663483541856745,0.5034590801387127
2021,Limpopo,LIM353,Molemole,59548.0,27153.0,385.0,27538.0,0.4624504601330019,,75979.39965861646,22831.62106376329,42838.13080156511,35574.957684387,40819.49565005776,10674.06540546574,0.8304507460696035,0.9528776089494176,0.2491720624998828,0.046340934894442,B,DC35,3627.6725637844784,0.7837387537616184,0.46245046013300195,0.36244034730112595,0.11866092066066958,-0.04091856024332089,20.944392946907218,0.5179841495630969,0.7772106684881288,-0.05553368943009496,0.4511392317695294,0.6631237391721344,0.5026076643374704
2026,Limpopo,LIM353,Molemole,68956.0,,,,,15908.0,75979.39965861646,22831.62106376329,42838.13080156511,35574.957684387,40819.49565005776,10674.06540546574,0.8304507460696035,0.9528776089494176,0.2491720624998828,0.046340934894442,B,DC35,3627.6725637844784,0.9075617905620031,,,0.14246796088107547,,20.944392946907218,0.46245046013300195,0.7837387537616184,,,0.7770324634817134,0.4511392317695294
2011,Limpopo,LIM354,Polokwane,282572.96192466497,134013.80417499554,2436.438016566481,136450.24219156202,0.4828849910556558,,529796.6706601264,165404.59718853293,262493.0598535369,232157.30586955592,247189.7087305131,125276.356169663,0.8844321674603227,0.9416999781572792,0.477255879601401,0.0869076897780238,B,DC35,5053.620826879491,0.533361150745963,0.48288499105565585,0.2575520945073987,-0.16708703397346272,-0.20883741695070762,104.83506555185407,,,,0.49976903354041513,0.62941316206409,
2016,Limpopo,LIM354,Polokwane,318088.0,161810.0,2519.0,164329.0,0.5166148990216544,,529796.6706601264,165404.59718853293,262493.0598535369,232157.30586955592,247189.7087305131,125276.356169663,0.8844321674603227,0.9416999781572792,0.477255879601401,0.0869076897780238,B,DC35,5053.620826879491,0.6003963739592069,0.5166148990216544,0.3101737121059031,-0.14717618670113528,-0.12773214373172564,104.83506555185407,0.48288499105565585,0.533361150745963,0.03372990796599851,0.5044103107320025,0.6804827172241128,0.49976903354041513
2021,Limpopo,LIM354,Polokwane,326617.0,139930.0,2004.0,141934.0,0.4345579072736569,,529796.6706601264,165404.59718853293,262493.0598535369,232157.30586955592,247189.7087305131,125276.356169663,0.8844321674603227,0.9416999781572792,0.477255879601401,0.0869076897780238,B,DC35,5053.620826879491,0.6164950028716402,0.4345579072736569,0.26790277829256703,-0.121364604986597,-0.10312878905039297,104.83506555185407,0.5166148990216544,0.6003963739592069,-0.08205699174799747,0.437506024692034,0.6796679450341679,0.5044103107320025
2026,Limpopo,LIM354,Polokwane,383348.0,,,,,81685.0,529796.6706601264,165404.59718853293,262493.0598535369,232157.30586955592,247189.7087305131,125276.356169663,0.8844321674603227,0.9416999781572792,0.477255879601401,0.0869076897780238,B,DC35,5053.620826879491,0.7235757059823509,,,-0.08408851257809458,,104.83506555185407,0.4345579072736569,0.6164950028716402,,,0.7845392009694228,0.437506024692034
2011,Limpopo,LIM355,Lepele-Nkumpi,97554.91773019746,44953.72965992238,930.0292997421026,45883.75895966448,0.4703377341423504,,170191.91073175383,48319.15990114624,81453.73383368365,65236.6472344296,78547.61153227948,25941.551006353424,0.800904319102585,0.9643218037452028,0.3184820361866061,0.0543074144212465,B,DC35,3454.7953605653006,0.5732053733385578,0.47033773414235047,0.26960011649427734,-0.0950417396294636,-0.23516490856494165,49.2625157120466,,,,0.509331178121553,0.6044011550396018,
2016,Limpopo,LIM355,Lepele-Nkumpi,105754.0,51403.0,855.0,52258.0,0.4941467935019006,,170191.91073175383,48319.15990114624,81453.73383368365,65236.6472344296,78547.61153227948,25941.551006353424,0.800904319102585,0.9643218037452028,0.3184820361866061,0.0543074144212465,B,DC35,3454.7953605653006,0.6213808843516837,0.49414679350190066,0.30705337154575985,-0.11282201280909107,-0.1721972386304326,49.2625157120466,0.47033773414235047,0.5732053733385578,0.02380905935955019,0.5198667220533646,0.6351953087172273,0.509331178121553
2021,Limpopo,LIM355,Lepele-Nkumpi,108738.0,46074.0,930.0,47004.0,0.4322683882359432,,170191.91073175383,48319.15990114624,81453.73383368365,65236.6472344296,78547.61153227948,25941.551006353424,0.800904319102585,0.9643218037452028,0.3184820361866061,0.0543074144212465,B,DC35,3454.7953605653006,0.6389140325910451,0.43226838823594327,0.276182339089458,-0.08564491087536509,-0.10841133383176507,49.2625157120466,0.49414679350190066,0.6213808843516837,-0.06187840526595739,0.45640882174663644,0.6418959261078183,0.5198667220533646
2026,Limpopo,LIM355,Lepele-Nkumpi,127446.0,,,,,25333.0,170191.91073175383,48319.15990114624,81453.73383368365,65236.6472344296,78547.61153227948,25941.551006353424,0.800904319102585,0.9643218037452028,0.3184820361866061,0.0543074144212465,B,DC35,3454.7953605653006,0.7488370008423765,,,-0.049772354252846734,,49.2625157120466,0.43226838823594327,0.6389140325910451,,,0.7573616306722172,0.45640882174663644
2011,Limpopo,LIM361,Thabazimbi,38916.4364131477,18314.73476647224,518.9924839639144,18833.727250436157,0.4839530282395868,,47138.13670995057,12821.149211853954,29569.941587290665,27337.06908587104,25732.918454065923,20093.34175124452,0.9244884371912548,0.8702390695667144,0.6795191560297418,0.0570981181728267,B,DC36,11189.989441945883,0.8255828322745875,0.4839530282395869,0.3995433117419016,0.2698037904482998,-0.2066280755779914,4.21252736247028,,,,0.5461370070571585,0.6261192089023513,
2016,Limpopo,LIM361,Thabazimbi,45209.0,22464.0,456.0,22920.0,0.5069786989316286,,47138.13670995057,12821.149211853954,29569.941587290665,27337.06908587104,25732.918454065923,20093.34175124452,0.9244884371912548,0.8702390695667144,0.6795191560297418,0.0570981181728267,B,DC36,11189.989441945883,0.9590748204193794,0.5069786989316286,0.48623050463430234,0.3212028439798257,-0.14656087574803855,4.21252736247028,0.4839530282395869,0.8255828322745875,0.0230256706920417,0.5326787045422817,0.689225919355725,0.5461370070571585
2021,Limpopo,LIM361,Thabazimbi,45688.0,18684.0,263.0,18947.0,0.4147040798459114,,47138.13670995057,12821.149211853954,29569.941587290665,27337.06908587104,25732.918454065923,20093.34175124452,0.9244884371912548,0.8702390695667144,0.6795191560297418,0.0570981181728267,B,DC36,11189.989441945883,0.969236443967365,0.4147040798459114,0.40194630764860934,0.33109376843182,-0.14989279296302738,4.21252736247028,0.5069786989316286,0.9590748204193794,-0.09227461908571721,0.4558957700296181,0.6966001758269253,0.5326787045422817
2026,Limpopo,LIM361,Thabazimbi,54561.0,,,,,11075.0,47138.13670995057,12821.149211853954,29569.941587290665,27337.06908587104,25732.918454065923,20093.34175124452,0.9244884371912548,0.8702390695667144,0.6795191560297418,0.0570981181728267,B,DC36,11189.989441945883,1.1574704434272325,,,0.38569855908473316,,4.21252736247028,0.4147040798459114,0.969236443967365,,,0.8033316183531048,0.4558957700296181
2011,Limpopo,LIM362,Lephalale,42513.59600850185,21931.21701909885,308.3058353590539,22239.522854457908,0.5231155428491736,,80800.59189610307,27084.62768329634,49923.26676238573,43779.04930840668,43266.00139916135,22391.48806484034,0.8769267747797234,0.8666500452602545,0.448518086194452,0.0471163849697197,B,DC36,13632.346491929313,0.5261545121249569,0.5231155428491736,0.2752396032327889,-0.18069089093291785,-0.1288135655985355,5.927122813665206,,,,0.5024157697873674,0.7161471649333095,
2016,Limpopo,LIM362,Lephalale,58046.0,28380.0,523.0,28903.0,0.4979326740860696,,80800.59189610307,27084.62768329634,49923.26676238573,43779.04930840668,43266.00139916135,22391.48806484034,0.8769267747797234,0.8666500452602545,0.448518086194452,0.0471163849697197,B,DC36,13632.346491929313,0.7183858266117417,0.49793267408606967,0.35770777567031614,0.03224054062231232,-0.1645649892279942,5.927122813665206,0.5231155428491736,0.5261545121249569,-0.02518286876310394,0.5008191162105659,0.7788288790879617,0.5024157697873674
2021,Limpopo,LIM362,Lephalale,64587.0,29566.0,491.0,30057.0,0.4653722885410377,,80800.59189610307,27084.62768329634,49923.26676238573,43779.04930840668,43266.00139916135,22391.48806484034,0.8769267747797234,0.8666500452602545,0.448518086194452,0.0471163849697197,B,DC36,13632.346491929313,0.7993382038964366,0.4653722885410377,0.37198984926556733,0.1383693182663631,-0.03462029245275665,5.927122813665206,0.49793267408606967,0.7183858266117417,-0.03256038554503199,0.42345050732950523,0.7750319680985739,0.5008191162105659
2026,Limpopo,LIM362,Lephalale,76841.0,,,,,17844.0,80800.59189610307,27084.62768329634,49923.26676238573,43779.04930840668,43266.00139916135,22391.48806484034,0.8769267747797234,0.8666500452602545,0.448518086194452,0.0471163849697197,B,DC36,13632.346491929313,0.950995508780499,,,0.18921564819239936,,5.927122813665206,0.4653722885410377,0.7993382038964366,,,0.9066890643614789,0.42345050732950523
2011,Limpopo,LIM366,Bela-Bela,28284.61634935583,16510.092694869145,330.48141521538986,16840.574110084533,0.59539694306188,,44734.01525025851,13653.283310990928,24440.31114010981,21912.837607740053,20220.545206978502,16975.758598292054,0.8965858692272606,0.8273440174742248,0.6945802981383723,0.063169937358088,B,DC36,3400.842716767645,0.632284318568796,0.59539694306188,0.37646015042182496,0.0030533543165837,0.0006123858156798748,13.153803035259529,,,,0.5398558957554563,0.6243200360027888,
2016,Limpopo,LIM366,Bela-Bela,30212.0,16411.0,303.0,16714.0,0.5532238845491858,,44734.01525025851,13653.283310990928,24440.31114010981,21912.837607740053,20220.545206978502,16975.758598292054,0.8965858692272606,0.8273440174742248,0.6945802981383723,0.063169937358088,B,DC36,3400.842716767645,0.6753697344399553,0.5532238845491858,0.3736306679938241,-0.029505951431604196,-0.0592670904048703,13.153803035259529,0.59539694306188,0.632284318568796,-0.04217305851269415,0.5492950273387447,0.6927738214088843,0.5398558957554563
2021,Limpopo,LIM366,Bela-Bela,31267.0,15454.0,199.0,15653.0,0.5006236607285637,,44734.01525025851,13653.283310990928,24440.31114010981,21912.837607740053,20220.545206978502,16975.758598292054,0.8965858692272606,0.8273440174742248,0.6945802981383723,0.063169937358088,B,DC36,3400.842716767645,0.6989535776093632,0.5006236607285637,0.3499126987021256,0.0041695055363424,0.03839664438734355,13.153803035259529,0.5532238845491858,0.6753697344399553,-0.05260022382062213,0.443862094888947,0.6845620823779243,0.5492950273387447
2026,Limpopo,LIM366,Bela-Bela,36426.0,,,,,7808.0,44734.01525025851,13653.283310990928,24440.31114010981,21912.837607740053,20220.545206978502,16975.758598292054,0.8965858692272606,0.8273440174742248,0.6945802981383723,0.063169937358088,B,DC36,3400.842716767645,0.8142796884254538,,,0.03401021284712719,,13.153803035259529,0.5006236607285637,0.6989535776093632,,,0.7841125947017578,0.443862094888947
2011,Limpopo,LIM367,Mogalakwena,136345.36596691268,68564.48861753581,1350.6064277949797,69915.0950453308,0.5127794006750277,,235095.4236680852,68919.2840368816,113448.96697359208,97534.8582598566,109880.10036210212,44822.14468444896,0.8597245163330588,0.9685420968855476,0.3950864065151194,0.0350553055290555,B,DC36,6155.106446062193,0.5799575501708156,0.5127794006750277,0.29739028499354814,-0.08333089832041306,-0.14877019398418784,38.19518406842346,,,,0.5140950507841565,0.5828747749442942,
2016,Limpopo,LIM367,Mogalakwena,144031.0,69216.0,1138.0,70354.0,0.4884642889377981,,235095.4236680852,68919.2840368816,113448.96697359208,97534.8582598566,109880.10036210212,44822.14468444896,0.8597245163330588,0.9685420968855476,0.3950864065151194,0.0350553055290555,B,DC36,6155.106446062193,0.6126491011724129,0.4884642889377981,0.2992572075725638,-0.12697390378707213,-0.18376349920942373,38.19518406842346,0.5127794006750277,0.5799575501708156,-0.02431511173722961,0.5182443500521218,0.6615898668734062,0.5140950507841565
2021,Limpopo,LIM367,Mogalakwena,141932.0,56791.0,990.0,57781.0,0.4071034016289491,,235095.4236680852,68919.2840368816,113448.96697359208,97534.8582598566,109880.10036210212,44822.14468444896,0.8597245163330588,0.9685420968855476,0.3950864065151194,0.0350553055290555,B,DC36,6155.106446062193,0.6037208116836161,0.4071034016289491,0.24577679607059033,-0.142302963155402,-0.16839078700112978,38.19518406842346,0.4884642889377981,0.6126491011724129,-0.081360887308849,0.45540514808407256,0.6817439113742658,0.5182443500521218
2026,Limpopo,LIM367,Mogalakwena,163336.0,,,,,30652.0,235095.4236680852,68919.2840368816,113448.96697359208,97534.8582598566,109880.10036210212,44822.14468444896,0.8597245163330588,0.9685420968855476,0.3950864065151194,0.0350553055290555,B,DC36,6155.106446062193,0.6947646936360731,,,-0.12472047378443536,,38.19518406842346,0.4071034016289491,0.6037208116836161,,,0.8010770577723119,0.45540514808407256
2011,Limpopo,LIM368,Modimolle-Mookgophong,45278.39454433317,25839.77788281146,585.6940714665909,26425.47195427805,0.5836221054261153,,84043.15447353027,24969.735182136486,50041.76731637179,44660.29973493125,44132.365359871146,35325.348433291096,0.8924604811133453,0.8819106064112306,0.7059172832557807,0.0498974740215745,B,DC36,10535.098309701123,0.538751726157468,0.5836221054261151,0.31442741672197533,-0.1570309644043376,-0.019362234861327047,7.977443779156775,,,,0.5149173516079131,0.6467466788001812,
2016,Limpopo,LIM368,Modimolle/Mookgopong,50680.0,28826.0,341.0,29167.0,0.5755130228887135,,84043.15447353027,24969.735182136486,50041.76731637179,44660.29973493125,44132.365359871146,35325.348433291096,0.8924604811133453,0.8819106064112306,0.7059172832557807,0.0498974740215745,B,DC36,10535.098309701123,0.6030235337723059,0.5755130228887135,0.347047896794334,-0.14281002328674383,-0.019768007784269518,7.977443779156775,0.5836221054261151,0.538751726157468,-0.008109082537401613,0.5151955916697837,0.7044457435707966,0.5149173516079131
2021,Limpopo,LIM368,Modimolle-Mookgophong,50580.0,24802.0,300.0,25102.0,0.4962831158560696,,84043.15447353027,24969.735182136486,50041.76731637179,44660.29973493125,44132.365359871146,35325.348433291096,0.8924604811133453,0.8819106064112306,0.7059172832557807,0.0498974740215745,B,DC36,10535.098309701123,0.601833668867467,0.4962831158560696,0.2986798884126366,-0.1454337123467666,0.02968856374574465,7.977443779156775,0.5755130228887135,0.6030235337723059,-0.07922990703264393,0.4376433023886621,0.7091635668646091,0.5151955916697837
2026,Limpopo,LIM368,Modimolle-Mookgophong,60019.0,,,,,13002.0,84043.15447353027,24969.735182136486,50041.76731637179,44660.29973493125,44132.365359871146,35325.348433291096,0.8924604811133453,0.8819106064112306,0.7059172832557807,0.0498974740215745,B,DC36,10535.098309701123,0.7141450172352017,,,-0.09720764462564047,,7.977443779156775,0.4962831158560696,0.601833668867467,,,0.8239069908347924,0.4376433023886621
2011,Limpopo,LIM471,Ephraim Mogale,54569.96516631248,26428.98312956702,803.9994867823938,27232.98261634941,0.4990470954737034,,78766.62812565421,23521.524556104014,38143.257616704905,24997.18158728757,36474.79229976519,10674.156866768826,0.6553499399154626,0.95625792286265,0.2798438710723559,0.022940903599985,B,DC47,2011.303607352436,0.6928056521507882,0.49904709547370335,0.3457426484336157,0.09446370580946699,-0.17591545748843804,39.16197825018474,,,,0.5156117241803947,0.5832176829763165,
2016,Limpopo,LIM471,Ephraim Mogale,56934.0,28024.0,507.0,28531.0,0.5011241086169951,,78766.62812565421,23521.524556104014,38143.257616704905,24997.18158728757,36474.79229976519,10674.156866768826,0.6553499399154626,0.95625792286265,0.2798438710723559,0.022940903599985,B,DC47,2011.303607352436,0.7228188048011243,0.5011241086169951,0.36222192924756513,0.03839232791617259,-0.1581760723177527,39.16197825018474,0.49904709547370335,0.6928056521507882,0.0020770131432917283,0.5266728814707353,0.6393425570439599,0.5156117241803947
2021,Limpopo,LIM471,Ephraim Mogale,58432.0,25452.0,399.0,25851.0,0.4424116922234392,,78766.62812565421,23521.524556104014,38143.257616704905,24997.18158728757,36474.79229976519,10674.156866768826,0.6553499399154626,0.95625792286265,0.2798438710723559,0.022940903599985,B,DC47,2011.303607352436,0.7418370113137895,0.44241169222343923,0.3281973675293123,0.06371473582009608,-0.08521711929745455,39.16197825018474,0.5011241086169951,0.7228188048011243,-0.058712416393555844,0.43959398490317003,0.634682668793503,0.5266728814707353
2026,Limpopo,LIM471,Ephraim Mogale,68944.0,,,,,15906.0,78766.62812565421,23521.524556104014,38143.257616704905,24997.18158728757,36474.79229976519,10674.156866768826,0.6553499399154626,0.95625792286265,0.2798438710723559,0.022940903599985,B,DC47,2011.303607352436,0.8752945459340414,,,0.1062667619235592,,39.16197825018474,0.44241169222343923,0.7418370113137895,,,0.7428416628171592,0.43959398490317003
2011,Limpopo,LIM472,Elias Motsoaledi,110684.9707865114,55636.98531552726,1443.9996188799064,57080.98493440716,0.5157067353299906,,175591.01885233787,55752.80603807447,85107.07944129944,53302.638950139975,80570.00487173337,24918.89900498316,0.6263008823714152,0.9466898100680872,0.2927946672423457,0.0274639701875136,B,DC47,3713.329376834184,0.6303566749025542,0.5157067353299905,0.32507918290746435,0.0,-0.1430776669632222,47.286680235740036,,,,0.5259279835511722,0.6020246638732352,
2016,Limpopo,LIM472,Elias Motsoaledi,121169.0,61316.0,1069.0,62385.0,0.514859411235547,,175591.01885233787,55752.80603807447,85107.07944129944,53302.638950139975,80570.00487173337,24918.89900498316,0.6263008823714152,0.9466898100680872,0.2927946672423457,0.0274639701875136,B,DC47,3713.329376834184,0.6900637674521172,0.514859411235547,0.3552858250253805,-0.007982237148707579,-0.13113598901143325,47.286680235740036,0.5157067353299905,0.6303566749025542,-0.0008473240944434357,0.5291742349646664,0.6649303008303442,0.5259279835511722
2021,Limpopo,LIM472,Elias Motsoaledi,120057.0,47659.0,950.0,48609.0,0.4048826807266548,,175591.01885233787,55752.80603807447,85107.07944129944,53302.638950139975,80570.00487173337,24918.89900498316,0.6263008823714152,0.9466898100680872,0.2927946672423457,0.0274639701875136,B,DC47,3713.329376834184,0.6837308695210724,0.40488268072665484,0.27683078734725847,-0.017850447333858363,-0.17386065030897452,47.286680235740036,0.514859411235547,0.6900637674521172,-0.10997673050889217,0.4341343292657074,0.658925156666413,0.5291742349646664
2026,Limpopo,LIM472,Elias Motsoaledi,141812.0,,,,,30679.0,175591.01885233787,55752.80603807447,85107.07944129944,53302.638950139975,80570.00487173337,24918.89900498316,0.6263008823714152,0.9466898100680872,0.2927946672423457,0.0274639701875136,B,DC47,3713.329376834184,0.8076267278752787,,,0.02580628961493081,,47.286680235740036,0.40488268072665484,0.6837308695210724,,,0.7502713976252751,0.4341343292657074
2011,Limpopo,LIM473,Makhuduthamaga,117869.96457504772,55472.98332800223,1151.9996537749637,56624.98298177719,0.4804021379485874,,197394.04569288017,55331.11631691116,83729.1393556663,58766.93425100912,79813.6806565969,13924.582116879272,0.7018695606242621,0.9532366064048834,0.1663050907251077,0.025920189488836,B,DC47,2109.6469790474034,0.5971302941854603,0.48040213794858744,0.2868626699605641,-0.054150472024967325,-0.21399238794643563,93.56733503441988,,,,0.4861880673353384,0.5979738820392645,
2016,Limpopo,LIM473,Makhuduthamaga,127687.0,62979.0,1070.0,64049.0,0.5016094042463211,,197394.04569288017,55331.11631691116,83729.1393556663,58766.93425100912,79813.6806565969,13924.582116879272,0.7018695606242621,0.9532366064048834,0.1663050907251077,0.025920189488836,B,DC47,2109.6469790474034,0.646863483403469,0.5016094042463211,0.3244728065387141,-0.07263097420613314,-0.15720812687464,93.56733503441988,0.48040213794858744,0.5971302941854603,0.021207266297733618,0.5022368737311554,0.6522926534856295,0.4861880673353384
2021,Limpopo,LIM473,Makhuduthamaga,127638.0,54658.0,965.0,55623.0,0.4357871480280167,,197394.04569288017,55331.11631691116,83729.1393556663,58766.93425100912,79813.6806565969,13924.582116879272,0.7018695606242621,0.9532366064048834,0.1663050907251077,0.025920189488836,B,DC47,2109.6469790474034,0.6466152489654544,0.4357871480280167,0.28178661521808135,-0.07366337359710311,-0.10030406668488911,93.56733503441988,0.5016094042463211,0.646863483403469,-0.06582225621830434,0.4234017101582366,0.6609367317721401,0.5022368737311554
2026,Limpopo,LIM473,Makhuduthamaga,156100.0,,,,,34041.0,197394.04569288017,55331.11631691116,83729.1393556663,58766.93425100912,79813.6806565969,13924.582116879272,0.7018695606242621,0.9532366064048834,0.1663050907251077,0.025920189488836,B,DC47,2109.6469790474034,0.7908039953893624,,,0.004756451908743298,,93.56733503441988,0.4357871480280167,0.6466152489654544,,,0.7839415505508721,0.4234017101582366
2011,Limpopo,LIM476,Fetakgomo Tubatse,171245.87249992206,77223.32866762046,1491.6697104830569,78714.99837810351,0.4596607043953093,,345582.756214207,107097.45892215076,155390.8959898369,101025.0679880348,140938.50803789386,31791.291139834968,0.6501350503483949,0.9069933417921198,0.2045891487871608,0.0233125623526957,B,DC47,5693.449483428718,0.49552782776515775,0.45966070439530937,0.22777467035800994,-0.24066229664954178,-0.25812731031086816,60.698309033926755,,,,0.5121879448728879,0.6650358726946405,
2016,Limpopo,LIM476,Greater Tubatse/Fetakgomo,198678.0,97344.0,1760.0,99104.0,0.4988171815701789,,345582.756214207,107097.45892215076,155390.8959898369,101025.0679880348,140938.50803789386,31791.291139834968,0.6501350503483949,0.9069933417921198,0.2045891487871608,0.0233125623526957,B,DC47,5693.449483428718,0.5749071573375926,0.4988171815701789,0.28677356788766134,-0.19055768480657895,-0.16279020549210974,60.698309033926755,0.45966070439530937,0.49552782776515775,0.03915647717486953,0.5220906244621525,0.6780208748249434,0.5121879448728879
2021,Limpopo,LIM476,Fetakgomo Tubatse,200184.0,81568.0,1317.0,82885.0,0.4140440794469088,,345582.756214207,107097.45892215076,155390.8959898369,101025.0679880348,140938.50803789386,31791.291139834968,0.6501350503483949,0.9069933417921198,0.2045891487871608,0.0233125623526957,B,DC47,5693.449483428718,0.5792650136626534,0.41404407944690885,0.2398412493377544,-0.18365473979805072,-0.15148555798128183,60.698309033926755,0.4988171815701789,0.5749071573375926,-0.08477310212327005,0.457558457306087,0.6847394054837587,0.5220906244621525
2026,Limpopo,LIM476,Fetakgomo Tubatse,243293.0,,,,,52944.0,345582.756214207,107097.45892215076,155390.8959898369,101025.0679880348,140938.50803789386,31791.291139834968,0.6501350503483949,0.9069933417921198,0.2045891487871608,0.0233125623526957,B,DC47,5693.449483428718,0.704007927551792,,,-0.1115040748919342,,60.698309033926755,0.41404407944690885,0.5792650136626534,,,0.8047064067078079,0.457558457306087
2011,Free State,MAN,Mangaung,386908.6355885082,208006.54117449335,3307.9938351689752,211314.5350096624,0.5461613300210836,,528949.9898392288,158418.80341096935,240609.0265560668,233832.02393492145,227328.1693149336,149537.8542374693,0.9718339635127272,0.9448031629102722,0.6214972745530972,0.0745183545283573,A,MAN,9958.151555700271,0.7314654372261294,0.5461613300210836,0.3994981360598763,0.1487641603439344,-0.08570152016380081,53.1172865647386,,,,0.592295687736927,0.7265121204075704,
2016,Free State,MAN,Mangaung,425211.0,240482.0,4037.0,244519.0,0.5750533264661545,,528949.9898392288,158418.80341096935,240609.0265560668,233832.02393492145,227328.1693149336,149537.8542374693,0.9718339635127272,0.9448031629102722,0.6214972745530972,0.0745183545283573,A,MAN,9958.151555700271,0.8038775085887426,0.5750533264661545,0.4622724353852811,0.144680658003448,-0.020567086337675008,53.1172865647386,0.5461613300210836,0.7314654372261294,0.0288919964450709,0.5872995488921325,0.7693669125423059,0.592295687736927
2021,Free State,MAN,Mangaung,410785.0,175077.0,2850.0,177927.0,0.4331389899825943,,528949.9898392288,158418.80341096935,240609.0265560668,233832.02393492145,227328.1693149336,149537.8542374693,0.9718339635127272,0.9448031629102722,0.6214972745530972,0.0745183545283573,A,MAN,9958.151555700271,0.7766046089250435,0.4331389899825943,0.336377735925621,0.10951653011159355,-0.10639932870618338,53.1172865647386,0.5750533264661545,0.8038775085887426,-0.14191433648356017,0.5033531981969719,0.7522411186660161,0.5872995488921325
2026,Free State,MAN,Mangaung,447303.0,,,,,81972.0,528949.9898392288,158418.80341096935,240609.0265560668,233832.02393492145,227328.1693149336,149537.8542374693,0.9718339635127272,0.9448031629102722,0.6214972745530972,0.0745183545283573,A,MAN,9958.151555700271,0.845643271750426,,,0.07180391436955058,,53.1172865647386,0.4331389899825943,0.7766046089250435,,,0.8308104025280837,0.5033531981969719
2011,Mpumalanga,MP301,Chief Albert Luthuli,83058.62806883443,47427.11290436097,986.8786998906644,48413.991604251634,0.5828893726023114,,153612.11754569274,52417.59981464122,65505.19738811301,57866.100960232194,62657.27828996706,21671.11492791943,0.8833818272064766,0.9565237689267272,0.3308304652456784,0.0250429232088103,B,DC30,5553.310159032535,0.5407036202344401,0.5828893726023114,0.3151703939622512,-0.15341451799764483,-0.020618515547756733,27.66136108854654,,,,0.5772241122617331,0.5394745372031498,
2016,Mpumalanga,MP301,Chief Albert Luthuli,92592.0,54085.0,782.0,54867.0,0.5925673924313115,,153612.11754569274,52417.59981464122,65505.19738811301,57866.100960232194,62657.27828996706,21671.11492791943,0.8833818272064766,0.9565237689267272,0.3308304652456784,0.0250429232088103,B,DC30,5553.310159032535,0.6027649477096624,0.5925673924313115,0.35717885331331045,-0.14323893112684838,0.009434744526152,27.66136108854654,0.5828893726023114,0.5407036202344401,0.009678019829000073,0.5672132364408885,0.6039518128302428,0.5772241122617331
2021,Mpumalanga,MP301,Chief Albert Luthuli,92803.0,39760.0,776.0,40536.0,0.4367962242599916,,153612.11754569274,52417.59981464122,65505.19738811301,57866.100960232194,62657.27828996706,21671.11492791943,0.8833818272064766,0.9565237689267272,0.3308304652456784,0.0250429232088103,B,DC30,5553.310159032535,0.6041385372634763,0.4367962242599916,0.2638854320066407,-0.14161128395139802,-0.09799121793291876,27.66136108854654,0.5925673924313115,0.6027649477096624,-0.15577116817131992,0.4313987390427272,0.5965084926121381,0.5672132364408885
2026,Mpumalanga,MP301,Chief Albert Luthuli,104214.0,,,,,24253.0,153612.11754569274,52417.59981464122,65505.19738811301,57866.100960232194,62657.27828996706,21671.11492791943,0.8833818272064766,0.9565237689267272,0.3308304652456784,0.0250429232088103,B,DC30,5553.310159032535,0.6784230415221051,,,-0.14852264330481987,,27.66136108854654,0.4367962242599916,0.6041385372634763,,,0.6600613488455045,0.4313987390427272
2011,Mpumalanga,MP302,Msukaligwa,62192.53740345593,34643.34885179042,671.9314280894026,35315.28027987982,0.5678379071556809,,133788.23280796813,44621.69550530441,71756.80451657478,67104.48778554412,60774.743868544414,52690.86806528438,0.9351654973716668,0.8469544355825702,0.7342978609521772,0.0345158482568318,B,DC30,6003.366466165501,0.4648580528956047,0.5678379071556809,0.263964023880705,-0.3045537134265931,-0.0467799252251708,22.285534884799727,,,,0.5801153427131743,0.530113104745859,
2016,Mpumalanga,MP302,Msukaligwa,71337.0,40247.0,566.0,40813.0,0.5721154520094761,,133788.23280796813,44621.69550530441,71756.80451657478,67104.48778554412,60774.743868544414,52690.86806528438,0.9351654973716668,0.8469544355825702,0.7342978609521772,0.0345158482568318,B,DC30,6003.366466165501,0.5332083285859153,0.5721154520094761,0.3050567239241482,-0.2658540388809786,-0.025689054324632924,22.285534884799727,0.5678379071556809,0.4648580528956047,0.004277544853795168,0.5657152505374858,0.5887899457852699,0.5801153427131743
2021,Mpumalanga,MP302,Msukaligwa,69662.0,27471.0,589.0,28060.0,0.4028021015761821,,133788.23280796813,44621.69550530441,71756.80451657478,67104.48778554412,60774.743868544414,52690.86806528438,0.9351654973716668,0.8469544355825702,0.7342978609521772,0.0345158482568318,B,DC30,6003.366466165501,0.5206885429153458,0.4028021015761821,0.2097344393529414,-0.2902627652246222,-0.17901261998350568,22.285534884799727,0.5721154520094761,0.5332083285859153,-0.16931335043329399,0.43498789263153553,0.5761052337764402,0.5657152505374858
2026,Mpumalanga,MP302,Msukaligwa,77000.0,,,,,14506.0,133788.23280796813,44621.69550530441,71756.80451657478,67104.48778554412,60774.743868544414,52690.86806528438,0.9351654973716668,0.8469544355825702,0.7342978609521772,0.0345158482568318,B,DC30,6003.366466165501,0.5755364159008015,,,-0.31299118857558367,,22.285534884799727,0.4028021015761821,0.5206885429153458,,,0.6487006765656544,0.43498789263153553
2011,Mpumalanga,MP303,Mkhondo,63858.994032127805,37201.99652332825,726.9999320590193,37928.99645538727,0.5939491692635338,,164072.25871438195,59877.65537724473,61883.63357645055,53392.5953000232,54536.38123463393,29592.17210174234,0.8627902437897802,0.8812730940768067,0.4781906037431432,0.0217647559195539,B,DC30,4900.519094142455,0.38921262212458446,0.5939491692635338,0.23117251357777863,-0.4821600290887343,-0.0018221864226943254,33.4805875790783,,,,0.5864022199035211,0.48414448927437476,
2016,Mpumalanga,MP303,Mkhondo,71990.0,40419.0,749.0,41168.0,0.5718572023892208,,164072.25871438195,59877.65537724473,61883.63357645055,53392.5953000232,54536.38123463393,29592.17210174234,0.8627902437897802,0.8812730940768067,0.4781906037431432,0.0217647559195539,B,DC30,4900.519094142455,0.43877009169064135,0.5718572023892208,0.250913837126272,-0.4607906803084235,-0.026140550474736374,33.4805875790783,0.5939491692635338,0.38921262212458446,-0.02209196687431303,0.5858501873874684,0.5445200349975788,0.5864022199035211
2021,Mpumalanga,MP303,Mkhondo,70522.0,29749.0,645.0,30394.0,0.4309860752672925,,164072.25871438195,59877.65537724473,61883.63357645055,53392.5953000232,54536.38123463393,29592.17210174234,0.8627902437897802,0.8812730940768067,0.4781906037431432,0.0217647559195539,B,DC30,4900.519094142455,0.42982281436598707,0.4309860752672925,0.1852476478239388,-0.48204175776230374,-0.11138221661551209,33.4805875790783,0.5718572023892208,0.43877009169064135,-0.14087112712192829,0.4283202264044869,0.5376425648976255,0.5858501873874684
2026,Mpumalanga,MP303,Mkhondo,80034.0,,,,,15853.0,164072.25871438195,59877.65537724473,61883.63357645055,53392.5953000232,54536.38123463393,29592.17210174234,0.8627902437897802,0.8812730940768067,0.4781906037431432,0.0217647559195539,B,DC30,4900.519094142455,0.4877972707093873,,,-0.4783938010490922,,33.4805875790783,0.4309860752672925,0.42982281436598707,,,0.6098776930546989,0.4283202264044869
2011,Mpumalanga,MP304,Dr Pixley Ka Isaka Seme,34576.90190981635,20444.35073012306,594.9811046428574,21039.33183476592,0.608479379952571,,77375.44038456143,24552.78278074616,34452.26506845865,32569.5140121509,31299.61036566174,25222.715660727696,0.9453518933351228,0.908492091984884,0.7321061651711055,0.0302283585227214,B,DC30,5227.042951848427,0.4468717946930795,0.608479379952571,0.2719122725531376,-0.3440140691139824,0.022347096675769024,14.802908852547182,,,,0.5982932609866528,0.5265748897724097,
2016,Mpumalanga,MP304,Dr Pixley Ka Isaka Seme,38501.0,22338.0,488.0,22826.0,0.5928677177216176,,77375.44038456143,24552.78278074616,34452.26506845865,32569.5140121509,31299.61036566174,25222.715660727696,0.9453518933351228,0.908492091984884,0.7321061651711055,0.0302283585227214,B,DC30,5227.042951848427,0.4975868286971589,0.5928677177216176,0.29500316749802213,-0.33499617565254164,0.009941436616101562,14.802908852547182,0.608479379952571,0.4468717946930795,-0.015611662230953338,0.5915155182815326,0.603337880702021,0.5982932609866528
2021,Mpumalanga,MP304,Dr Pixley Ka Isaka Seme,37767.0,16448.0,372.0,16820.0,0.445362353377287,,77375.44038456143,24552.78278074616,34452.26506845865,32569.5140121509,31299.61036566174,25222.715660727696,0.9453518933351228,0.908492091984884,0.7321061651711055,0.0302283585227214,B,DC30,5227.042951848427,0.48810061451405423,0.445362353377287,0.21738163836487917,-0.35489326003160643,-0.07856977015812075,14.802908852547182,0.5928677177216176,0.4975868286971589,-0.1475053643443306,0.47475930066327915,0.5991514689846955,0.5915155182815326
2026,Mpumalanga,MP304,Dr Pixley Ka Isaka Seme,44543.0,,,,,9699.0,77375.44038456143,24552.78278074616,34452.26506845865,32569.5140121509,31299.61036566174,25222.715660727696,0.9453518933351228,0.908492091984884,0.7321061651711055,0.0302283585227214,B,DC30,5227.042951848427,0.5756736217411899,,,-0.31275282053404174,,14.802908852547182,0.445362353377287,0.48810061451405423,,,0.6688456528487431,0.47475930066327915
2011,Mpumalanga,MP305,Lekwa,49182.883089309726,28787.19950690073,645.3128695130563,29432.51237641379,0.5984299928690267,,82449.96198313715,24840.2876897302,40644.5656252243,39126.95834150439,38084.15216407064,32601.22576111736,0.9626614958143858,0.9370047773480288,0.8021054047354566,0.039120272112937,B,DC30,4594.515993640844,0.5965179595761211,0.5984299928690267,0.3569742382953845,-0.05517646047864144,0.005693618684026654,17.94529872074754,,,,0.5873111024094125,0.6262829494871532,
2016,Mpumalanga,MP305,Lekwa,53249.0,29889.0,676.0,30565.0,0.5740013896974591,,82449.96198313715,24840.2876897302,40644.5656252243,39126.95834150439,38084.15216407064,32601.22576111736,0.9626614958143858,0.9370047773480288,0.8021054047354566,0.039120272112937,B,DC30,4594.515993640844,0.6458341364777173,0.5740013896974591,0.37070969185226815,-0.07422353093011314,-0.022398047122702117,17.94529872074754,0.5984299928690267,0.5965179595761211,-0.024428603171567587,0.5699354848305895,0.6863805938418194,0.5873111024094125
2021,Mpumalanga,MP305,Lekwa,51116.0,22929.0,458.0,23387.0,0.457527975584944,,82449.96198313715,24840.2876897302,40644.5656252243,39126.95834150439,38084.15216407064,32601.22576111736,0.9626614958143858,0.9370047773480288,0.8021054047354566,0.039120272112937,B,DC30,4594.515993640844,0.6199639001708013,0.45752797558494407,0.28365082818089304,-0.11575357110303706,-0.051619966567214785,17.94529872074754,0.5740013896974591,0.6458341364777173,-0.116473414112515,0.4362571746566169,0.6618148570939462,0.5699354848305895
2026,Mpumalanga,MP305,Lekwa,56704.0,,,,,10102.0,82449.96198313715,24840.2876897302,40644.5656252243,39126.95834150439,38084.15216407064,32601.22576111736,0.9626614958143858,0.9370047773480288,0.8021054047354566,0.039120272112937,B,DC30,4594.515993640844,0.6877383401534767,,,-0.13488524566439392,,17.94529872074754,0.45752797558494407,0.6199639001708013,,,0.7302261570157257,0.4362571746566169
2011,Mpumalanga,MP306,Dipaleseng,19266.38106305555,11383.201253247482,497.750163034893,11880.951416282376,0.6166675193124265,,24251.65365284233,6508.184560592394,14297.333685511425,13881.29451530089,12143.697929667303,11940.619997920916,0.9709009260494396,0.8493680148189756,0.8351641124541462,0.0162551048090667,B,DC30,2607.3975841493125,0.794435766684203,0.6166675193124265,0.4899027334942131,0.23134632541558417,0.035714083578811874,9.30109539115595,,,,0.5994433541282723,0.6693319250971834,
2016,Mpumalanga,MP306,Dipaleseng,21413.0,12577.0,272.0,12849.0,0.6000560407229253,,24251.65365284233,6508.184560592394,14297.333685511425,13881.29451530089,12143.697929667303,11940.619997920916,0.9709009260494396,0.8493680148189756,0.8351641124541462,0.0162551048090667,B,DC30,2607.3975841493125,0.8829500992601534,0.6000560407229253,0.5298195407179616,0.23850243921076433,0.021993187544350513,9.30109539115595,0.6166675193124265,0.794435766684203,-0.016611478589501183,0.5841698691259051,0.6826861607225553,0.5994433541282723
2021,Mpumalanga,MP306,Dipaleseng,20948.0,9391.0,236.0,9627.0,0.4595665457322895,,24251.65365284233,6508.184560592394,14297.333685511425,13881.29451530089,12143.697929667303,11940.619997920916,0.9709009260494396,0.8493680148189756,0.8351641124541462,0.0162551048090667,B,DC30,2607.3975841493125,0.8637761490357118,0.4595665457322895,0.39696262109828134,0.21589882655502252,-0.04717424487210249,9.30109539115595,0.6000560407229253,0.8829500992601534,-0.1404894949906358,0.47000838462980193,0.6782064248997601,0.5841698691259051
2026,Mpumalanga,MP306,Dipaleseng,22879.0,,,,,3899.0,24251.65365284233,6508.184560592394,14297.333685511425,13881.29451530089,12143.697929667303,11940.619997920916,0.9709009260494396,0.8493680148189756,0.8351641124541462,0.0162551048090667,B,DC30,2607.3975841493125,0.9433995853440924,,,0.18119623960300854,,9.30109539115595,0.4595665457322895,0.8637761490357118,,,0.7870464572727899,0.47000838462980193
2011,Mpumalanga,MP307,Govan Mbeki,131575.99548933303,70732.99757514284,1169.999959890251,71902.9975350331,0.5464750410409194,,211870.2155592355,66331.6974628249,109551.98574952816,108036.19715039516,98783.79415237652,95238.53954254717,0.9861637505814036,0.9017070158657712,0.8693456251928994,0.0374147396090826,B,DC30,2954.7323715360753,0.6210216718854779,0.5464750410409194,0.33937284363091685,-0.014919830130889553,-0.0851272924760458,71.70538272780713,,,,0.5793092056527271,0.561103135418409,
2016,Mpumalanga,MP307,Govan Mbeki,145295.0,76391.0,1179.0,77570.0,0.5338793489108365,,211870.2155592355,66331.6974628249,109551.98574952816,108036.19715039516,98783.79415237652,95238.53954254717,0.9861637505814036,0.9017070158657712,0.8693456251928994,0.0374147396090826,B,DC30,2954.7323715360753,0.6857735978438075,0.5338793489108365,0.36612036191709385,-0.014218706111548882,-0.09485998945199403,71.70538272780713,0.5464750410409194,0.6210216718854779,-0.012595692130082825,0.5686359246455559,0.6281217582970287,0.5793092056527271
2021,Mpumalanga,MP307,Govan Mbeki,141058.0,55288.0,1010.0,56298.0,0.3991124218406613,,211870.2155592355,66331.6974628249,109551.98574952816,108036.19715039516,98783.79415237652,95238.53954254717,0.9861637505814036,0.9017070158657712,0.8693456251928994,0.0374147396090826,B,DC30,2954.7323715360753,0.6657755061402788,0.3991124218406613,0.26571927465783873,-0.0444622860666108,-0.1882148620304255,71.70538272780713,0.5338793489108365,0.6857735978438075,-0.13476692707017524,0.4544132078600741,0.618150287717857,0.5686359246455559
2026,Mpumalanga,MP307,Govan Mbeki,155046.0,,,,,24327.0,211870.2155592355,66331.6974628249,109551.98574952816,108036.19715039516,98783.79415237652,95238.53954254717,0.9861637505814036,0.9017070158657712,0.8693456251928994,0.0374147396090826,B,DC30,2954.7323715360753,0.7317970559984238,,,-0.0727904620957839,,71.70538272780713,0.3991124218406613,0.6657755061402788,,,0.7008117883606084,0.4544132078600741
2011,Mpumalanga,MP311,Victor Khanye,28663.99952974223,15963.99973809674,290.9999952258927,16254.999733322633,0.5670876360591682,,69256.02041544847,22948.884885000694,36023.571974796745,35145.57932576671,32374.95455841445,28889.5412369694,0.9756272740070222,0.8987158347613339,0.8019621501493926,0.0163353071761651,B,DC31,1567.7744952358375,0.41388458877357537,0.5670876360591683,0.23470883304892787,-0.42069864593862943,-0.04810207575793962,44.17473343641198,,,,0.5627401578154455,0.5417802531517953,
2016,Mpumalanga,MP311,Victor Khanye,33451.0,18124.0,399.0,18523.0,0.5537353143403785,,69256.02041544847,22948.884885000694,36023.571974796745,35145.57932576671,32374.95455841445,28889.5412369694,0.9756272740070222,0.8987158347613339,0.8019621501493926,0.0163353071761651,B,DC31,1567.7744952358375,0.48300494021077645,0.5537353143403785,0.26745689239557,-0.36473936528720663,-0.05834306388592551,44.17473343641198,0.5670876360591683,0.41388458877357537,-0.013352321718789861,0.5705645127328742,0.6041755970844944,0.5627401578154455
2021,Mpumalanga,MP311,Victor Khanye,34548.0,17544.0,319.0,17863.0,0.5170487437767743,,69256.02041544847,22948.884885000694,36023.571974796745,35145.57932576671,32374.95455841445,28889.5412369694,0.9756272740070222,0.8987158347613339,0.8019621501493926,0.0163353071761651,B,DC31,1567.7744952358375,0.4988447183761892,0.5170487437767743,0.25792703497608743,-0.3331199602116691,0.0706791537980175,44.17473343641198,0.5537353143403785,0.48300494021077645,-0.03668657056360414,0.43601418162084576,0.597428917341655,0.5705645127328742
2026,Mpumalanga,MP311,Victor Khanye,41042.0,,,,,8080.0,69256.02041544847,22948.884885000694,36023.571974796745,35145.57932576671,32374.95455841445,28889.5412369694,0.9756272740070222,0.8987158347613339,0.8019621501493926,0.0163353071761651,B,DC31,1567.7744952358375,0.5926127397127346,,,-0.2837525588086513,,44.17473343641198,0.5170487437767743,0.4988447183761892,,,0.672471366717184,0.43601418162084576
2011,Mpumalanga,MP312,Emalahleni,167688.99607919046,88479.99793121059,1104.9999741635138,89584.9979053741,0.5342330146879044,,288434.89251643914,88690.94533484467,173111.65011784583,150815.79170874163,141192.12128393154,118686.20734893346,0.87120532677075,0.8156130519685703,0.6856049680546501,0.0346803226732754,B,DC31,2677.9685360144294,0.5813755562518607,0.5342330146879044,0.31059001608228887,-0.0808888654912521,-0.10778382761571427,107.70660246281736,,,,0.5546493045932859,0.522623259926664,
2016,Mpumalanga,MP312,Emalahleni,189524.0,96038.0,1556.0,97594.0,0.5149426985500517,,288434.89251643914,88690.94533484467,173111.65011784583,150815.79170874163,141192.12128393154,118686.20734893346,0.87120532677075,0.8156130519685703,0.6856049680546501,0.0346803226732754,B,DC31,2677.9685360144294,0.6570772292717609,0.5149426985500517,0.3383571215969916,-0.05696468713194503,-0.13097423499307406,107.70660246281736,0.5342330146879044,0.5813755562518607,-0.019290316137852703,0.5516179000112297,0.5904622151850397,0.5546493045932859
2021,Mpumalanga,MP312,Emalahleni,186763.0,72132.0,1307.0,73439.0,0.3932202845317327,,288434.89251643914,88690.94533484467,173111.65011784583,150815.79170874163,141192.12128393154,118686.20734893346,0.87120532677075,0.8156130519685703,0.6856049680546501,0.0346803226732754,B,DC31,2677.9685360144294,0.6475048783820618,0.39322028453173274,0.25461205251307933,-0.07228849418993513,-0.2030880229594903,107.70660246281736,0.5149426985500517,0.6570772292717609,-0.12172241401831896,0.4418735217852715,0.585723464259452,0.5516179000112297
2026,Mpumalanga,MP312,Emalahleni,219576.0,,,,,39383.0,288434.89251643914,88690.94533484467,173111.65011784583,150815.79170874163,141192.12128393154,118686.20734893346,0.87120532677075,0.8156130519685703,0.6856049680546501,0.0346803226732754,B,DC31,2677.9685360144294,0.7612671202305575,,,-0.03330938331270121,,107.70660246281736,0.39322028453173274,0.6475048783820618,,,0.6583915956251858,0.4418735217852715
2011,Mpumalanga,MP313,Steve Tshwete,98051.09172405416,53247.16231378068,726.93395557197,53974.096269352645,0.5504691005506832,,167222.53124732728,49317.70493043396,84186.43661265666,80491.62197306323,77348.99788661182,73602.54420567625,0.9561115211872746,0.9187821815347283,0.8742803136367787,0.0432262664837324,B,DC31,3980.330616404724,0.5863509599614515,0.5504691005506833,0.3227680855370099,-0.07236729173437546,-0.07784510369575137,42.01222143661343,,,,0.5575121828099332,0.5792116560613719,
2016,Mpumalanga,MP313,Steve Tshwete,110703.0,57834.0,741.0,58575.0,0.5291184520744695,,167222.53124732728,49317.70493043396,84186.43661265666,80491.62197306323,77348.99788661182,73602.54420567625,0.9561115211872746,0.9187821815347283,0.8742803136367787,0.0432262664837324,B,DC31,3980.330616404724,0.6620100722926318,0.5291184520744695,0.350281744709185,-0.04948547630231856,-0.1038175407574422,42.01222143661343,0.5504691005506833,0.5863509599614515,-0.021350648476213818,0.5494806653983872,0.644149600481284,0.5575121828099332
2021,Mpumalanga,MP313,Steve Tshwete,108499.0,46833.0,922.0,47755.0,0.4401423054590365,,167222.53124732728,49317.70493043396,84186.43661265666,80491.62197306323,77348.99788661182,73602.54420567625,0.9561115211872746,0.9187821815347283,0.8742803136367787,0.0432262664837324,B,DC31,3980.330616404724,0.6488300302040437,0.4401423054590365,0.2855775453450641,-0.0702440344214307,-0.09035990211216932,42.01222143661343,0.5291184520744695,0.6620100722926318,-0.08897614661543302,0.41683140818027503,0.6350727222931438,0.5494806653983872
2026,Mpumalanga,MP313,Steve Tshwete,122202.0,,,,,19292.0,167222.53124732728,49317.70493043396,84186.43661265666,80491.62197306323,77348.99788661182,73602.54420567625,0.9561115211872746,0.9187821815347283,0.8742803136367787,0.0432262664837324,B,DC31,3980.330616404724,0.730774729269344,,,-0.07418844735145115,,42.01222143661343,0.4401423054590365,0.6488300302040437,,,0.7113544511532305,0.41683140818027503
2011,Mpumalanga,MP314,Emakhazeni,24476.98053951989,14469.3922103619,198.81302560671256,14668.205235968611,0.5992653061224489,,33927.878315373426,10505.618820623176,20530.32261773549,19566.69875752656,18810.05578581036,17555.1464532546,0.9530633844313536,0.9162084851779652,0.8550838084779665,0.0200867633154588,B,DC31,4731.142861987959,0.7214415328891598,0.5992653061224489,0.4323348810562711,0.13496552961196884,0.007088486626752381,7.1711802634337305,,,,0.5516151999665485,0.5888985975218419,
2016,Mpumalanga,MP314,Emakhazeni,26651.0,14942.0,161.0,15103.0,0.5666954335672207,,33927.878315373426,10505.618820623176,20530.32261773549,19566.69875752656,18810.05578581036,17555.1464532546,0.9530633844313536,0.9162084851779652,0.8550838084779665,0.0200867633154588,B,DC31,4731.142861987959,0.7855192049519901,0.5666954335672207,0.4451501464256466,0.12157865966383205,-0.035207859308732846,7.1711802634337305,0.5992653061224489,0.7214415328891598,-0.03256987255522814,0.5540627001964136,0.6584785188292868,0.5516151999665485
2021,Mpumalanga,MP314,Emakhazeni,26486.0,12366.0,181.0,12547.0,0.4737219663218304,,33927.878315373426,10505.618820623176,20530.32261773549,19566.69875752656,18810.05578581036,17555.1464532546,0.9530633844313536,0.9162084851779652,0.8550838084779665,0.0200867633154588,B,DC31,4731.142861987959,0.7806559477077187,0.4737219663218304,0.3698138705689325,0.11471970295967729,-0.016837417577900676,7.1711802634337305,0.5666954335672207,0.7855192049519901,-0.09297346724539035,0.42441942600147337,0.6536216536378607,0.5540627001964136
2026,Mpumalanga,MP314,Emakhazeni,27794.0,,,,,5224.0,33927.878315373426,10505.618820623176,20530.32261773549,19566.69875752656,18810.05578581036,17555.1464532546,0.9530633844313536,0.9162084851779652,0.8550838084779665,0.0200867633154588,B,DC31,4731.142861987959,0.8192083142259433,,,0.0400447117217791,,7.1711802634337305,0.4737219663218304,0.7806559477077187,,,0.7454956252714822,0.42441942600147337
2011,Mpumalanga,MP315,Thembisile Hani,138007.9761874703,74908.98707485953,1847.9996811376525,76756.98675599718,0.5561779027302765,,278959.26081368874,84911.52874771919,113238.41842515489,96784.44620691364,109354.29646976377,44399.65736061124,0.8546962025161406,0.9656996096430088,0.392090051928421,0.025276759720932,B,DC31,2384.363308694565,0.4947244833705057,0.5561779027302765,0.2751548255903274,-0.24228480146342288,-0.06752771648250838,116.99528330958023,,,,0.5362871202417779,0.5743724266111437,
2016,Mpumalanga,MP315,Thembisile Hani,154722.0,83615.0,1684.0,85299.0,0.5513049210842673,,278959.26081368874,84911.52874771919,113238.41842515489,96784.44620691364,109354.29646976377,44399.65736061124,0.8546962025161406,0.9656996096430088,0.392090051928421,0.025276759720932,B,DC31,2384.363308694565,0.5546401275537352,0.5513049210842673,0.3057758317511799,-0.22644676245720138,-0.06274181263190326,116.99528330958023,0.5561779027302765,0.4947244833705057,-0.0048729816460091335,0.5392415601974918,0.6422829046561962,0.5362871202417779
2021,Mpumalanga,MP315,Thembisile Hani,151479.0,60263.0,1432.0,61695.0,0.407284178004872,,278959.26081368874,84911.52874771919,113238.41842515489,96784.44620691364,109354.29646976377,44399.65736061124,0.8546962025161406,0.9656996096430088,0.392090051928421,0.025276759720932,B,DC31,2384.363308694565,0.5430147741220528,0.407284178004872,0.2211613259228015,-0.24827829402433538,-0.16794683038044217,116.99528330958023,0.5513049210842673,0.5546401275537352,-0.14402074307939533,0.4225547644463207,0.6309075189168698,0.5392415601974918
2026,Mpumalanga,MP315,Thembisile Hani,168944.0,,,,,28376.0,278959.26081368874,84911.52874771919,113238.41842515489,96784.44620691364,109354.29646976377,44399.65736061124,0.8546962025161406,0.9656996096430088,0.392090051928421,0.025276759720932,B,DC31,2384.363308694565,0.6056224823195036,,,-0.26203686623794104,,116.99528330958023,0.407284178004872,0.5430147741220528,,,0.7167230241889361,0.4225547644463207
2011,Mpumalanga,MP316,Dr JS Moroka,118113.95795483456,61167.978225962375,1194.999574614587,62362.97780057696,0.52798990805493,,204829.8205179818,58244.80756499629,76353.05158174413,55628.052830853456,74480.88918704401,16703.958218306532,0.7285635829669186,0.9754801889915852,0.2187726341287506,0.0251441020444817,B,DC31,1416.468870814756,0.5766443462975425,0.52798990805493,0.3044623953820346,-0.08906011758953084,-0.11953875850202676,144.60594562883915,,,,0.5504979374345579,0.5810095751320703,
2016,Mpumalanga,MP316,Dr JS Moroka,130145.0,69715.0,1505.0,71220.0,0.5472357754811941,,204829.8205179818,58244.80756499629,76353.05158174413,55628.052830853456,74480.88918704401,16703.958218306532,0.7285635829669186,0.9754801889915852,0.2187726341287506,0.0251441020444817,B,DC31,1416.468870814756,0.635381116240224,0.5472357754811941,0.3477032778718257,-0.09054124515678726,-0.07015012117498554,144.60594562883915,0.52798990805493,0.5766443462975425,0.019245867426264107,0.5476794686701508,0.6354663843405809,0.5504979374345579
2021,Mpumalanga,MP316,Dr JS Moroka,123373.0,52032.0,864.0,52896.0,0.4287485916691658,,204829.8205179818,58244.80756499629,76353.05158174413,55628.052830853456,74480.88918704401,16703.958218306532,0.7285635829669186,0.9754801889915852,0.2187726341287506,0.0251441020444817,B,DC31,1416.468870814756,0.602319524022476,0.42874859166916585,0.2582436476594789,-0.14462674661475955,-0.11658728449471226,144.60594562883915,0.5472357754811941,0.635381116240224,-0.11848718381202822,0.44954421456410215,0.6402536989814067,0.5476794686701508
2026,Mpumalanga,MP316,Dr JS Moroka,133712.0,,,,,23145.0,204829.8205179818,58244.80756499629,76353.05158174413,55628.052830853456,74480.88918704401,16703.958218306532,0.7285635829669186,0.9754801889915852,0.2187726341287506,0.0251441020444817,B,DC31,1416.468870814756,0.6527955727435769,,,-0.18702967003583013,,144.60594562883915,0.42874859166916585,0.602319524022476,,,0.7413532387692338,0.44954421456410215
2011,Mpumalanga,MP321,Thaba Chweu,45555.11314396252,23850.93344883905,494.252608413586,24345.186057252635,0.5344117131334386,,69915.67801629158,20423.117802078294,44911.868117641694,41735.71698046132,39245.538770934494,30904.196831475605,0.9292803601742684,0.8738344766273165,0.6881075788369672,0.0462951623799491,B,DC32,5710.614888429145,0.6515722143658161,0.5344117131334386,0.3482078233093839,0.03310242383275741,-0.10744938822243875,12.243108558756925,,,,0.5375364930696037,0.6247559244456073,
2016,Mpumalanga,MP321,Thaba Chweu,51549.0,27094.0,613.0,27707.0,0.5374886030766843,,69915.67801629158,20423.117802078294,44911.868117641694,41735.71698046132,39245.538770934494,30904.196831475605,0.9292803601742684,0.8738344766273165,0.6881075788369672,0.0462951623799491,B,DC32,5710.614888429145,0.7373024400619869,0.5374886030766843,0.3962916585539481,0.058231927379101225,-0.08812230831629322,12.243108558756925,0.5344117131334386,0.6515722143658161,0.003076889943245731,0.5457907836625205,0.6473941252507135,0.5375364930696037
2021,Mpumalanga,MP321,Thaba Chweu,50959.0,21623.0,337.0,21960.0,0.4309346729723896,,69915.67801629158,20423.117802078294,44911.868117641694,41735.71698046132,39245.538770934494,30904.196831475605,0.9292803601742684,0.8738344766273165,0.6881075788369672,0.0462951623799491,B,DC32,5710.614888429145,0.7288637033331159,0.4309346729723896,0.31409264163730105,0.046071928734940884,-0.11150149044682162,12.243108558756925,0.5374886030766843,0.7373024400619869,-0.10655393010429476,0.45286735913427706,0.6522427262122267,0.5457907836625205
2026,Mpumalanga,MP321,Thaba Chweu,57587.0,,,,,11315.0,69915.67801629158,20423.117802078294,44911.868117641694,41735.71698046132,39245.538770934494,30904.196831475605,0.9292803601742684,0.8738344766273165,0.6881075788369672,0.0462951623799491,B,DC32,5710.614888429145,0.8236636135686365,,,0.04546851888454183,,12.243108558756925,0.4309346729723896,0.7288637033331159,,,0.7529739763853135,0.45286735913427706
2011,Mpumalanga,MP324,Nkomazi,146910.67413860463,83270.17531351374,1579.4911820996158,84849.66649561335,0.5775595748445135,,347214.74969753186,124392.1074600555,138580.25324922503,109284.2400491642,131174.62359755134,41440.96320501497,0.7885989344573184,0.9465607149789568,0.2990394535539407,0.0319913632932853,B,DC32,4785.33423721743,0.42311184725471046,0.5775595748445135,0.2443722986121073,-0.39864925141303287,-0.029804331514041615,72.55809782253158,,,,0.5452524043799009,0.514147352217979,
2016,Mpumalanga,MP324,Nkomazi,167009.0,100452.0,1325.0,101777.0,0.6094102713027442,,347214.74969753186,124392.1074600555,138580.25324922503,109284.2400491642,131174.62359755134,41440.96320501497,0.7885989344573184,0.9465607149789568,0.2990394535539407,0.0319913632932853,B,DC32,4785.33423721743,0.4809962714587616,0.6094102713027442,0.2931240682852923,-0.3689067286364025,0.03746185667420994,72.55809782253158,0.5775595748445135,0.42311184725471046,0.03185069645823069,0.5660118826759339,0.5696904114535601,0.5452524043799009
2021,Mpumalanga,MP324,Nkomazi,172783.0,76856.0,1388.0,78244.0,0.4528454766962027,,347214.74969753186,124392.1074600555,138580.25324922503,109284.2400491642,131174.62359755134,41440.96320501497,0.7885989344573184,0.9465607149789568,0.2990394535539407,0.0319913632932853,B,DC32,4785.33423721743,0.4976257493396117,0.45284547669620273,0.22534756967600153,-0.3355665347647641,-0.06190704198731021,72.55809782253158,0.6094102713027442,0.4809962714587616,-0.15656479460654144,0.42031801587141887,0.5721156766869049,0.5660118826759339
2026,Mpumalanga,MP324,Nkomazi,202502.0,,,,,49599.0,347214.74969753186,124392.1074600555,138580.25324922503,109284.2400491642,131174.62359755134,41440.96320501497,0.7885989344573184,0.9465607149789568,0.2990394535539407,0.0319913632932853,B,DC32,4785.33423721743,0.5832183113661069,,,-0.2997321134219812,,72.55809782253158,0.45284547669620273,0.4976257493396117,,,0.6672000963977408,0.42031801587141887
2011,Mpumalanga,MP325,Bushbuckridge,223189.96928762924,112916.98446189896,2227.999693412957,115144.98415531192,0.5159057305434831,,452915.3381567489,149995.4001053811,173480.99914456985,153071.09645606784,169777.9110852477,35022.78476892168,0.8823507889097786,0.9786542152882334,0.2018825401145836,0.025447251539312,B,DC32,10259.847402267924,0.49278518629100987,0.5159057305434831,0.25423070153446986,-0.24621245834035294,-0.14269187244727027,44.14445170564941,,,,0.5507620058438618,0.621675995001197,
2016,Mpumalanga,MP325,Bushbuckridge,244180.0,128489.0,2329.0,130818.0,0.5357441231878123,,452915.3381567489,149995.4001053811,173480.99914456985,153071.09645606784,169777.9110852477,35022.78476892168,0.8823507889097786,0.9786542152882334,0.2018825401145836,0.025447251539312,B,DC32,10259.847402267924,0.5391294562770848,0.5357441231878123,0.28883543783788873,-0.25481052637472523,-0.09137319953965659,44.14445170564941,0.5159057305434831,0.49278518629100987,0.019838392644329184,0.5554078334557757,0.632571432557076,0.5507620058438618
2021,Mpumalanga,MP325,Bushbuckridge,245338.0,103486.0,2327.0,105813.0,0.4312947851535432,,452915.3381567489,149995.4001053811,173480.99914456985,153071.09645606784,169777.9110852477,35022.78476892168,0.8823507889097786,0.9786542152882334,0.2018825401145836,0.025447251539312,B,DC32,10259.847402267924,0.5416862255062143,0.43129478515354325,0.23362644425033646,-0.25072790784535215,-0.11066618564785327,44.14445170564941,0.5357441231878123,0.5391294562770848,-0.10444933803426903,0.4746620741211618,0.653348290960461,0.5554078334557757
2026,Mpumalanga,MP325,Bushbuckridge,293222.0,,,,,67209.0,452915.3381567489,149995.4001053811,173480.99914456985,153071.09645606784,169777.9110852477,35022.78476892168,0.8823507889097786,0.9786542152882334,0.2018825401145836,0.025447251539312,B,DC32,10259.847402267924,0.6474101786734349,,,-0.19531362795786314,,44.14445170564941,0.43129478515354325,0.5416862255062143,,,0.7642936227915773,0.4746620741211618
2011,Mpumalanga,MP326,City of Mbombela,282724.29399119184,160591.27003301706,1861.8486836812076,162453.11871669829,0.5745990782163186,,527953.8167137972,169234.25474840746,223426.17433217535,166100.85746179966,217143.0185824609,96736.14339600256,0.743426135985535,0.9718781572101168,0.4329669237955156,0.0509157866024967,B,DC32,7139.934089148902,0.5355095181449482,0.5745990782163186,0.30770327550215215,-0.1630671457782725,-0.034943386167422645,73.94379417537881,,,,0.5735314916756781,0.5842073036860316,
2016,Mpumalanga,MP326,Mbombela/Umjindi,316905.0,186784.0,2180.0,188964.0,0.5962796421640555,,527953.8167137972,169234.25474840746,223426.17433217535,166100.85746179966,217143.0185824609,96736.14339600256,0.743426135985535,0.9718781572101168,0.4329669237955156,0.0509157866024967,B,DC32,7139.934089148902,0.6002513666300354,0.5962796421640555,0.3579176701026428,-0.1474177352002901,0.01567989077305185,73.94379417537881,0.5745990782163186,0.5355095181449482,0.021680563947736875,0.5765404250944902,0.6516457160456002,0.5735314916756781
2021,Mpumalanga,MP326,City of Mbombela,318116.0,128563.0,1655.0,130218.0,0.4093412465892945,,527953.8167137972,169234.25474840746,223426.17433217535,166100.85746179966,217143.0185824609,96736.14339600256,0.743426135985535,0.9718781572101168,0.4329669237955156,0.0509157866024967,B,DC32,7139.934089148902,0.6025451278675955,0.4093412465892945,0.2466465737676274,-0.14425225833111352,-0.16290884632217445,73.94379417537881,0.5962796421640555,0.6002513666300354,-0.186938395574761,0.44857458506260356,0.6528209844109807,0.5765404250944902
2026,Mpumalanga,MP326,City of Mbombela,362699.0,,,,,73433.0,527953.8167137972,169234.25474840746,223426.17433217535,166100.85746179966,217143.0185824609,96736.14339600256,0.743426135985535,0.9718781572101168,0.4329669237955156,0.0509157866024967,B,DC32,7139.934089148902,0.6869900141220467,,,-0.13597393508149228,,73.94379417537881,0.4093412465892945,0.6025451278675955,,,0.726128320170698,0.44857458506260356
2011,Northern Cape,NC061,Richtersveld,7095.453835592847,4428.659109053089,47.996305539523206,4476.655414592612,0.6309188275084554,,10616.427111337489,3297.6773746566696,5744.170973613795,5711.66509330079,5647.474264019826,5369.729742287083,0.9943410667157504,0.9831661156956936,0.93481370365772,0.0337311246878749,B,DC6,9607.947138867696,0.6683466820975462,0.6309188275084554,0.42167250503815024,0.05852121426464053,0.0585612847403943,1.1049631058428828,,,,0.6711168164313221,0.96996477088711,
2016,Northern Cape,NC061,RICHTERSVELD,7374.0,4374.0,51.0,4425.0,0.6000813669650122,,10616.427111337489,3297.6773746566696,5744.170973613795,5711.66509330079,5647.474264019826,5369.729742287083,0.9943410667157504,0.9831661156956936,0.93481370365772,0.0337311246878749,B,DC6,9607.947138867696,0.6945839615029393,0.6000813669650122,0.41680689309065727,-0.0014531972872921005,0.022035393115026825,1.1049631058428828,0.6309188275084554,0.6683466820975462,-0.030837460543443163,0.5799937868903386,1.0307216871244067,0.6711168164313221
2021,Northern Cape,NC061,RICHTERSVELD,7420.0,4439.0,46.0,4485.0,0.6044474393530997,,10616.427111337489,3297.6773746566696,5744.170973613795,5711.66509330079,5647.474264019826,5369.729742287083,0.9943410667157504,0.9831661156956936,0.93481370365772,0.0337311246878749,B,DC6,9607.947138867696,0.698916869318119,0.6044474393530997,0.4224585119800221,0.00411698523114071,0.22685671908077962,1.1049631058428828,0.6000813669650122,0.6945839615029393,0.004366072388087505,0.5439598238855256,1.0343150353139605,0.5799937868903386
2026,Northern Cape,NC061,RICHTERSVELD,7689.0,,,,,1483.0,10616.427111337489,3297.6773746566696,5744.170973613795,5711.66509330079,5647.474264019826,5369.729742287083,0.9943410667157504,0.9831661156956936,0.93481370365772,0.0337311246878749,B,DC6,9607.947138867696,0.7242549606721048,,,-0.08315020569562016,,1.1049631058428828,0.6044474393530997,0.698916869318119,,,1.1072493302504498,0.5439598238855256
2011,Northern Cape,NC062,Nama Khoi,27263.275555759923,18140.85256308808,155.99013338340538,18296.842696471485,0.6711168164313221,,28107.49047187094,7996.647966704798,14776.340879966578,14603.498452974778,14295.407810651892,12688.341657911938,0.9883027585519406,0.9674524922495038,0.8586930797674341,0.0366961571220442,B,DC6,17990.573577598992,0.96996477088711,0.6711168164313221,0.6509596690882941,0.4309739423430636,0.12032728636816276,1.562345433325653,,,,0.681361520734146,1.1427658298802619,
2016,Northern Cape,NC062,NAMA KHOI,28971.0,16710.0,93.0,16803.0,0.5799937868903386,,28107.49047187094,7996.647966704798,14776.340879966578,14603.498452974778,14295.407810651892,12688.341657911938,0.9883027585519406,0.9674524922495038,0.8586930797674341,0.0366961571220442,B,DC6,17990.573577598992,1.0307216871244067,0.5799937868903386,0.5978121745452835,0.3932482559150227,-0.01201247328999884,1.562345433325653,0.6711168164313221,0.96996477088711,-0.0911230295409835,0.6181070808768506,1.2267860160403183,0.681361520734146
2021,Northern Cape,NC062,NAMA KHOI,29072.0,15640.0,174.0,15814.0,0.5439598238855256,,28107.49047187094,7996.647966704798,14776.340879966578,14603.498452974778,14295.407810651892,12688.341657911938,0.9883027585519406,0.9674524922495038,0.8586930797674341,0.0366961571220442,B,DC6,17990.573577598992,1.0343150353139605,0.5439598238855256,0.5626258244515331,0.3960798630670441,0.1214173927442291,1.562345433325653,0.5799937868903386,1.0307216871244067,-0.0360339630048131,0.6218707700051683,1.2930749736886251,0.6181070808768506
2026,Northern Cape,NC062,NAMA KHOI,31122.0,,,,,5747.0,28107.49047187094,7996.647966704798,14776.340879966578,14603.498452974778,14295.407810651892,12688.341657911938,0.9883027585519406,0.9674524922495038,0.8586930797674341,0.0366961571220442,B,DC6,17990.573577598992,1.1072493302504498,,,0.34134044621303117,,1.562345433325653,0.5439598238855256,1.0343150353139605,,,1.4298408755569216,0.6218707700051683
2011,Northern Cape,NC064,Kamiesberg,6936.862763848421,4977.184035519954,71.98819818349472,5049.172233703449,0.7278754684347074,,6277.710232257877,1956.08918101802,3655.727579008154,3617.0939326674393,3578.4602863267246,2446.0021309555104,0.989432022625932,0.978864045251864,0.6690876379850882,0.034343008079746,B,DC6,14207.846039095144,1.1049988781265347,0.7278754684347074,0.8043015760361777,0.5613137888594901,0.20151404522855473,0.44184813200985995,,,,0.6661560389521419,1.0336347859259358,
2016,Northern Cape,NC064,KAMIESBERG,7335.0,4930.0,38.0,4968.0,0.6773006134969325,,6277.710232257877,1956.08918101802,3655.727579008154,3617.0939326674393,3578.4602863267246,2446.0021309555104,0.989432022625932,0.978864045251864,0.6690876379850882,0.034343008079746,B,DC6,14207.846039095144,1.168419651214429,0.6773006134969325,0.7913713465894046,0.5186411422150035,0.14308534750331933,0.44184813200985995,0.7278754684347074,1.1049988781265347,-0.050574854937774916,0.6042616102547633,1.1128473470262983,0.6661560389521419
2021,Northern Cape,NC064,KAMIESBERG,7484.0,5151.0,48.0,5199.0,0.694681988241582,,6277.710232257877,1956.08918101802,3655.727579008154,3617.0939326674393,3578.4602863267246,2446.0021309555104,0.989432022625932,0.978864045251864,0.6690876379850882,0.034343008079746,B,DC6,14207.846039095144,1.1921544198621385,0.694681988241582,0.8281682026808201,0.5381025641829982,0.3659961717390448,0.44184813200985995,0.6773006134969325,1.168419651214429,0.017381374744649514,0.5647457840915453,1.1720442193077512,0.6042616102547633
2026,Northern Cape,NC064,KAMIESBERG,7713.0,,,,,1587.0,6277.710232257877,1956.08918101802,3655.727579008154,3617.0939326674393,3578.4602863267246,2446.0021309555104,0.989432022625932,0.978864045251864,0.6690876379850882,0.034343008079746,B,DC6,14207.846039095144,1.2286326884549272,,,0.44536350292550153,,0.44184813200985995,0.694681988241582,1.1921544198621385,,,1.3209396210636617,0.5647457840915453
2011,Northern Cape,NC065,Hantam,13130.850193185155,8977.744872206355,116.62411160018368,9094.368983806537,0.6925955935836102,,14301.340250131412,4162.945164084384,5504.349476683534,5439.438229717109,5203.44852446108,5302.454719142748,0.988207280943663,0.945333966620929,0.9633208686337934,0.0412985214900481,B,DC6,39085.01713080516,0.9181552192679633,0.6925955935836103,0.6359102590907849,0.37608065067552465,0.1518303413173523,0.36590338958453983,,,,0.65618449402758,0.8824163422446556,
2016,Northern Cape,NC065,HANTAM,13339.0,8727.0,87.0,8814.0,0.6607691731014319,,14301.340250131412,4162.945164084384,5504.349476683534,5439.438229717109,5203.44852446108,5302.454719142748,0.988207280943663,0.945333966620929,0.9633208686337934,0.0412985214900481,B,DC6,39085.01713080516,0.9327097857053943,0.6607691731014319,0.6163058738441671,0.29332785041443543,0.11837470572797487,0.36590338958453983,0.6925955935836103,0.9181552192679633,-0.03182642048217843,0.6287431994795447,0.9676969178379734,0.65618449402758
2021,Northern Cape,NC065,HANTAM,13732.0,8218.0,161.0,8379.0,0.6101806000582581,,14301.340250131412,4162.945164084384,5504.349476683534,5439.438229717109,5203.44852446108,5302.454719142748,0.988207280943663,0.945333966620929,0.9633208686337934,0.0412985214900481,B,DC6,39085.01713080516,0.9601897276637286,0.6101806000582581,0.5858891441956293,0.32171607600207053,0.2362969807850132,0.36590338958453983,0.6607691731014319,0.9327097857053943,-0.05058857304317377,0.5971486123468759,1.004180121602394,0.6287431994795447
2026,Northern Cape,NC065,HANTAM,14775.0,,,,,3164.0,14301.340250131412,4162.945164084384,5504.349476683534,5439.438229717109,5203.44852446108,5302.454719142748,0.988207280943663,0.945333966620929,0.9633208686337934,0.0412985214900481,B,DC6,39085.01713080516,1.033119955303786,,,0.27204489390127123,,0.36590338958453983,0.6101806000582581,0.9601897276637286,,,1.1156957956531508,0.5971486123468759
2011,Northern Cape,NC066,Karoo Hoogland,6378.79189480975,4562.445210245597,45.03338887349141,4607.478599119089,0.7223121047212826,,8254.828447858865,2388.6761381669944,2990.098846834669,2990.098846834669,2826.2042137838885,2912.4837164395726,1.0,0.945187553507042,0.9740426205383608,0.0285294994430316,B,DC6,30230.844014501334,0.7727346407137364,0.7223121047212826,0.5581555847249831,0.2036498948541417,0.19384139500162934,0.2730598075230428,,,,0.6687161068765045,0.7453274433849754,
2016,Northern Cape,NC066,KAROO HOOGLAND,7235.0,4437.0,71.0,4508.0,0.6230822391154112,,8254.828447858865,2388.6761381669944,2990.098846834669,2990.098846834669,2826.2042137838885,2912.4837164395726,1.0,0.945187553507042,0.9740426205383608,0.0285294994430316,B,DC6,30230.844014501334,0.8764567362846423,0.6230822391154112,0.5461046257320203,0.2311210964463141,0.05964865056116934,0.2730598075230428,0.7223121047212826,0.7727346407137364,-0.09922986560587144,0.6386791368783591,0.7920582969766401,0.6687161068765045
2021,Northern Cape,NC066,KAROO HOOGLAND,7250.0,4414.0,64.0,4478.0,0.6176551724137931,,8254.828447858865,2388.6761381669944,2990.098846834669,2990.098846834669,2826.2042137838885,2912.4837164395726,1.0,0.945187553507042,0.9740426205383608,0.0285294994430316,B,DC6,30230.844014501334,0.8782738546045137,0.6176551724137931,0.5424703890922775,0.23254363038054693,0.24847233005928895,0.2730598075230428,0.6230822391154112,0.8764567362846423,-0.005427066701618077,0.5925419911549026,0.8076059409613455,0.6386791368783591
2026,Northern Cape,NC066,KAROO HOOGLAND,7759.0,,,,,1718.0,8254.828447858865,2388.6761381669944,2990.098846834669,2990.098846834669,2826.2042137838885,2912.4837164395726,1.0,0.945187553507042,0.9740426205383608,0.0285294994430316,B,DC6,30230.844014501334,0.9399347362588167,,,0.17751675162826006,,0.2730598075230428,0.6176551724137931,0.8782738546045137,,,0.883401754904734,0.5925419911549026
2011,Northern Cape,NC067,Khâi-Ma,6491.937992377161,4403.523195178572,45.33872015627873,4448.861915334851,0.6852902662592755,,3922.73508189768,1053.881443821936,1994.843996015124,1962.53930465758,1896.8015309847167,1086.7317363247464,0.9838059059144094,0.9508520640078844,0.5447702870478035,0.0646523937041881,B,DC6,15714.113910033066,1.6549519294167048,0.6852902662592755,1.1341224483562753,0.9652414318979214,0.14122656637770267,0.24963132533951612,,,,0.6804614384901271,0.9250308506967502,
2016,Northern Cape,NC067,KHâI-MA,7129.0,4113.0,0.0,4113.0,0.5769392621686071,,3922.73508189768,1053.881443821936,1994.843996015124,1962.53930465758,1896.8015309847167,1086.7317363247464,0.9838059059144094,0.9508520640078844,0.5447702870478035,0.0646523937041881,B,DC6,15714.113910033066,1.8173544354035864,0.5769392621686071,1.0485031270605907,0.9603708685711326,-0.017292868420117583,0.24963132533951612,0.6852902662592755,1.6549519294167048,-0.10835100409066833,0.6360871764354854,0.9850762681291149,0.6804614384901271
2021,Northern Cape,NC067,KHâI-MA,7799.0,4361.0,57.0,4418.0,0.5664828824208232,,3922.73508189768,1053.881443821936,1994.843996015124,1962.53930465758,1896.8015309847167,1086.7317363247464,0.9838059059144094,0.9508520640078844,0.5447702870478035,0.0646523937041881,B,DC6,15714.113910033066,1.988153631885618,0.5664828824208232,1.1262550000859932,1.0495468419350988,0.1619888653988738,0.24963132533951612,0.5769392621686071,1.8173544354035864,-0.010456379747783906,0.6153778133815551,0.9951048957718215,0.6360871764354854
2026,Northern Cape,NC067,KHâI-MA,9166.0,,,,,1934.0,3922.73508189768,1053.881443821936,1994.843996015124,1962.53930465758,1896.8015309847167,1086.7317363247464,0.9838059059144094,0.9508520640078844,0.5447702870478035,0.0646523937041881,B,DC6,15714.113910033066,2.336634977543733,,,1.0881734378761545,,0.24963132533951612,0.5664828824208232,1.988153631885618,,,1.0672920917731876,0.6153778133815551
2011,Northern Cape,NC071,Ubuntu,9168.126150941876,6265.402820569505,125.98799160417452,6391.39081217368,0.6971316392191079,,9993.65802906234,2932.320490331725,4188.402555936603,4175.081805661988,3629.769910652152,3549.405812260629,0.9968196107951148,0.8666239364951561,0.8474366455606647,0.0361195741777853,B,DC7,20393.204824281944,0.9173944239717076,0.6971316392191079,0.6395446785938658,0.3752516942453633,0.15835832988505413,0.4900484310912727,,,,0.6602360288238395,0.6935585791245735,
2016,Northern Cape,NC071,UBUNTU,9707.0,6352.0,156.0,6508.0,0.6704440094776966,,9993.65802906234,2932.320490331725,4188.402555936603,4175.081805661988,3629.769910652152,3549.405812260629,0.9968196107951148,0.8666239364951561,0.8474366455606647,0.0361195741777853,B,DC7,20393.204824281944,0.971316005787999,0.6704440094776966,0.6512129973903676,0.3338856119328566,0.1329103290937889,0.4900484310912727,0.6971316392191079,0.9173944239717076,-0.026687629741411367,0.6256732127518313,0.7396093509000147,0.6602360288238395
2021,Northern Cape,NC071,UBUNTU,9678.0,5773.0,94.0,5867.0,0.6062202934490597,,9993.65802906234,2932.320490331725,4188.402555936603,4175.081805661988,3629.769910652152,3549.405812260629,0.9968196107951148,0.8666239364951561,0.8474366455606647,0.0361195741777853,B,DC7,20393.204824281944,0.9684141654492897,0.6062202934490597,0.5870723195588946,0.3302450307249908,0.2297854423219053,0.4900484310912727,0.6704440094776966,0.971316005787999,-0.06422371602863686,0.5654675406258735,0.7375096553883554,0.6256732127518313
2026,Northern Cape,NC071,UBUNTU,10598.0,,,,,2680.0,9993.65802906234,2932.320490331725,4188.402555936603,4175.081805661988,3629.769910652152,3549.405812260629,0.9968196107951148,0.8666239364951561,0.8474366455606647,0.0361195741777853,B,DC7,20393.204824281944,1.060472548608346,,,0.29817619662691863,,0.4900484310912727,0.6062202934490597,0.9684141654492897,,,0.810233481150157,0.5654675406258735
2011,Northern Cape,NC072,Umsobomvu,13941.270132105976,9523.304206624203,228.79108931147115,9752.095295935676,0.6995126845349003,,22217.29676882022,7057.304501937266,8640.567191199636,8614.260883871726,8246.792678090455,7748.609444289912,0.996955488367164,0.9544272378889388,0.8967709263556011,0.0269335212441428,B,DC7,6813.435503299644,0.6274962376012896,0.6995126845349003,0.43894157770002773,-0.004548134688298237,0.1617679991646275,3.2608067924119513,,,,0.6516309259391524,0.7206866804607747,
2016,Northern Cape,NC072,UMSOBOMVU,14710.0,9757.0,179.0,9936.0,0.6754588715159755,,22217.29676882022,7057.304501937266,8640.567191199636,8614.260883871726,8246.792678090455,7748.609444289912,0.996955488367164,0.9544272378889388,0.8967709263556011,0.0269335212441428,B,DC7,6813.435503299644,0.6620967507011939,0.6754588715159755,0.4472191240630226,-0.04935455271340453,0.14036240504486347,3.2608067924119513,0.6995126845349003,0.6274962376012896,-0.02405381301892484,0.6276593978488146,0.7498826140530511,0.6516309259391524
2021,Northern Cape,NC072,UMSOBOMVU,14874.0,9380.0,155.0,9535.0,0.6410514992604545,,22217.29676882022,7057.304501937266,8640.567191199636,8614.260883871726,8246.792678090455,7748.609444289912,0.996955488367164,0.9544272378889388,0.8967709263556011,0.0269335212441428,B,DC7,6813.435503299644,0.669478386806904,0.6410514992604545,0.42917012358503626,-0.03891593989454572,0.2856517975205832,3.2608067924119513,0.6754588715159755,0.6620967507011939,-0.03440737225552104,0.5422036480505271,0.7467808362583185,0.6276593978488146
2026,Northern Cape,NC072,UMSOBOMVU,17467.0,,,,,4576.0,22217.29676882022,7057.304501937266,8640.567191199636,8614.260883871726,8246.792678090455,7748.609444289912,0.996955488367164,0.9544272378889388,0.8967709263556011,0.0269335212441428,B,DC7,6813.435503299644,0.7861892552343815,,,-0.0010961455269141334,,3.2608067924119513,0.6410514992604545,0.669478386806904,,,0.8226169274438675,0.5422036480505271
2011,Northern Cape,NC073,Emthanjeni,22228.92135632859,13408.920364906156,456.79288906165584,13865.713253967811,0.6237690543639551,,29239.48561384867,9262.184984737974,11015.487035276989,10923.646737021149,10493.13942798084,10450.082392046344,0.9916626202761872,0.9525806162157572,0.9486718434309857,0.0270400516062524,B,DC7,13470.750869484724,0.7602364025788582,0.6237690543639551,0.4742119419296695,0.1873436311155513,0.047164266184337736,2.1705906298129856,,,,0.6856544348897673,0.7498684955658447,
2016,Northern Cape,NC073,EMTHANJENI,23073.0,14417.0,163.0,14580.0,0.6319074242621245,,29239.48561384867,9262.184984737974,11015.487035276989,10923.646737021149,10493.13942798084,10450.082392046344,0.9916626202761872,0.9525806162157572,0.9486718434309857,0.0270400516062524,B,DC7,13470.750869484724,0.7891041690922209,0.6319074242621245,0.4986407829655693,0.1261320917968318,0.07371303830457232,2.1705906298129856,0.6237690543639551,0.7602364025788582,0.008138369898169406,0.6542646434998993,0.7846907313494126,0.6856544348897673
2021,Northern Cape,NC073,EMTHANJENI,22544.0,11226.0,178.0,11404.0,0.5058552164655784,,29239.48561384867,9262.184984737974,11015.487035276989,10923.646737021149,10493.13942798084,10450.082392046344,0.9916626202761872,0.9525806162157572,0.9486718434309857,0.0270400516062524,B,DC7,13470.750869484724,0.7710121955538953,0.5058552164655784,0.3900205410795166,0.10228936936122639,0.048792496643410385,2.1705906298129856,0.6319074242621245,0.7891041690922209,-0.12605220779654613,0.6109220247775475,0.8011792427980053,0.6542646434998993
2026,Northern Cape,NC073,EMTHANJENI,24726.0,,,,,5755.0,29239.48561384867,9262.184984737974,11015.487035276989,10923.646737021149,10493.13942798084,10450.082392046344,0.9916626202761872,0.9525806162157572,0.9486718434309857,0.0270400516062524,B,DC7,13470.750869484724,0.845637311358482,,,0.07179686599212166,,2.1705906298129856,0.5058552164655784,0.7710121955538953,,,0.8817046985544622,0.6109220247775475
2011,Northern Cape,NC074,Kareeberg,7054.512872676637,4791.669126274478,76.99468337294132,4868.66380964742,0.690148830616584,,6924.735919875936,1852.661323395992,2723.4299932967515,2723.4299932967515,2356.78902770796,2415.4765750051174,1.0,0.8653752927406929,0.8869244228602873,0.0259356340349518,B,DC7,17700.757621199784,1.018741068872851,0.690148830616584,0.7030829573836871,0.48003708794432526,0.14829134238463101,0.39121127287694973,,,,0.6915259023641918,0.8244635882148946,
2016,Northern Cape,NC074,KAREEBERG,7432.0,4814.0,93.0,4907.0,0.6602529601722282,,6924.735919875936,1852.661323395992,2723.4299932967515,2723.4299932967515,2356.78902770796,2415.4765750051174,1.0,0.8653752927406929,0.8869244228602873,0.0259356340349518,B,DC7,17700.757621199784,1.0732539241919787,0.6602529601722282,0.7086190804642142,0.43368411639421467,0.1175931700633157,0.39121127287694973,0.690148830616584,1.018741068872851,-0.02989587044435582,0.6660008020672107,0.8704321034397032,0.6915259023641918
2021,Northern Cape,NC074,KAREEBERG,7536.0,4913.0,34.0,4947.0,0.6564490445859873,,6924.735919875936,1852.661323395992,2723.4299932967515,2723.4299932967515,2356.78902770796,2415.4765750051174,1.0,0.8653752927406929,0.8869244228602873,0.0259356340349518,B,DC7,17700.757621199784,1.0882725474583896,0.6564490445859873,0.7143954740282183,0.44693207730783585,0.3093870757208189,0.39121127287694973,0.6602529601722282,1.0732539241919787,-0.0038039155862409357,0.6087122852244309,0.8805308938664126,0.6660008020672107
2026,Northern Cape,NC074,KAREEBERG,8127.0,,,,,2015.0,6924.735919875936,1852.661323395992,2723.4299932967515,2723.4299932967515,2356.78902770796,2415.4765750051174,1.0,0.8653752927406929,0.8869244228602873,0.0259356340349518,B,DC7,17700.757621199784,1.1736187623665515,,,0.39955352200732586,,0.39121127287694973,0.6564490445859873,1.0882725474583896,,,0.9610145255505363,0.6087122852244309
2011,Northern Cape,NC075,Renosterberg,6103.065697587579,4275.944162181406,55.97308861200531,4331.917250793411,0.7097936455944972,,8005.513970056494,2649.0499435578567,3206.7393265764854,3114.541761396283,2765.9187290652694,2405.7670451132344,0.9712488120203296,0.862533074061297,0.7502222039611904,0.0301643337261562,B,DC7,5530.664529668156,0.762357759965849,0.7097936455944972,0.5411166936934145,0.19013013695118666,0.17635835929032553,1.4474777718143086,,,,0.6602691801796167,0.6919738487584397,
2016,Northern Cape,NC075,RENOSTERBERG,6391.0,4401.0,94.0,4495.0,0.7033328117665467,,8005.513970056494,2649.0499435578567,3206.7393265764854,3114.541761396283,2765.9187290652694,2405.7670451132344,0.9712488120203296,0.862533074061297,0.7502222039611904,0.0301643337261562,B,DC7,5530.664529668156,0.7983247576488708,0.7033328117665467,0.5614879965000272,0.13774923206736414,0.18080033172252555,1.4474777718143086,0.7097936455944972,0.762357759965849,-0.006460833827950485,0.6345465015725137,0.7199949578646293,0.6602691801796167
2021,Northern Cape,NC075,RENOSTERBERG,6889.0,4649.0,62.0,4711.0,0.6838438089708231,,8005.513970056494,2649.0499435578567,3206.7393265764854,3114.541761396283,2765.9187290652694,2405.7670451132344,0.9712488120203296,0.862533074061297,0.7502222039611904,0.0301643337261562,B,DC7,5530.664529668156,0.8605318816215101,0.6838438089708231,0.5884693996688829,0.2121358431613748,0.3502715438561545,1.4474777718143086,0.7033328117665467,0.7983247576488708,-0.01948900279572363,0.5477871562576422,0.7197085705191366,0.6345465015725137
2026,Northern Cape,NC075,RENOSTERBERG,7471.0,,,,,1909.0,8005.513970056494,2649.0499435578567,3206.7393265764854,3114.541761396283,2765.9187290652694,2405.7670451132344,0.9712488120203296,0.862533074061297,0.7502222039611904,0.0301643337261562,B,DC7,5530.664529668156,0.9332317734931488,,,0.17035989574646457,,1.4474777718143086,0.6838438089708231,0.8605318816215101,,,0.7951321302045704,0.5477871562576422
2011,Northern Cape,NC076,Thembelihle,8847.927259556189,6093.566784576683,66.70067081759316,6160.267455394276,0.6962384832832899,,13660.664760344163,4623.819642782382,5282.204402895085,5229.675432407456,4628.867443838501,2631.1234038254333,0.9900554831882616,0.8763135787213191,0.4981108649228644,0.0271534157528471,B,DC7,8377.53490855752,0.6476937553757286,0.6962384832832899,0.4509493178748554,0.027132175091267894,0.1570763215461033,1.630630598314787,,,,0.6502718290576601,0.6789630957251697,
2016,Northern Cape,NC076,THEMBELIHLE,8874.0,5676.0,96.0,5772.0,0.6504394861392833,,13660.664760344163,4623.819642782382,5282.204402895085,5229.675432407456,4628.867443838501,2631.1234038254333,0.9900554831882616,0.8763135787213191,0.4981108649228644,0.0271534157528471,B,DC7,8377.53490855752,0.6496023550596546,0.6504394861392833,0.42252702201986997,-0.06840583282652217,0.10261840242199326,1.630630598314787,0.6962384832832899,0.6476937553757286,-0.04579899714400659,0.6429878044203334,0.7298843049060808,0.6502718290576601
2021,Northern Cape,NC076,THEMBELIHLE,9386.0,5465.0,91.0,5556.0,0.5919454506712124,,13660.664760344163,4623.819642782382,5282.204402895085,5229.675432407456,4628.867443838501,2631.1234038254333,0.9900554831882616,0.8763135787213191,0.4981108649228644,0.0271534157528471,B,DC7,8377.53490855752,0.6870822295007796,0.5919454506712124,0.40671519999002037,-0.012960843259917415,0.20595648826918067,1.630630598314787,0.6504394861392833,0.6496023550596546,-0.05849403546807086,0.5674028438007948,0.7410193896300233,0.6429878044203334
2026,Northern Cape,NC076,THEMBELIHLE,10101.0,,,,,1992.0,13660.664760344163,4623.819642782382,5282.204402895085,5229.675432407456,4628.867443838501,2631.1234038254333,0.9900554831882616,0.8763135787213191,0.4981108649228644,0.0271534157528471,B,DC7,8377.53490855752,0.7394222885347724,,,-0.06242450158261201,,1.630630598314787,0.5919454506712124,0.6870822295007796,,,0.8055666103395623,0.5674028438007948
2011,Northern Cape,NC077,Siyathemba,11288.634803302615,7868.895355105954,153.7634671597915,8022.658822265746,0.7106845922519017,,16432.937228168525,4884.386336508091,6845.526333734064,6766.428538323037,6590.51338764134,5674.289653054642,0.9884453303435208,0.9627475034554984,0.8289048024097599,0.0371701711176617,B,DC7,14704.00256823196,0.6869517388499603,0.7106845922519017,0.4882060164213189,0.0859782308063252,0.17761279142522127,1.117582586912215,,,,0.6605144237984467,0.7692582479459155,
2016,Northern Cape,NC077,SIYATHEMBA,12107.0,7736.0,153.0,7889.0,0.6516065086313703,,16432.937228168525,4884.386336508091,6845.526333734064,6766.428538323037,6590.51338764134,5674.289653054642,0.9884453303435208,0.9627475034554984,0.8289048024097599,0.0371701711176617,B,DC7,14704.00256823196,0.7367520384150669,0.6516065086313703,0.4800724234786869,0.057485141313137,0.1044110008544359,1.117582586912215,0.7106845922519017,0.6869517388499603,-0.05907808362053146,0.6671939051726765,0.8089553128183967,0.6605144237984467
2021,Northern Cape,NC077,SIYATHEMBA,12434.0,7425.0,91.0,7516.0,0.6044716101013351,,16432.937228168525,4884.386336508091,6845.526333734064,6766.428538323037,6590.51338764134,5674.289653054642,0.9884453303435208,0.9627475034554984,0.8289048024097599,0.0371701711176617,B,DC7,14704.00256823196,0.7566510981789826,0.6044716101013351,0.45737410760119296,0.08348742458577624,0.22689670645338236,1.117582586912215,0.6516065086313703,0.7367520384150669,-0.04713489853003516,0.5993739797528186,0.8205449690298391,0.6671939051726765
2026,Northern Cape,NC077,SIYATHEMBA,13712.0,,,,,3102.0,16432.937228168525,4884.386336508091,6845.526333734064,6766.428538323037,6590.51338764134,5674.289653054642,0.9884453303435208,0.9627475034554984,0.8289048024097599,0.0371701711176617,B,DC7,14704.00256823196,0.8344217354214419,,,0.05844526079653875,,1.117582586912215,0.6044716101013351,0.7566510981789826,,,0.8905010509319908,0.5993739797528186
2011,Northern Cape,NC078,Siyancuma,16896.530959728563,9763.254376187966,201.5308653369631,9964.785241524927,0.5897533206831119,,31982.17313337468,9572.212367964734,13973.527652212835,13323.998284894991,12161.640173886126,10588.666847067469,0.9535171516109616,0.8703342832659883,0.757766192661497,0.0476906600426903,B,DC7,15351.485150792747,0.5283109089949974,0.5897533206831118,0.311573112932913,-0.17660085662181635,-0.008911579559025825,2.083327627211568,,,,0.6502769861461029,0.6637107372219208,
2016,Northern Cape,NC078,SIYANCUMA,19719.0,12352.0,173.0,12525.0,0.635174197474517,,31982.17313337468,9572.212367964734,13973.527652212835,13323.998284894991,12161.640173886126,10588.666847067469,0.9535171516109616,0.8703342832659883,0.757766192661497,0.0476906600426903,B,DC7,15351.485150792747,0.6165622303952333,0.635174197474517,0.39162441988439056,-0.12060698812107666,0.07886942348846626,2.083327627211568,0.5897533206831118,0.5283109089949974,0.04542087679140516,0.6371338495737209,0.7072770087294524,0.6502769861461029
2021,Northern Cape,NC078,SIYANCUMA,19436.0,10179.0,214.0,10393.0,0.5347293681827536,,31982.17313337468,9572.212367964734,13973.527652212835,13323.998284894991,12161.640173886126,10588.666847067469,0.9535171516109616,0.8703342832659883,0.757766192661497,0.0476906600426903,B,DC7,15351.485150792747,0.607713550888065,0.5347293681827536,0.3249622831024727,-0.13571118437587243,0.10430276681193734,2.083327627211568,0.635174197474517,0.6165622303952333,-0.10044482929176335,0.5570222687255089,0.7131629894831393,0.6371338495737209
2026,Northern Cape,NC078,SIYANCUMA,20511.0,,,,,4326.0,31982.17313337468,9572.212367964734,13973.527652212835,13323.998284894991,12161.640173886126,10588.666847067469,0.9535171516109616,0.8703342832659883,0.757766192661497,0.0476906600426903,B,DC7,15351.485150792747,0.6413260260478032,,,-0.2047557431172779,,2.083327627211568,0.5347293681827536,0.607713550888065,,,0.7891493293332911,0.5570222687255089
2011,Northern Cape,NC082,Kai !Garib,27474.615595026567,17045.808380667862,270.28447473135475,17316.09285539922,0.6302578755108684,,38860.593184522215,11402.979773695572,21075.37372326883,20127.995829674288,19270.31081757702,10448.564085569642,0.955048109417459,0.914352033354508,0.4957712362667916,0.0366709352332971,B,DC8,26236.341536385225,0.7070045345053928,0.6302578755108684,0.44559517589391934,0.11475126978183275,0.05751313334889479,1.481174238055613,,,,0.6928927848035958,1.0238096117331585,
2016,Northern Cape,NC082,KAI !GARIB,31417.0,19367.0,309.0,19676.0,0.6262851322532387,,38860.593184522215,11402.979773695572,21075.37372326883,20127.995829674288,19270.31081757702,10448.564085569642,0.955048109417459,0.914352033354508,0.4957712362667916,0.0366709352332971,B,DC8,26236.341536385225,0.8084539484722296,0.6262851322532387,0.5063226880395834,0.150357471109769,0.06477588571688038,1.481174238055613,0.6302578755108684,0.7070045345053928,-0.003972743257629752,0.6611362712434512,1.0927703812227132,0.6928927848035958
2021,Northern Cape,NC082,KAI !GARIB,30846.0,18589.0,310.0,18899.0,0.6126888413408546,,38860.593184522215,11402.979773695572,21075.37372326883,20127.995829674288,19270.31081757702,10448.564085569642,0.955048109417459,0.914352033354508,0.4957712362667916,0.0366709352332971,B,DC8,26236.341536385225,0.7937604002474582,0.6126888413408546,0.4863281399298681,0.13136683087898865,0.24039920906078713,1.481174238055613,0.6262851322532387,0.8084539484722296,-0.013596290912384124,0.6053829753411322,1.1550467128271549,0.6611362712434512
2026,Northern Cape,NC082,KAI !GARIB,34981.0,,,,,7281.0,38860.593184522215,11402.979773695572,21075.37372326883,20127.995829674288,19270.31081757702,10448.564085569642,0.955048109417459,0.914352033354508,0.4957712362667916,0.0366709352332971,B,DC8,26236.341536385225,0.9001663930835874,,,0.13428593572632086,,1.481174238055613,0.6126888413408546,0.7937604002474582,,,1.3034961093383979,0.6053829753411322
2011,Northern Cape,NC084,!Kheis,9466.075973887804,6584.861105839669,66.59484096569562,6651.455946805365,0.7026624300452927,,10620.418811377916,2914.513063040832,5019.209915106798,4728.974809051148,4516.1917650451305,1842.6597977377808,0.9421751409156844,0.8997814081161091,0.3671214850352743,0.0600235569862692,B,DC8,11843.582092871102,0.8913091039071419,0.7026624300452927,0.6262894208728846,0.34640547545230926,0.16626066313436752,0.8967235358439882,,,,0.6623714347521881,0.7271664858000487,
2016,Northern Cape,NC084,!KHEIS,9731.0,7230.0,148.0,7378.0,0.7581954578152297,,10620.418811377916,2914.513063040832,5019.209915106798,4728.974809051148,4516.1917650451305,1842.6597977377808,0.9421751409156844,0.8997814081161091,0.3671214850352743,0.0600235569862692,B,DC8,11843.582092871102,0.9162538853528959,0.7581954578152297,0.6946995340801219,0.2755272466190301,0.2559113478017186,0.8967235358439882,0.7026624300452927,0.8913091039071419,0.05553302776993696,0.6460087344036685,0.7939061055129103,0.6623714347521881
2021,Northern Cape,NC084,!KHEIS,10075.0,7030.0,102.0,7132.0,0.7078908188585608,,10620.418811377916,2914.513063040832,5019.209915106798,4728.974809051148,4516.1917650451305,1842.6597977377808,0.9421751409156844,0.8997814081161091,0.3671214850352743,0.0600235569862692,B,DC8,11843.582092871102,0.9486443217480656,0.7078908188585608,0.6715366057277621,0.3096191137630213,0.3848318729174564,0.8967235358439882,0.7581954578152297,0.9162538853528959,-0.05030463895666892,0.5793645145454128,0.8002785957987294,0.6460087344036685
2026,Northern Cape,NC084,!KHEIS,11178.0,,,,,3083.0,10620.418811377916,2914.513063040832,5019.209915106798,4728.974809051148,4516.1917650451305,1842.6597977377808,0.9421751409156844,0.8997814081161091,0.3671214850352743,0.0600235569862692,B,DC8,11843.582092871102,1.0525008663523452,,,0.2906306969802655,,0.8967235358439882,0.7078908188585608,0.9486443217480656,,,0.8903483743280697,0.5793645145454128
2011,Northern Cape,NC085,Tsantsabane,16372.345048741903,10143.052349677591,206.51242612208728,10349.564775799678,0.6321369812930351,,27279.070040213846,8493.941447006233,11250.77460252164,10212.606297453443,9957.934985381304,7845.771076425539,0.9077247263636844,0.8850888349633658,0.6973538581660914,0.0360685992682177,B,DC8,18289.30047041878,0.6001797357683516,0.6321369812930352,0.37939580640185727,-0.049056639850700454,0.0604901847205621,1.491531624423535,,,,0.613937762209211,0.6371694546265804,
2016,Northern Cape,NC085,TSANTSABANE,18682.0,11792.0,152.0,11944.0,0.6393319773043571,,27279.070040213846,8493.941447006233,11250.77460252164,10212.606297453443,9957.934985381304,7845.771076425539,0.9077247263636844,0.8850888349633658,0.6973538581660914,0.0360685992682177,B,DC8,18289.30047041878,0.6848473929814929,0.6393319773043571,0.43784483790659195,-0.01557021759356617,0.08539398125331893,1.491531624423535,0.6321369812930352,0.6001797357683516,0.007194996011321897,0.6178984148596679,0.7121290319515042,0.613937762209211
2021,Northern Cape,NC085,TSANTSABANE,18336.0,8955.0,214.0,9169.0,0.5000545375218151,,27279.070040213846,8493.941447006233,11250.77460252164,10212.606297453443,9957.934985381304,7845.771076425539,0.9077247263636844,0.8850888349633658,0.6973538581660914,0.0360685992682177,B,DC8,18289.30047041878,0.6721636761432744,0.5000545375218151,0.33611849621278816,-0.03491294536079763,0.0372591692847441,1.491531624423535,0.6393319773043571,0.6848473929814929,-0.13927743978254203,0.5302158378131203,0.7205157949444639,0.6178984148596679
2026,Northern Cape,NC085,TSANTSABANE,23407.0,,,,,5026.0,27279.070040213846,8493.941447006233,11250.77460252164,10212.606297453443,9957.934985381304,7845.771076425539,0.9077247263636844,0.8850888349633658,0.6973538581660914,0.0360685992682177,B,DC8,18289.30047041878,0.8580571099195912,,,0.08637696723712497,,1.491531624423535,0.5000545375218151,0.6721636761432744,,,0.8602690404046729,0.5302158378131203
2011,Northern Cape,NC086,Kgatelopele,8930.968019771368,5291.981050344875,77.99972069669317,5369.980771041568,0.6012764528048371,,13123.341248768884,4009.084209574112,5837.575764050993,5732.76336016942,5312.002738706325,5027.027962559675,0.9820452173782428,0.9099672455505836,0.8611499303387478,0.0085470141654654,B,DC8,2478.4478094878946,0.6805407137156624,0.6012764528048371,0.4091931063322256,0.07660183959935576,0.010438888307868719,5.294983900217965,,,,0.6098955568864959,0.5297659084062457,
2016,Northern Cape,NC086,KGATELOPELE,9767.0,5673.0,75.0,5748.0,0.5885123374628852,,13123.341248768884,4009.084209574112,5837.575764050993,5732.76336016942,5312.002738706325,5027.027962559675,0.9820452173782428,0.9099672455505836,0.8611499303387478,0.0085470141654654,B,DC8,2478.4478094878946,0.7442464395960331,0.5885123374628852,0.43799821181509146,0.06760596893559404,0.002568026218525239,5.294983900217965,0.6012764528048371,0.6805407137156624,-0.012764115341951876,0.6159625162222765,0.5967538731740548,0.6098955568864959
2021,Northern Cape,NC086,KGATELOPELE,9518.0,4526.0,89.0,4615.0,0.4848707711704139,,13123.341248768884,4009.084209574112,5837.575764050993,5732.76336016942,5312.002738706325,5027.027962559675,0.9820452173782428,0.9099672455505836,0.8611499303387478,0.0085470141654654,B,DC8,2478.4478094878946,0.725272613092561,0.48487077117041394,0.3516634912189713,0.04113278032026944,0.006424406005205998,5.294983900217965,0.5885123374628852,0.7442464395960331,-0.10364156629247129,0.5094215109808213,0.5952974151408088,0.6159625162222765
2026,Northern Cape,NC086,KGATELOPELE,9754.0,,,,,1944.0,13123.341248768884,4009.084209574112,5837.575764050993,5732.76336016942,5312.002738706325,5027.027962559675,0.9820452173782428,0.9099672455505836,0.8611499303387478,0.0085470141654654,B,DC8,2478.4478094878946,0.7432558382123177,,,-0.05725337488830413,,5.294983900217965,0.48487077117041394,0.725272613092561,,,0.7117517848224822,0.5094215109808213
2011,Northern Cape,NC087,Dawid Kruiper,51907.68949920995,35445.75368724726,423.64581243672376,35869.39949968398,0.6910228493262048,,82285.76921496989,24292.516011458447,33866.2314334746,32325.866579432557,30134.70433481229,29799.190426331144,0.9545162012765468,0.8898156972088151,0.8799086631433268,0.0279997624440377,B,DC8,44399.23609636964,0.6308221943408243,0.6910228493262048,0.43591255015160535,0.000738229081955752,0.1495569617699391,1.8533149767794785,,,,0.634659519321201,0.7111994804601043,
2016,Northern Cape,NC087,//Khara Hais/Mier,57992.0,37273.0,343.0,37616.0,0.6486411918885363,,82285.76921496989,24292.516011458447,33866.2314334746,32325.866579432557,30134.70433481229,29799.190426331144,0.9545162012765468,0.8898156972088151,0.8799086631433268,0.0279997624440377,B,DC8,44399.23609636964,0.7047634184289763,0.6486411918885363,0.4571385837292104,0.013095922730188498,0.09984983626622371,1.8533149767794785,0.6910228493262048,0.6308221943408243,-0.04238165743766853,0.6426245602323725,0.7718167395354973,0.634659519321201
2021,Northern Cape,NC087,Dawid Kruiper,59509.0,31465.0,490.0,31955.0,0.5369776000268867,,82285.76921496989,24292.516011458447,33866.2314334746,32325.866579432557,30134.70433481229,29799.190426331144,0.9545162012765468,0.8898156972088151,0.8799086631433268,0.0279997624440377,B,DC8,44399.23609636964,0.7231991700112076,0.5369776000268867,0.3883417546540546,0.03826983949977752,0.10849838223448505,1.8533149767794785,0.6486411918885363,0.7047634184289763,-0.11166359186164965,0.5821418824301675,0.7667643405838533,0.6426245602323725
2026,Northern Cape,NC087,Dawid Kruiper,65148.0,,,,,14090.0,82285.76921496989,24292.516011458447,33866.2314334746,32325.866579432557,30134.70433481229,29799.190426331144,0.9545162012765468,0.8898156972088151,0.8799086631433268,0.0279997624440377,B,DC8,44399.23609636964,0.7917286381537272,,,0.005925012796507191,,1.8533149767794785,0.5369776000268867,0.7231991700112076,,,0.896636599583664,0.5821418824301675
2011,Northern Cape,NC091,Sol Plaatje,121703.8972632516,73839.6677029693,1286.0183055130212,75125.68600848233,0.6172825003786175,,188916.1682087196,57463.36149535558,74815.53460818739,72257.39177060641,65282.78585126611,60943.938371498494,0.9658073306435876,0.8725832969470212,0.8145893588900337,0.0375227317837811,B,DC9,3451.8042990235836,0.6442217117636533,0.6172825003786175,0.39766678903566094,0.02175712995921231,0.03671085185515214,54.72968680818857,,,,0.6084443843998797,0.6002910830874256,
2016,Northern Cape,NC091,Sol Plaatje,130318.0,77403.0,921.0,78324.0,0.6010221151337497,,188916.1682087196,57463.36149535558,74815.53460818739,72257.39177060641,65282.78585126611,60943.938371498494,0.9658073306435876,0.8725832969470212,0.8145893588900337,0.0375227317837811,B,DC9,3451.8042990235836,0.689819199889875,0.6010221151337497,0.4145965945776835,-0.00833671295657144,0.023601866570692853,54.72968680818857,0.6172825003786175,0.6442217117636533,-0.016260385244867837,0.6126008693506655,0.6514676796771297,0.6084443843998797
2021,Northern Cape,NC091,Sol Plaatje,128236.0,61879.0,907.0,62786.0,0.4896129012133878,,188916.1682087196,57463.36149535558,74815.53460818739,72257.39177060641,65282.78585126611,60943.938371498494,0.9658073306435876,0.8725832969470212,0.8145893588900337,0.0375227317837811,B,DC9,3451.8042990235836,0.6787984385662611,0.4896129012133878,0.3323484728455447,-0.025090588844024923,0.01615708313566014,54.72968680818857,0.6010221151337497,0.689819199889875,-0.1114092139203619,0.5409906461053722,0.6437651847598488,0.6126008693506655
2026,Northern Cape,NC091,Sol Plaatje,142052.0,,,,,27233.0,188916.1682087196,57463.36149535558,74815.53460818739,72257.39177060641,65282.78585126611,60943.938371498494,0.9658073306435876,0.8725832969470212,0.8145893588900337,0.0375227317837811,B,DC9,3451.8042990235836,0.7519314061200795,,,-0.04564858718992965,,54.72968680818857,0.4896129012133878,0.6787984385662611,,,0.7017523474745248,0.5409906461053722
2011,Northern Cape,NC092,Dikgatlong,21516.262331752485,13065.55205775331,372.9872124247654,13438.539270178077,0.6245759167170145,,42875.55979801063,12989.330991230314,15836.724874336658,14635.689769630591,13873.896762315942,7130.4827507412165,0.924161396107074,0.8760584573138939,0.4502498343136674,0.0365216833040766,B,DC9,7315.535641509085,0.5018304701586849,0.6245759167170145,0.313431225935891,-0.2280234560137297,0.04845695768245741,5.860891382270137,,,,0.5958246561217421,0.6146093498815427,
2016,Northern Cape,NC092,Dikgatlong,22639.0,13667.0,257.0,13924.0,0.6150448341357834,,42875.55979801063,12989.330991230314,15836.724874336658,14635.689769630591,13873.896762315942,7130.4827507412165,0.924161396107074,0.8760584573138939,0.4502498343136674,0.0365216833040766,B,DC9,7315.535641509085,0.5280164295615896,0.6150448341357834,0.3247537773406764,-0.2756388472510633,0.04666530166811039,5.860891382270137,0.6245759167170145,0.5018304701586849,-0.009531082581231143,0.5929101700256025,0.6663271804076645,0.5958246561217421
2021,Northern Cape,NC092,Dikgatlong,22617.0,12596.0,278.0,12874.0,0.5692178449838617,,42875.55979801063,12989.330991230314,15836.724874336658,14635.689769630591,13873.896762315942,7130.4827507412165,0.924161396107074,0.8760584573138939,0.4502498343136674,0.0365216833040766,B,DC9,7315.535641509085,0.5275033167275264,0.5692178449838617,0.30026430116948205,-0.2772596689504611,0.16680521848205893,5.860891382270137,0.6150448341357834,0.5280164295615896,-0.04582698915192163,0.493779351288995,0.6557492921771014,0.5929101700256025
2026,Northern Cape,NC092,Dikgatlong,24027.0,,,,,5002.0,42875.55979801063,12989.330991230314,15836.724874336658,14635.689769630591,13873.896762315942,7130.4827507412165,0.924161396107074,0.8760584573138939,0.4502498343136674,0.0365216833040766,B,DC9,7315.535641509085,0.5603891847288445,,,-0.33966217663599635,,5.860891382270137,0.5692178449838617,0.5275033167275264,,,0.7404144790270387,0.493779351288995
2011,Northern Cape,NC093,Magareng,11752.76525166732,7329.370051124787,193.798254043643,7523.16830516843,0.6401189970250745,,18236.96692966225,5006.539469157037,7345.073154023447,6947.525773640877,7128.036605880803,5605.070927873633,0.9458756404400404,0.9704514109537824,0.7631062087929397,0.0310257260235089,B,DC9,1546.3793596725743,0.6444473632592689,0.6401189970250744,0.412522999804977,0.02210733856170849,0.0730381634287332,11.793333127211223,,,,0.5880684423646317,0.6103648893368084,
2016,Northern Cape,NC093,Magareng,12040.0,7024.0,116.0,7140.0,0.5930232558139535,,18236.96692966225,5006.539469157037,7345.073154023447,6947.525773640877,7128.036605880803,5605.070927873633,0.9458756404400404,0.9704514109537824,0.7631062087929397,0.0310257260235089,B,DC9,1546.3793596725743,0.6601975013957534,0.5930232558139535,0.3915124717579468,-0.05222721227235859,0.01020375093790479,11.793333127211223,0.6401189970250744,0.6444473632592689,-0.04709574121112081,0.5958878078256177,0.6542914063467705,0.5880684423646317
2021,Northern Cape,NC093,Magareng,11644.0,6098.0,106.0,6204.0,0.5328065956715905,,18236.96692966225,5006.539469157037,7345.073154023447,6947.525773640877,7128.036605880803,5605.070927873633,0.9458756404400404,0.9704514109537824,0.7631062087929397,0.0310257260235089,B,DC9,1546.3793596725743,0.6384833643066571,0.5328065956715905,0.3401881477291739,-0.08631920111856035,0.10070050018022483,11.793333127211223,0.5930232558139535,0.6601975013957534,-0.06021666014236304,0.5156460946801331,0.6486690690603337,0.5958878078256177
2026,Northern Cape,NC093,Magareng,12890.0,,,,,2736.0,18236.96692966225,5006.539469157037,7345.073154023447,6947.525773640877,7128.036605880803,5605.070927873633,0.9458756404400404,0.9704514109537824,0.7631062087929397,0.0310257260235089,B,DC9,1546.3793596725743,0.706806128985985,,,-0.10753727984835679,,11.793333127211223,0.5328065956715905,0.6384833643066571,,,0.7315616743799906,0.5156460946801331
2011,Northern Cape,NC094,Phokwane,29794.08451712269,17288.746465018798,420.78115499500433,17709.527620013803,0.5943974418759577,,53376.94453291333,15879.363263620584,20681.328052172084,19732.54114557599,19407.032789009794,11904.036178907529,0.9541235019239276,0.9383842633341696,0.5755934120322264,0.0355477159231568,B,DC9,828.1105819246989,0.5581826531631281,0.5943974418759577,0.3317823411396983,-0.1215995655851897,-0.0010677388070162899,64.45630052070385,,,,0.5872862123539705,0.6441646198022198,
2016,Northern Cape,NC094,Phokwane,32086.0,18238.0,484.0,18722.0,0.5834943589104282,,53376.94453291333,15879.363263620584,20681.328052172084,19732.54114557599,19407.032789009794,11904.036178907529,0.9541235019239276,0.9383842633341696,0.5755934120322264,0.0355477159231568,B,DC9,828.1105819246989,0.6011209573866692,0.5834943589104282,0.35075068765795736,-0.14597007257128095,-0.0059950805122444325,64.45630052070385,0.5943974418759577,0.5581826531631281,-0.010903082965529443,0.5806482717419112,0.6743684815280608,0.5872862123539705
2021,Northern Cape,NC094,Phokwane,32409.0,15958.0,455.0,16413.0,0.506433398130149,,53376.94453291333,15879.363263620584,20681.328052172084,19732.54114557599,19407.032789009794,11904.036178907529,0.9541235019239276,0.9383842633341696,0.5755934120322264,0.0355477159231568,B,DC9,828.1105819246989,0.6071722591767301,0.506433398130149,0.30749231046523096,-0.13660228334611071,0.04993482249615007,64.45630052070385,0.5834943589104282,0.6011209573866692,-0.07706096078027924,0.5004446043399399,0.6603620980762698,0.5806482717419112
2026,Northern Cape,NC094,Phokwane,35029.0,,,,,6519.0,53376.94453291333,15879.363263620584,20681.328052172084,19732.54114557599,19407.032789009794,11904.036178907529,0.9541235019239276,0.9383842633341696,0.5755934120322264,0.0355477159231568,B,DC9,828.1105819246989,0.6562571219939424,,,-0.18174102530440958,,64.45630052070385,0.506433398130149,0.6071722591767301,,,0.7668580900633359,0.5004446043399399
2011,Northern Cape,NC451,Joe Morolong,49505.28937642259,27391.52045429299,1003.7625569789824,28395.28301127197,0.573580790435608,,76597.46408360673,22468.585172363488,28232.194715087782,25823.1767122144,26334.437373109973,4016.1950535865753,0.9146712458175998,0.9327803820733918,0.1422558569787792,0.0411792554411768,B,DC45,20179.766143666577,0.6463045476595306,0.573580790435608,0.3707078733086816,0.02498501887528374,-0.03671712924633815,3.7957557851901496,,,,0.5872899712420783,0.6279782156300432,
2016,Northern Cape,NC451,Joe Morolong,51911.0,27644.0,735.0,28379.0,0.5466856735566643,,76597.46408360673,22468.585172363488,28232.194715087782,25823.1767122144,26334.437373109973,4016.1950535865753,0.9146712458175998,0.9327803820733918,0.1422558569787792,0.0411792554411768,B,DC45,20179.766143666577,0.6777117313353709,0.5466856735566643,0.37049529432233036,-0.02604422456084236,-0.07115586426811801,3.7957557851901496,0.573580790435608,0.6463045476595306,-0.026895116878943637,0.5860951829929584,0.709762743524942,0.5872899712420783
2021,Northern Cape,NC451,Joe Morolong,49979.0,24527.0,859.0,25386.0,0.5079333319994398,,76597.46408360673,22468.585172363488,28232.194715087782,25823.1767122144,26334.437373109973,4016.1950535865753,0.9146712458175998,0.9327803820733918,0.1422558569787792,0.0411792554411768,B,DC45,20179.766143666577,0.6524889641966154,0.5079333319994398,0.33142089367725003,-0.06462059597085186,0.05289220451185255,3.7957557851901496,0.5466856735566643,0.6777117313353709,-0.03875234155722451,0.4818644978385295,0.7164730749748959,0.5860951829929584
2026,Northern Cape,NC451,Joe Morolong,59426.0,,,,,14138.0,76597.46408360673,22468.585172363488,28232.194715087782,25823.1767122144,26334.437373109973,4016.1950535865753,0.9146712458175998,0.9327803820733918,0.1422558569787792,0.0411792554411768,B,DC45,20179.766143666577,0.7758220289791325,,,-0.014370541932769198,,3.7957557851901496,0.5079333319994398,0.6524889641966154,,,0.9038269492399015,0.4818644978385295
2011,Northern Cape,NC452,Ga-Segonyana,43360.94253903678,25066.295512872264,651.7736659777753,25718.06917885004,0.5931160088528218,,88719.39902857314,27768.783196019667,30990.57858704519,26594.50543666476,26582.283279748848,7073.443853184556,0.8581480775509595,0.8577536945651245,0.2282449755920796,0.03551462114863,B,DC45,4497.086889638833,0.48874251870294877,0.5931160088528219,0.2898810120497686,-0.25445000564096054,-0.003225918185499869,19.728193207247173,,,,0.5851872135921808,0.6207340908699854,
2016,Northern Cape,NC452,GA-SEGONYANA,49469.0,27984.0,426.0,28410.0,0.5742990559744486,,88719.39902857314,27768.783196019667,30990.57858704519,26594.50543666476,26582.283279748848,7073.443853184556,0.8581480775509595,0.8577536945651245,0.2282449755920796,0.03551462114863,B,DC45,4497.086889638833,0.5575894397579036,0.5742990559744486,0.32022308887428574,-0.22114332654136507,-0.021879600430847378,19.728193207247173,0.5931160088528219,0.48874251870294877,-0.01881695287837326,0.5881309784331908,0.6886910572799653,0.5851872135921808
2021,Northern Cape,NC452,GA-SEGONYANA,50908.0,21602.0,476.0,22078.0,0.433684293234855,,88719.39902857314,27768.783196019667,30990.57858704519,26594.50543666476,26582.283279748848,7073.443853184556,0.8581480775509595,0.8577536945651245,0.2282449755920796,0.03551462114863,B,DC45,4497.086889638833,0.5738091168043696,0.433684293234855,0.24885200127301943,-0.19311803002449832,-0.10514116378433147,19.728193207247173,0.5742990559744486,0.5575894397579036,-0.1406147627395936,0.5090788908592386,0.683388344572506,0.5881309784331908
2026,Northern Cape,NC452,GA-SEGONYANA,69843.0,,,,,15926.0,88719.39902857314,27768.783196019667,30990.57858704519,26594.50543666476,26582.283279748848,7073.443853184556,0.8581480775509595,0.8577536945651245,0.2282449755920796,0.03551462114863,B,DC45,4497.086889638833,0.7872348185936903,,,0.0002328839834387491,,19.728193207247173,0.433684293234855,0.5738091168043696,,,0.8299119807559894,0.5090788908592386
2011,Northern Cape,NC453,Gamagara,16918.269656058514,9080.094173168354,159.86081290789355,9239.954986076247,0.5461524833166007,,28474.447959275916,8694.79671145015,11548.894276343955,10927.237995473271,10558.630554914424,10226.800283713925,0.9461717922083634,0.9142546725483558,0.8855220282570142,0.0412797683286174,B,DC45,2645.614992736284,0.5941561950649572,0.5461524833166006,0.32449988141266894,-0.05914357037080412,-0.08571771826433776,10.762884258463325,,,,0.5996112601938216,0.5784089340436104,
2016,Northern Cape,NC453,GAMAGARA,21862.0,12166.0,378.0,12544.0,0.5737809898453938,,28474.447959275916,8694.79671145015,11548.894276343955,10927.237995473271,10558.630554914424,10226.800283713925,0.9461717922083634,0.9142546725483558,0.8855220282570142,0.0412797683286174,B,DC45,2645.614992736284,0.7677760787941167,0.5737809898453938,0.44053531847010335,0.09873187949731112,-0.02278209179650498,10.762884258463325,0.5461524833166006,0.5941561950649572,0.02762850652879323,0.5867722356118233,0.6400495213582559,0.5996112601938216
2021,Northern Cape,NC453,GAMAGARA,23135.0,11547.0,146.0,11693.0,0.5054246812189324,,28474.447959275916,8694.79671145015,11548.894276343955,10927.237995473271,10558.630554914424,10226.800283713925,0.9461717922083634,0.9142546725483558,0.8855220282570142,0.0412797683286174,B,DC45,2645.614992736284,0.8124828278703636,0.5054246812189324,0.41064887427223523,0.15467995713572694,0.04794103054852783,10.762884258463325,0.5737809898453938,0.7677760787941167,-0.06835630862646147,0.48055738758537,0.6328205857147532,0.5867722356118233
2026,Northern Cape,NC453,GAMAGARA,35024.0,,,,,8080.0,28474.447959275916,8694.79671145015,11548.894276343955,10927.237995473271,10558.630554914424,10226.800283713925,0.9461717922083634,0.9142546725483558,0.8855220282570142,0.0412797683286174,B,DC45,2645.614992736284,1.2300150664936942,,,0.44648800575975545,,10.762884258463325,0.5054246812189324,0.8124828278703636,,,0.8070379858308047,0.48055738758537
2011,Eastern Cape,NMA,Nelson Mandela Bay,568665.459567006,361814.11014289607,4335.865674117935,366149.975817014,0.6438758845944476,,835172.1833307835,215017.31517365584,334768.2420320082,330075.5371325412,313130.8940272828,294786.6586765121,0.9859822279706618,0.9353661868479848,0.8805693660999261,0.0719340545875564,A,NMA,1956.7248015138412,0.6808960725907903,0.6438758845944476,0.4384125610562803,0.07712387468283874,0.07889005325204085,426.82148388196623,,,,0.6623539855182516,0.7170403815246474,
2016,Eastern Cape,NMA,Nelson Mandela Bay,609217.0,380548.0,6954.0,387502.0,0.6360656383521799,,835172.1833307835,215017.31517365584,334768.2420320082,330075.5371325412,313130.8940272828,294786.6586765121,0.9859822279706618,0.9353661868479848,0.8805693660999261,0.0719340545875564,A,NMA,1956.7248015138412,0.7294507793235611,0.6360656383521799,0.46397857559693595,0.04752564682166006,0.08027189845606443,426.82148388196623,0.6438758845944476,0.6808960725907903,-0.007810246242267671,0.6186703989667844,0.7682563891917202,0.6623539855182516
2021,Eastern Cape,NMA,Nelson Mandela Bay,583270.0,262602.0,3370.0,265972.0,0.4560015087352341,,835172.1833307835,215017.31517365584,334768.2420320082,330075.5371325412,313130.8940272828,294786.6586765121,0.9859822279706618,0.9353661868479848,0.8805693660999261,0.0719340545875564,A,NMA,1956.7248015138412,0.6983829342517583,0.4560015087352341,0.3184636716937416,0.003352746817903884,-0.05496188009401591,426.82148388196623,0.6360656383521799,0.7294507793235611,-0.1800641296169458,0.5162215100334179,0.7721581071505714,0.6186703989667844
2026,Eastern Cape,NMA,Nelson Mandela Bay,636445.0,,,,,120641.0,835172.1833307835,215017.31517365584,334768.2420320082,330075.5371325412,313130.8940272828,294786.6586765121,0.9859822279706618,0.9353661868479848,0.8805693660999261,0.0719340545875564,A,NMA,1956.7248015138412,0.7620524398475154,,,-0.0322783196972773,,426.82148388196623,0.4560015087352341,0.6983829342517583,,,0.8577516704545454,0.5162215100334179
2011,North West,NW371,Moretele,95582.58734048984,51635.98997706312,999.1992929377184,52635.18927000084,0.5506775944712682,,139845.574445649,41562.59198218856,62257.45011607788,46221.17168523558,60551.60979604741,21731.7525837121,0.7424199288447737,0.9726002218714396,0.3490626831518741,0.0168731425755752,B,DC37,1433.6998247546878,0.6834866796420364,0.5506775944712682,0.3763808005984309,0.08092135769886379,-0.07746641859590236,97.54173923371803,,,,0.5401467255836476,0.6440590623984705,
2016,North West,NW371,Moretele,97823.0,50527.0,996.0,51523.0,0.5266961757459903,,139845.574445649,41562.59198218856,62257.45011607788,46221.17168523558,60551.60979604741,21731.7525837121,0.7424199288447737,0.9726002218714396,0.3490626831518741,0.0168731425755752,B,DC37,1433.6998247546878,0.6995072985882648,0.5266961757459903,0.3684278190728476,0.005609980991495227,-0.10840599883431377,97.54173923371803,0.5506775944712682,0.6834866796420364,-0.023981418725277925,0.5445673581243806,0.7239769673006125,0.5401467255836476
2021,North West,NW371,Moretele,94713.0,40202.0,884.0,41086.0,0.4337947272285747,,139845.574445649,41562.59198218856,62257.45011607788,46221.17168523558,60551.60979604741,21731.7525837121,0.7424199288447737,0.9726002218714396,0.3490626831518741,0.0168731425755752,B,DC37,1433.6998247546878,0.677268482577618,0.43379472722857476,0.2937954966602685,-0.027347050695502584,-0.10488655475815054,97.54173923371803,0.5266961757459903,0.6995072985882648,-0.0929014485174155,0.4423060628223279,0.7327196760315486,0.5445673581243806
2026,North West,NW371,Moretele,106982.0,,,,,21054.0,139845.574445649,41562.59198218856,62257.45011607788,46221.17168523558,60551.60979604741,21731.7525837121,0.7424199288447737,0.9726002218714396,0.3490626831518741,0.0168731425755752,B,DC37,1433.6998247546878,0.7650009692768546,,,-0.02841659085925109,,97.54173923371803,0.43379472722857476,0.677268482577618,,,0.8478779338208012,0.4423060628223279
2011,North West,NW372,Local Municipality of Madibeng,200443.5019152587,103772.43065103269,2101.844789382153,105874.27544041484,0.5282000884477422,,322653.5244137125,92327.7502930773,186475.7497804908,150835.277527969,166410.55857292353,88358.38519712801,0.8088734203000881,0.8923978521004101,0.4738331139632833,0.0339176119766725,B,DC37,3786.148893584893,0.6212345031081893,0.5282000884477422,0.32813611948853477,-0.014577177417096564,-0.11914076117904013,85.21944949402396,,,,0.5241681414825551,0.6666185208243315,
2016,North West,NW372,Madibeng,224109.0,115986.0,2347.0,118333.0,0.5280153853705116,,322653.5244137125,92327.7502930773,186475.7497804908,150835.277527969,166410.55857292353,88358.38519712801,0.8088734203000881,0.8923978521004101,0.4738331139632833,0.0339176119766725,B,DC37,3786.148893584893,0.6945809763188676,0.5280153853705116,0.36674944188203307,-0.0014574950981430697,-0.10590444227401778,85.21944949402396,0.5282000884477422,0.6212345031081893,-0.00018470307723061907,0.5440076346317292,0.7447528908293237,0.5241681414825551
2021,North West,NW372,Madibeng,222804.0,89269.0,1661.0,90930.0,0.4081165508698228,,322653.5244137125,92327.7502930773,186475.7497804908,150835.277527969,166410.55857292353,88358.38519712801,0.8088734203000881,0.8923978521004101,0.4738331139632833,0.0339176119766725,B,DC37,3786.148893584893,0.6905363900947707,0.4081165508698228,0.2818193297755763,-0.007946149376746644,-0.16590520072620377,85.21944949402396,0.5280153853705116,0.6945809763188676,-0.11989883450068883,0.424630930246152,0.7330985030006932,0.5440076346317292
2026,North West,NW372,Madibeng,254448.0,,,,,45467.0,322653.5244137125,92327.7502930773,186475.7497804908,150835.277527969,166410.55857292353,88358.38519712801,0.8088734203000881,0.8923978521004101,0.4738331139632833,0.0339176119766725,B,DC37,3786.148893584893,0.7886106326045952,,,0.001979012525963316,,85.21944949402396,0.4081165508698228,0.6905363900947707,,,0.8287092446523568,0.424630930246152
2011,North West,NW373,Rustenburg,240528.7194863452,106064.3997635974,2202.544010805727,108266.94377440312,0.4501206508961165,,358776.9178667496,101184.99600382424,221402.64203597532,210349.65635266257,203786.57203268877,168052.5393006126,0.950077444507113,0.920434237634688,0.7590358351428617,0.0430191606273097,B,DC37,3397.921368973468,0.6704130268928783,0.4501206508961165,0.30176674803425807,0.06160817068013018,-0.2791002685623409,105.58717489543857,,,,0.5602796783798512,0.6475268252510189,
2016,North West,NW373,Rustenburg,297219.0,145717.0,2731.0,148448.0,0.4994566296232744,,358776.9178667496,101184.99600382424,221402.64203597532,210349.65635266257,203786.57203268877,168052.5393006126,0.950077444507113,0.920434237634688,0.7590358351428617,0.0430191606273097,B,DC37,3397.921368973468,0.8284228588818741,0.4994566296232744,0.4137612890000183,0.1747574760884047,-0.16150909777720698,105.58717489543857,0.4501206508961165,0.6704130268928783,0.04933597872715789,0.5632327906122715,0.7041838168540756,0.5602796783798512
2021,North West,NW373,Rustenburg,288347.0,101712.0,2118.0,103830.0,0.3600869785362774,,358776.9178667496,101184.99600382424,221402.64203597532,210349.65635266257,203786.57203268877,168052.5393006126,0.950077444507113,0.920434237634688,0.7590358351428617,0.0430191606273097,B,DC37,3397.921368973468,0.8036944007281221,0.36008697853627747,0.2893998884247137,0.14380427641028484,-0.2911123889197388,105.58717489543857,0.4994566296232744,0.8284228588818741,-0.13936965108699695,0.44551179059260265,0.68747252940876,0.5632327906122715
2026,North West,NW373,Rustenburg,324493.0,,,,,57651.0,358776.9178667496,101184.99600382424,221402.64203597532,210349.65635266257,203786.57203268877,168052.5393006126,0.950077444507113,0.920434237634688,0.7590358351428617,0.0430191606273097,B,DC37,3397.921368973468,0.9044422420745509,,,0.1390247548911417,,105.58717489543857,0.36008697853627747,0.8036944007281221,,,0.7681923029270464,0.44551179059260265
2011,North West,NW374,Kgetlengrivier,19425.513182629173,10993.841649289014,254.63786206271348,11248.479511351728,0.5790570064017885,,34848.295200385866,11362.215442674422,18745.736492265733,18326.839375291034,17282.431564181825,11925.061470424878,0.9776537391770374,0.9219393205122856,0.6361479302424323,0.0226852175134211,B,DC37,3921.30211632438,0.5574308031692201,0.5790570064017886,0.32278421215931324,-0.12294743406681719,-0.027214999114350977,8.886919234126955,,,,0.5307731999286156,0.6957442319946782,
2016,North West,NW374,Kgetlengrivier,22007.0,12823.0,400.0,13223.0,0.6008542736402054,,34848.295200385866,11362.215442674422,18745.736492265733,18326.839375291034,17282.431564181825,11925.061470424878,0.9776537391770374,0.9219393205122856,0.6361479302424323,0.0226852175134211,B,DC37,3921.30211632438,0.6315086541093213,0.6008542736402054,0.37944467366235995,-0.09665460131772174,0.02332256747437449,8.886919234126955,0.5790570064017886,0.5574308031692201,0.021797267238416795,0.5261697674529269,0.7546419791708333,0.5307731999286156
2021,North West,NW374,Kgetlengrivier,21952.0,10538.0,227.0,10765.0,0.4903881195335277,,34848.295200385866,11362.215442674422,18745.736492265733,18326.839375291034,17282.431564181825,11925.061470424878,0.9776537391770374,0.9219393205122856,0.6361479302424323,0.0226852175134211,B,DC37,3921.30211632438,0.629930384650694,0.4903881195335277,0.30891037676588556,-0.09980550919054836,0.017739160022160753,8.886919234126955,0.6008542736402054,0.6315086541093213,-0.1104661541066777,0.4306842074604934,0.7346855156386175,0.5261697674529269
2026,North West,NW374,Kgetlengrivier,25066.0,,,,,5479.0,34848.295200385866,11362.215442674422,18745.736492265733,18326.839375291034,17282.431564181825,11925.061470424878,0.9776537391770374,0.9219393205122856,0.6361479302424323,0.0226852175134211,B,DC37,3921.30211632438,0.7192891318173421,,,-0.0900302843422083,,8.886919234126955,0.4903881195335277,0.629930384650694,,,0.8387212409824644,0.4306842074604934
2011,North West,NW375,Moses Kotane,120936.26921968612,59723.60053018702,1699.2327001221186,61422.83323030913,0.5078942291392486,,169606.28502685198,46323.64594072948,83665.40131997284,69607.63409243603,80631.69857297758,42004.87963960495,0.8319763366248157,0.96374005623432,0.5020579472147638,0.0227040606178337,B,DC37,5794.479215413797,0.7130412012770608,0.5078942291392486,0.3621495112671366,0.1232533947253468,-0.15834271294940602,29.270324169199736,,,,0.5150766639979832,0.6685085373765653,
2016,North West,NW375,Moses Kotane,126321.0,63733.0,1715.0,65448.0,0.5181086280190942,,169606.28502685198,46323.64594072948,83665.40131997284,69607.63409243603,80631.69857297758,42004.87963960495,0.8319763366248157,0.96374005623432,0.5020579472147638,0.0227040606178337,B,DC37,5794.479215413797,0.7447896166112059,0.5181086280190942,0.38588192642529906,0.06833553762132404,-0.12484493764035491,29.270324169199736,0.5078942291392486,0.7130412012770608,0.010214398879845543,0.5329132297404053,0.7605023517754352,0.5150766639979832
2021,North West,NW375,Moses Kotane,122553.0,48942.0,1033.0,49975.0,0.4077827552161105,,169606.28502685198,46323.64594072948,83665.40131997284,69607.63409243603,80631.69857297758,42004.87963960495,0.8319763366248157,0.96374005623432,0.5020579472147638,0.0227040606178337,B,DC37,5794.479215413797,0.7225734587642049,0.40778275521611057,0.2946529958609021,0.03740426593223964,-0.16672342834288467,29.270324169199736,0.5181086280190942,0.7447896166112059,-0.11032587280298362,0.43051860411053744,0.7558190136839138,0.5329132297404053
2026,North West,NW375,Moses Kotane,137780.0,,,,,25273.0,169606.28502685198,46323.64594072948,83665.40131997284,69607.63409243603,80631.69857297758,42004.87963960495,0.8319763366248157,0.96374005623432,0.5020579472147638,0.0227040606178337,B,DC37,5794.479215413797,0.8123519713799918,,,0.03164001682111607,,29.270324169199736,0.40778275521611057,0.7225734587642049,,,0.8695499981385716,0.43051860411053744
2011,North West,NW381,Ratlou,46721.11971405773,24957.529768063283,998.9811779106988,25956.510945973983,0.555562689953341,,74603.97569658262,24679.99425532815,32686.96301869976,25902.6202953627,30058.426472867337,5902.830464866951,0.7924449965126515,0.9195845590081688,0.1805866902192786,0.0130328586019972,B,DC38,4885.371881381416,0.6262550926786316,0.555562689953341,0.34792396388551944,-0.006528025433966642,-0.06863447257971753,15.270889813097948,,,,0.5419303399048201,0.6734056175016491,
2016,North West,NW381,Ratlou,49958.0,25919.0,673.0,26592.0,0.5322871211817927,,74603.97569658262,24679.99425532815,32686.96301869976,25902.6202953627,30058.426472867337,5902.830464866951,0.7924449965126515,0.9195845590081688,0.1805866902192786,0.0130328586019972,B,DC38,4885.371881381416,0.6696425965712766,0.5322871211817927,0.3564421299496254,-0.03802211496408296,-0.09784681929032925,15.270889813097948,0.555562689953341,0.6262550926786316,-0.02327556877154835,0.5189525647266376,0.7199591681164537,0.5419303399048201
2021,North West,NW381,Ratlou,47187.0,19770.0,520.0,20290.0,0.429991311166211,,74603.97569658262,24679.99425532815,32686.96301869976,25902.6202953627,30058.426472867337,5902.830464866951,0.7924449965126515,0.9195845590081688,0.1805866902192786,0.0130328586019972,B,DC38,4885.371881381416,0.6324998039234723,0.42999131116621103,0.2719694200014252,-0.09573491131682484,-0.1136929963395825,15.270889813097948,0.5322871211817927,0.6696425965712766,-0.10229581001558163,0.41628798617366647,0.7038293813308887,0.5189525647266376
2026,North West,NW381,Ratlou,55985.0,,,,,12784.0,74603.97569658262,24679.99425532815,32686.96301869976,25902.6202953627,30058.426472867337,5902.830464866951,0.7924449965126515,0.9195845590081688,0.1805866902192786,0.0130328586019972,B,DC38,4885.371881381416,0.7504291758886048,,,-0.047648414328795304,,15.270889813097948,0.42999131116621103,0.6324998039234723,,,0.8160304640458486,0.41628798617366647
2011,North West,NW382,Tswaing,49563.67225952139,26586.45104105073,711.6098068517578,27298.06084790249,0.550767519907858,,77353.98373731009,25828.45920442657,34642.18509238628,30272.288521889728,30932.79513506141,10177.64820781107,0.8738562085837658,0.8929227487402309,0.293793482734088,0.0285386462267718,B,DC38,5883.577698238215,0.6407384579937979,0.5507675199078579,0.35289793141882925,0.016335541984812345,-0.07730313231751137,13.147439823982108,,,,0.5616466040144351,0.6390624837409007,
2016,North West,NW382,Tswaing,51737.0,25339.0,669.0,26008.0,0.5026963295127278,,77353.98373731009,25828.45920442657,34642.18509238628,30272.288521889728,30932.79513506141,10177.64820781107,0.8738562085837658,0.8929227487402309,0.293793482734088,0.0285386462267718,B,DC38,5883.577698238215,0.6688343314766572,0.5026963295127278,0.3362205634854147,-0.0392298536645849,-0.1550435953893722,13.147439823982108,0.5507675199078579,0.6407384579937979,-0.04807119039513008,0.5482399873331814,0.6805847373139605,0.5616466040144351
2021,North West,NW382,Tswaing,48900.0,20501.0,473.0,20974.0,0.4289161554192229,,77353.98373731009,25828.45920442657,34642.18509238628,30272.288521889728,30932.79513506141,10177.64820781107,0.8738562085837658,0.8929227487402309,0.293793482734088,0.0285386462267718,B,DC38,5883.577698238215,0.6321587801613648,0.4289161554192229,0.2711431136013183,-0.09627422489072505,-0.11619654031930371,13.147439823982108,0.5026963295127278,0.6688343314766572,-0.0737801740935049,0.4426703710864911,0.6613972942891441,0.5482399873331814
2026,North West,NW382,Tswaing,55662.0,,,,,11947.0,77353.98373731009,25828.45920442657,34642.18509238628,30272.288521889728,30932.79513506141,10177.64820781107,0.8738562085837658,0.8929227487402309,0.293793482734088,0.0285386462267718,B,DC38,5883.577698238215,0.7195750924609794,,,-0.08963280326987755,,13.147439823982108,0.4289161554192229,0.6321587801613648,,,0.7682635361897818,0.4426703710864911
2011,North West,NW383,Mafikeng,122243.17006850864,61882.08311062418,1671.7166264244204,63553.799737048605,0.5198965283821682,,221637.65063678203,74114.69389237168,109581.38163121892,92958.02658378094,105955.81979292596,37298.85317053276,0.8483012825720558,0.966914435788971,0.3403758249376424,0.0815587225924532,B,DC38,3643.766315971836,0.5515451445965729,0.5198965283821682,0.2867464059217992,-0.1335621166423218,-0.13498612059818446,60.82652711982948,,,,0.5519266860235726,0.6530124300016669,
2016,North West,NW383,Mafikeng,134207.0,65482.0,1415.0,66897.0,0.4984613321212753,,221637.65063678203,74114.69389237168,109581.38163121892,92958.02658378094,105955.81979292596,37298.85317053276,0.8483012825720558,0.966914435788971,0.3403758249376424,0.0815587225924532,B,DC38,3643.766315971836,0.6055243755490683,0.49846133212127536,0.30183048686809205,-0.13867142799068385,-0.1635038465845839,60.82652711982948,0.5198965283821682,0.5515451445965729,-0.021435196260892797,0.5187714798563434,0.6809430726592782,0.5519266860235726
2021,North West,NW383,Mafikeng,131902.0,48461.0,1077.0,49538.0,0.3755667086170035,,221637.65063678203,74114.69389237168,109581.38163121892,92958.02658378094,105955.81979292596,37298.85317053276,0.8483012825720558,0.966914435788971,0.3403758249376424,0.0815587225924532,B,DC38,3643.766315971836,0.5951245179735275,0.37556670861700353,0.2235089564325985,-0.15664416436004777,-0.2490218900320478,60.82652711982948,0.49846133212127536,0.6055243755490683,-0.12289462350427183,0.4459187872891292,0.6547123460542459,0.5187714798563434
2026,North West,NW383,Mafikeng,150215.0,,,,,29878.0,221637.65063678203,74114.69389237168,109581.38163121892,92958.02658378094,105955.81979292596,37298.85317053276,0.8483012825720558,0.966914435788971,0.3403758249376424,0.0815587225924532,B,DC38,3643.766315971836,0.6777503712407199,,,-0.1495146555802688,,60.82652711982948,0.37556670861700353,0.5951245179735275,,,0.7555732151311947,0.4459187872891292
2011,North West,NW384,Ditsobotla,70322.526245757,38921.28112380815,974.374928231726,39895.65605203987,0.5673239882284096,,103846.95656315732,31931.51780243217,45328.19612802772,41686.04963485261,40917.07645221885,13392.45401894437,0.91964942785528,0.9026848616841088,0.2954552610282109,0.0327106145374983,B,DC38,6389.092222872556,0.6771746478962863,0.5673239882284096,0.38417742197169014,0.07164340308006842,-0.047685380146574405,16.253788948513158,,,,0.5574162269629886,0.6370621623357678,
2016,North West,NW384,Ditsobotla,72316.0,36076.0,866.0,36942.0,0.5108413075944466,,103846.95656315732,31931.51780243217,45328.19612802772,41686.04963485261,40917.07645221885,13392.45401894437,0.91964942785528,0.9026848616841088,0.2954552610282109,0.0327106145374983,B,DC38,6389.092222872556,0.6963709134414457,0.5108413075944466,0.3557350279931673,0.0011161929262678899,-0.13897087519555332,16.253788948513158,0.5673239882284096,0.6771746478962863,-0.056482680633963,0.5462584654720134,0.6795736864111496,0.5574162269629886
2021,North West,NW384,Ditsobotla,69421.0,30007.0,918.0,30925.0,0.4454703908039354,,103846.95656315732,31931.51780243217,45328.19612802772,41686.04963485261,40917.07645221885,13392.45401894437,0.91964942785528,0.9026848616841088,0.2954552610282109,0.0327106145374983,B,DC38,6389.092222872556,0.668493351153529,0.4454703908039354,0.297793994388195,-0.040388371341930566,-0.07832721637261217,16.253788948513158,0.5108413075944466,0.6963709134414457,-0.06537091679051116,0.4426980426590284,0.66248770347365,0.5462584654720134
2026,North West,NW384,Ditsobotla,80414.0,,,,,16898.0,103846.95656315732,31931.51780243217,45328.19612802772,41686.04963485261,40917.07645221885,13392.45401894437,0.91964942785528,0.9026848616841088,0.2954552610282109,0.0327106145374983,B,DC38,6389.092222872556,0.774351051406057,,,-0.01626836616052089,,16.253788948513158,0.4454703908039354,0.668493351153529,,,0.754912633621638,0.4426980426590284
2011,North West,NW385,Ramotshere Moiloa,66643.27196546287,34765.66738252201,825.341684715889,35591.0090672379,0.5340525460046821,,99783.07503100196,28155.571784562988,49520.98697592106,43904.016676043895,46072.891124870606,17215.80855924888,0.8865739428293635,0.9303710192059168,0.3476467172922026,0.0313197025175695,B,DC38,7322.841928493114,0.6678815214379517,0.5340525460046821,0.35668382695341877,0.057824984867365925,-0.1081216936163033,13.626277339504885,,,,0.5316249560782403,0.6649549258427456,
2016,North West,NW385,Ramotshere Moiloa,68743.0,35582.0,801.0,36383.0,0.5292611611364066,,99783.07503100196,28155.571784562988,49520.98697592106,43904.016676043895,46072.891124870606,17215.80855924888,0.8865739428293635,0.9303710192059168,0.3476467172922026,0.0313197025175695,B,DC38,7322.841928493114,0.6889244491477337,0.5292611611364066,0.36462095389118887,-0.00963463497184101,-0.10354786613215522,13.626277339504885,0.5340525460046821,0.6678815214379517,-0.004791384868275461,0.52704884806133,0.7274536760260841,0.5316249560782403
2021,North West,NW385,Ramotshere Moiloa,68421.0,32107.0,687.0,32794.0,0.4792972917671475,,99783.07503100196,28155.571784562988,49520.98697592106,43904.016676043895,46072.891124870606,17215.80855924888,0.8865739428293635,0.9303710192059168,0.3476467172922026,0.0313197025175695,B,DC38,7322.841928493114,0.6856974489786172,0.4792972917671475,0.328652930267093,-0.01497832794966153,-0.005136942475136636,13.626277339504885,0.5292611611364066,0.6889244491477337,-0.04996386936925912,0.4267824108032977,0.7170716313018641,0.52704884806133
2026,North West,NW385,Ramotshere Moiloa,77625.0,,,,,16316.0,99783.07503100196,28155.571784562988,49520.98697592106,43904.016676043895,46072.891124870606,17215.80855924888,0.8865739428293635,0.9303710192059168,0.3476467172922026,0.0313197025175695,B,DC38,7322.841928493114,0.7779375407691376,,,-0.011647452545656774,,13.626277339504885,0.4792972917671475,0.6856974489786172,,,0.8282425938542687,0.4267824108032977
2011,North West,NW392,Naledi,30520.030463779927,16922.562250574825,447.805158419644,17370.367408994465,0.5691464636514367,,40760.5963072576,12612.12180904456,18253.616019929614,17806.777073011057,16366.857606695929,11201.47134524794,0.9755205244576916,0.8966364576107172,0.6136576628443362,0.0406085123575847,B,DC39,7032.03557872772,0.7487631003657742,0.5691464636514367,0.4261558706858662,0.17213683576974734,-0.044478122127232136,5.79641497130085,,,,0.5501512441543049,0.662342510143617,
2016,North West,NW392,Naledi,32259.0,17705.0,346.0,18051.0,0.559564772621594,,40760.5963072576,12612.12180904456,18253.616019929614,17806.777073011057,16366.857606695929,11201.47134524794,0.9755205244576916,0.8966364576107172,0.6136576628443362,0.0406085123575847,B,DC39,7032.03557872772,0.7914261056641153,0.559564772621594,0.4428541688627343,0.12907026802717153,-0.047870574703087844,5.79641497130085,0.5691464636514367,0.7487631003657742,-0.009581691029842743,0.5416085735501056,0.7098241040513177,0.5501512441543049
2021,North West,NW392,Naledi,31845.0,13355.0,421.0,13776.0,0.4325953838907206,,40760.5963072576,12612.12180904456,18253.616019929614,17806.777073011057,16366.857606695929,11201.47134524794,0.9755205244576916,0.8966364576107172,0.6136576628443362,0.0406085123575847,B,DC39,7032.03557872772,0.7812692375731967,0.43259538389072066,0.33797346574998766,0.11550500292509824,-0.10765515538864492,5.79641497130085,0.559564772621594,0.7914261056641153,-0.12696938873087332,0.4586224539989905,0.6889141577686213,0.5416085735501056
2026,North West,NW392,Naledi,37614.0,,,,,8633.0,40760.5963072576,12612.12180904456,18253.616019929614,17806.777073011057,16366.857606695929,11201.47134524794,0.9755205244576916,0.8966364576107172,0.6136576628443362,0.0406085123575847,B,DC39,7032.03557872772,0.9228029864053453,,,0.15912207082414007,,5.79641497130085,0.43259538389072066,0.7812692375731967,,,0.8034797943413416,0.4586224539989905
2011,North West,NW393,Mamusa,25054.3306127878,14106.144366259256,503.3992583535386,14609.543624612796,0.5831145062465186,,42411.029645171,14128.08070961326,17514.76499295789,15641.12022573333,16384.444800569334,10836.253949488731,0.8930248411567102,0.9354647240289538,0.6186925119375356,0.0271342248741119,B,DC39,3603.3240545235603,0.5907503501424783,0.5831145062465187,0.3444750987382893,-0.06489230104651704,-0.020232352772333994,11.769973780717505,,,,0.562377299905698,0.6603861641331347,
2016,North West,NW393,Mamusa,28290.0,16416.0,347.0,16763.0,0.5925415341109933,,42411.029645171,14128.08070961326,17514.76499295789,15641.12022573333,16384.444800569334,10836.253949488731,0.8930248411567102,0.9354647240289538,0.6186925119375356,0.0271342248741119,B,DC39,3603.3240545235603,0.6670434610214928,0.5925415341109933,0.3952509557123819,-0.04191104432149904,0.00939110580275172,11.769973780717505,0.5831145062465187,0.5907503501424783,0.00942702786447458,0.5564139839436433,0.6978611677734635,0.562377299905698
2021,North West,NW393,Mamusa,28107.0,14045.0,547.0,14592.0,0.5191589283808304,,42411.029645171,14128.08070961326,17514.76499295789,15641.12022573333,16384.444800569334,10836.253949488731,0.8930248411567102,0.9354647240289538,0.6186925119375356,0.0271342248741119,B,DC39,3603.3240545235603,0.6627285457381088,0.5191589283808304,0.34406144161278274,-0.04904934884671736,0.07475205844412403,11.769973780717505,0.5925415341109933,0.6670434610214928,-0.07338260573016286,0.4609424543533273,0.6813300761619612,0.5564139839436433
2026,North West,NW393,Mamusa,33567.0,,,,,8257.0,42411.029645171,14128.08070961326,17514.76499295789,15641.12022573333,16384.444800569334,10836.253949488731,0.8930248411567102,0.9354647240289538,0.6186925119375356,0.0271342248741119,B,DC39,3603.3240545235603,0.7914686410784182,,,0.005596567212299943,,11.769973780717505,0.5191589283808304,0.6627285457381088,,,0.797357696244122,0.4609424543533273
2011,North West,NW394,Greater Taung,86090.15955372048,44615.469972431645,1305.0776935515428,45920.547665983184,0.5334006569859897,,122741.706764363,37043.412668591365,57510.65788537351,54469.52099992086,55345.90147135781,11836.284721193297,0.9471204643230816,0.9623590392874596,0.2058102820660582,0.0221914167713559,B,DC39,5636.522113722362,0.7013928828527258,0.5334006569859897,0.37412342451894126,0.10678238077372196,-0.10934308505136854,21.776142147219275,,,,0.5882555506147885,0.6131389315329923,
2016,North West,NW394,Greater Taung,89546.0,49022.0,1610.0,50632.0,0.5654300582940611,,122741.706764363,37043.412668591365,57510.65788537351,54469.52099992086,55345.90147135781,11836.284721193297,0.9471204643230816,0.9623590392874596,0.2058102820660582,0.0221914167713559,B,DC39,5636.522113722362,0.7295482714111884,0.5654300582940611,0.4125085216323598,0.047659289249629054,-0.037443257785633496,21.776142147219275,0.5334006569859897,0.7013928828527258,0.032029401308071415,0.5736925345436154,0.658946350852901,0.5882555506147885
2021,North West,NW394,Greater Taung,87198.0,41458.0,1005.0,42463.0,0.4869721782609693,,122741.706764363,37043.412668591365,57510.65788537351,54469.52099992086,55345.90147135781,11836.284721193297,0.9471204643230816,0.9623590392874596,0.2058102820660582,0.0221914167713559,B,DC39,5636.522113722362,0.7104186694046949,0.4869721782609693,0.3459541269172637,0.02043964954708973,0.010748994390269927,21.776142147219275,0.5654300582940611,0.7295482714111884,-0.07845788003309184,0.49016205690515835,0.6536004505173474,0.5736925345436154
2026,North West,NW394,Greater Taung,99658.0,,,,,21293.0,122741.706764363,37043.412668591365,57510.65788537351,54469.52099992086,55345.90147135781,11836.284721193297,0.9471204643230816,0.9623590392874596,0.2058102820660582,0.0221914167713559,B,DC39,5636.522113722362,0.8119326562023566,,,0.031123709297385792,,21.776142147219275,0.4869721782609693,0.7104186694046949,,,0.7696233113159304,0.49016205690515835
2011,North West,NW396,Lekwa-Teemane,21960.619119581625,12665.197738570012,255.09058141163737,12920.28831998165,0.5883389830508474,,37433.706401721625,11658.16533697198,16147.114905884926,15645.132254734472,15292.652294763153,13761.60219631408,0.9689119292160668,0.947082645035841,0.8522638425827125,0.0347078622340172,B,DC39,3653.6323856386507,0.586653613294665,0.5883389830508474,0.34515119024888835,-0.07185126077110388,-0.011312644920825603,10.245613803091539,,,,0.5838160107547902,0.6377062743589544,
2016,North West,NW396,Lekwa-Teemane,23709.0,13349.0,485.0,13834.0,0.583491501117719,,37433.706401721625,11658.16533697198,16147.114905884926,15645.132254734472,15292.652294763153,13761.60219631408,0.9689119292160668,0.947082645035841,0.8522638425827125,0.0347078622340172,B,DC39,3653.6323856386507,0.6333596717772406,0.583491501117719,0.3695599856327279,-0.09372778442873135,-0.005999978245468336,10.245613803091539,0.5883389830508474,0.586653613294665,-0.00484748193312845,0.5905524607765466,0.6856568081467957,0.5838160107547902
2021,North West,NW396,Lekwa-Teemane,23665.0,11215.0,181.0,11396.0,0.4815550390872596,,37433.706401721625,11658.16533697198,16147.114905884926,15645.132254734472,15292.652294763153,13761.60219631408,0.9689119292160668,0.947082645035841,0.8522638425827125,0.0347078622340172,B,DC39,3653.6323856386507,0.6321842605174575,0.48155503908725966,0.3044315162838346,-0.09623391881037152,-0.00043746597324024697,10.245613803091539,0.583491501117719,0.6333596717772406,-0.10193646203045931,0.5058391347491862,0.675215844638058,0.5905524607765466
2026,North West,NW396,Lekwa-Teemane,29267.0,,,,,6857.0,37433.706401721625,11658.16533697198,16147.114905884926,15645.132254734472,15292.652294763153,13761.60219631408,0.9689119292160668,0.947082645035841,0.8522638425827125,0.0347078622340172,B,DC39,3653.6323856386507,0.7818354850016661,,,-0.006649350536357138,,10.245613803091539,0.48155503908725966,0.6321842605174575,,,0.7611003368582778,0.5058391347491862
2011,North West,NW397,Kagisano/Molopo,49263.76249004679,25252.87825107891,753.9963648403556,26006.874615919263,0.5279108476778174,,65460.20300803049,22304.78267614885,31655.848732402388,29571.675799710058,29271.73252948359,6632.630409131041,0.9341615209779858,0.9246863913499038,0.2095230636587542,0.0184088075140651,B,DC39,23827.218516005,0.7525757670504511,0.5279108476778174,0.3972929111253873,0.17721586884291468,-0.11968850813868745,2.7472868041252974,,,,0.5579226502565938,0.6806789058891656,
2016,North West,NW397,Ganyesa/Pomfret,53288.0,26382.0,1066.0,27448.0,0.5150878246509533,,65460.20300803049,22304.78267614885,31655.848732402388,29571.675799710058,29271.73252948359,6632.630409131041,0.9341615209779858,0.9246863913499038,0.2095230636587542,0.0184088075140651,B,DC39,23827.218516005,0.8140518597759736,0.5150878246509533,0.4193082016050691,0.1572578267045175,-0.13069244508764308,2.7472868041252974,0.5279108476778174,0.7525757670504511,-0.012823023026864111,0.550991906413528,0.7170821762454878,0.5579226502565938
2021,North West,NW397,Ganyesa/Pomfret,52811.0,21995.0,612.0,22607.0,0.4280736967677188,,65460.20300803049,22304.78267614885,31655.848732402388,29571.675799710058,29271.73252948359,6632.630409131041,0.9341615209779858,0.9246863913499038,0.2095230636587542,0.0184088075140651,B,DC39,23827.218516005,0.8067649896154657,0.42807369676771884,0.3453548715274627,0.14761758909190945,-0.11816262876418193,2.7472868041252974,0.5150878246509533,0.8140518597759736,-0.08701412788323443,0.4643730513293352,0.6941691687744949,0.550991906413528
2026,North West,NW397,Kagisano-Molopo,61794.0,,,,,14693.0,65460.20300803049,22304.78267614885,31655.848732402388,29571.675799710058,29271.73252948359,6632.630409131041,0.9341615209779858,0.9246863913499038,0.2095230636587542,0.0184088075140651,B,DC39,23827.218516005,0.9439934060763495,,,0.18182548931893977,,2.7472868041252974,0.42807369676771884,0.8067649896154657,,,0.8152467118688598,0.4643730513293352
2011,North West,NW403,City of Matlosana,186322.8127311085,103873.26031921702,1631.878805148188,105505.13912436522,0.5662491757068138,,284650.79425339366,81371.32481056554,134121.6601490533,131616.06539851532,121646.7026667392,117571.11156835132,0.9813184928686878,0.9069877492684604,0.8766004792789707,0.048863653525127,B,DC40,3602.9507782039,0.654566284347851,0.5662491757068138,0.3706476189574425,0.03768704518689886,-0.04958170740251461,79.00490785924485,,,,0.558888001060526,0.6935343814958438,
2016,North West,NW403,Matlosana,190132.0,107197.0,1767.0,108964.0,0.5730965855300528,,284650.79425339366,81371.32481056554,134121.6601490533,131616.06539851532,121646.7026667392,117571.11156835132,0.9813184928686878,0.9069877492684604,0.8766004792789707,0.048863653525127,B,DC40,3602.9507782039,0.6679482504122091,0.5730965855300528,0.3827988616220097,-0.04055554597420051,-0.02397560087067001,79.00490785924485,0.5662491757068138,0.654566284347851,0.006847409823239059,0.5404994614648243,0.721755693656839,0.558888001060526
2021,North West,NW403,Matlosana,181905.0,74953.0,1672.0,76625.0,0.4212363596382727,,284650.79425339366,81371.32481056554,134121.6601490533,131616.06539851532,121646.7026667392,117571.11156835132,0.9813184928686878,0.9069877492684604,0.8766004792789707,0.048863653525127,B,DC40,3602.9507782039,0.6390461705090826,0.4212363596382727,0.26918948250602487,-0.08543811583090612,-0.13426389777118014,79.00490785924485,0.5730965855300528,0.6679482504122091,-0.1518602258917801,0.44963122438174374,0.6900854799563456,0.5404994614648243
2026,North West,NW403,Matlosana,202216.0,,,,,36361.0,284650.79425339366,81371.32481056554,134121.6601490533,131616.06539851532,121646.7026667392,117571.11156835132,0.9813184928686878,0.9069877492684604,0.8766004792789707,0.048863653525127,B,DC40,3602.9507782039,0.7104002661590646,,,-0.10246512537481677,,79.00490785924485,0.4212363596382727,0.6390461705090826,,,0.7837980431291562,0.44963122438174374
2011,North West,NW404,Maquassi Hills,35125.99968953526,19471.99982789474,557.99999506806,20029.9998229628,0.5702328759323578,,56257.15761765063,17690.44307926087,26363.29898854083,24231.378838433247,24454.43567937541,13154.16497178498,0.9191330284182472,0.9275939134174698,0.4989574702886242,0.0246325165691171,B,DC40,4670.6147761506245,0.6243827661587102,0.5702328759323578,0.3560435804292822,-0.00952222220405171,-0.04257109683297256,12.044914923173353,,,,0.5684828779749632,0.637565767715097,
2016,North West,NW404,Maquassi Hills,37475.0,20722.0,672.0,21394.0,0.5708872581721147,,56257.15761765063,17690.44307926087,26363.29898854083,24231.378838433247,24454.43567937541,13154.16497178498,0.9191330284182472,0.9275939134174698,0.4989574702886242,0.0246325165691171,B,DC40,4670.6147761506245,0.666137458538116,0.5708872581721147,0.3802893872705658,-0.043270203621721605,-0.027838120637635688,12.044914923173353,0.5702328759323578,0.6243827661587102,0.0006543822397568899,0.5692059121811636,0.6779394582753729,0.5684828779749632
2021,North West,NW404,Maquassi Hills,36602.0,16951.0,423.0,17374.0,0.474673515108464,,56257.15761765063,17690.44307926087,26363.29898854083,24231.378838433247,24454.43567937541,13154.16497178498,0.9191330284182472,0.9275939134174698,0.4989574702886242,0.0246325165691171,B,DC40,4670.6147761506245,0.6506194331530919,0.474673515108464,0.30883181333265447,-0.06748993873619609,-0.014830767136052607,12.044914923173353,0.5708872581721147,0.666137458538116,-0.09621374306365071,0.46320396769021627,0.657216848195115,0.5692059121811636
2026,North West,NW404,Maquassi Hills,42229.0,,,,,9429.0,56257.15761765063,17690.44307926087,26363.29898854083,24231.378838433247,24454.43567937541,13154.16497178498,0.9191330284182472,0.9275939134174698,0.4989574702886242,0.0246325165691171,B,DC40,4670.6147761506245,0.7506422611502628,,,-0.047364503439771076,,12.044914923173353,0.474673515108464,0.6506194331530919,,,0.7547055039254936,0.46320396769021627
2011,North West,NW405,JB Marks,107113.1038257585,61186.20368285124,2489.814302155341,63676.01798500658,0.5944745853746216,,142777.34895885887,42530.05890578976,73327.5356900901,70067.82488911397,63427.39186894404,53599.15613139899,0.955545883680683,0.8649873648694836,0.7309553720437203,0.0732709679298469,B,DC40,6397.169701321589,0.7502107624692137,0.5944745853746216,0.44598123196246453,0.1740683738564549,-0.000937962856360627,22.318830924457508,,,,0.5498849783837915,0.6107837017685106,
2016,North West,NW405,Ventersdorp/Tlokwe,116321.0,65504.0,1169.0,66673.0,0.5731811108914125,,142777.34895885887,42530.05890578976,73327.5356900901,70067.82488911397,63427.39186894404,53599.15613139899,0.955545883680683,0.8649873648694836,0.7309553720437203,0.0732709679298469,B,DC40,6397.169701321589,0.8147020577719073,0.5731811108914125,0.4669718305192216,0.15805622604952246,-0.023828122887321255,22.318830924457508,0.5944745853746216,0.7502107624692137,-0.021293474483209063,0.5471106743566997,0.7003986773797671,0.5498849783837915
2021,North West,NW405,JB Marks,113218.0,51156.0,1013.0,52169.0,0.4607836209789963,,142777.34895885887,42530.05890578976,73327.5356900901,70067.82488911397,63427.39186894404,53599.15613139899,0.955545883680683,0.8649873648694836,0.7309553720437203,0.0732709679298469,B,DC40,6397.169701321589,0.7929689185686144,0.4607836209789963,0.36538708962184496,0.13036920420744202,-0.04452943423331803,22.318830924457508,0.5731811108914125,0.8147020577719073,-0.11239748991241627,0.4314777726717126,0.6721476730391795,0.5471106743566997
2026,North West,NW405,JB Marks,132001.0,,,,,33175.0,142777.34895885887,42530.05890578976,73327.5356900901,70067.82488911397,63427.39186894404,53599.15613139899,0.955545883680683,0.8649873648694836,0.7309553720437203,0.0732709679298469,B,DC40,6397.169701321589,0.9245233992825846,,,0.16098466899623332,,22.318830924457508,0.4607836209789963,0.7929689185686144,,,0.7157344442357608,0.4314777726717126
2011,Gauteng,TSH,City of Tshwane,1326426.9438345532,723471.969365726,10090.999572712615,733562.9689384386,0.5530368425853815,,2668144.513500973,776455.5937584796,1401591.7362530103,1320617.5457467816,1250012.9491002322,1134606.0548797494,0.9422269777911908,0.8918523966486802,0.8095125174703045,0.1451818201505893,A,TSH,6297.833209780937,0.49713459564230966,0.5530368425853815,0.27493374711398333,-0.2374250042074879,-0.07319130607014047,423.6607138717447,,,,0.5565073813612346,0.5787400414497904,
2016,Gauteng,TSH,Tshwane Metro,1512524.0,882274.0,10193.0,892467.0,0.5900514636461967,,2668144.513500973,776455.5937584796,1401591.7362530103,1320617.5457467816,1250012.9491002322,1134606.0548797494,0.9422269777911908,0.8918523966486802,0.8095125174703045,0.1451818201505893,A,TSH,6297.833209780937,0.5668823380242475,0.5900514636461967,0.33448975326638525,-0.2046144815860389,0.005179895099680552,423.6607138717447,0.5530368425853815,0.49713459564230966,0.0370146210608151,0.5543885262833804,0.637841111381684,0.5565073813612346
2021,Gauteng,TSH,City of Tshwane,1526585.0,672603.0,7918.0,680521.0,0.4457799598450135,,2668144.513500973,776455.5937584796,1401591.7362530103,1320617.5457467816,1250012.9491002322,1134606.0548797494,0.9422269777911908,0.8918523966486802,0.8095125174703045,0.1451818201505893,A,TSH,6297.833209780937,0.5721522924546955,0.44577995984501356,0.2550540259556866,-0.19600962042312856,-0.07763253153282003,423.6607138717447,0.5900514636461967,0.5668823380242475,-0.1442715038011831,0.4426387388494305,0.6310727439131625,0.5543885262833804
2026,Gauteng,TSH,City of Tshwane,1684002.0,,,,,281419.0,2668144.513500973,776455.5937584796,1401591.7362530103,1320617.5457467816,1250012.9491002322,1134606.0548797494,0.9422269777911908,0.8918523966486802,0.8095125174703045,0.1451818201505893,A,TSH,6297.833209780937,0.6311509708259233,,,-0.22074860133013496,,423.6607138717447,0.44577995984501356,0.5721522924546955,,,0.7094314086364865,0.4426387388494305
2011,Western Cape,WC011,Matzikama,26629.998850632644,16209.999300366324,183.99999205844563,16393.999292424767,0.6156214795343598,,45023.62559432557,12529.585188458464,20110.855914778287,19749.692863709835,19051.897153788635,17276.966371668623,0.9820413883626378,0.9473439238251672,0.859086577164167,0.0369950815567918,B,DC1,12981.446107471167,0.5914672241319652,0.6156214795343598,0.36411992761620116,-0.06367953938072779,0.034016364893842355,3.4683058591148233,,,,0.6800626780634712,0.8729152492323132,
2016,Western Cape,WC011,Matzikama,30193.0,17979.0,117.0,18096.0,0.5993442188586758,,45023.62559432557,12529.585188458464,20110.855914778287,19749.692863709835,19051.897153788635,17276.966371668623,0.9820413883626378,0.9473439238251672,0.859086577164167,0.0369950815567918,B,DC1,12981.446107471167,0.6706034798718052,0.5993442188586758,0.40192231880767687,-0.03658822385699075,0.0208062244065062,3.4683058591148233,0.6156214795343598,0.5914672241319652,-0.016277260675683913,0.6530747242346719,0.9354208925205686,0.6800626780634712
2021,Western Cape,WC011,Matzikama,31765.0,16878.0,223.0,17101.0,0.5383598300015741,,45023.62559432557,12529.585188458464,20110.855914778287,19749.692863709835,19051.897153788635,17276.966371668623,0.9820413883626378,0.9473439238251672,0.859086577164167,0.0369950815567918,B,DC1,12981.446107471167,0.7055184823676975,0.5383598300015741,0.3798228102304422,0.013518146578257137,0.11106916736172934,3.4683058591148233,0.5993442188586758,0.6706034798718052,-0.06098438885710178,0.6179210064288965,0.9733844614559194,0.6530747242346719
2026,Western Cape,WC011,Matzikama,36323.0,,,,,7682.0,45023.62559432557,12529.585188458464,20110.855914778287,19749.692863709835,19051.897153788635,17276.966371668623,0.9820413883626378,0.9473439238251672,0.859086577164167,0.0369950815567918,B,DC1,12981.446107471167,0.806754221156678,,,0.02472537150316086,,3.4683058591148233,0.5383598300015741,0.7055184823676975,,,1.0340362601780928,0.6179210064288965
2011,Western Cape,WC012,Cederberg,21057.999506835626,12917.999697469017,131.99999690864763,13049.999694377664,0.6197169721720961,,35356.43841907853,10834.188157219776,16216.54745804636,16119.55334825407,14152.37792395586,12537.497801350748,0.9940188187378834,0.872712145453236,0.7731299053504676,0.0406749110916121,B,DC1,8007.479970237145,0.5955916503024415,0.619716972172096,0.3690982541764109,-0.05673052807852151,0.040646948822978965,4.41542639513233,,,,0.6177301127952107,0.6473632770942218,
2016,Western Cape,WC012,Cederberg,24931.0,15329.0,157.0,15486.0,0.6211543861056515,,35356.43841907853,10834.188157219776,16216.54745804636,16119.55334825407,14152.37792395586,12537.497801350748,0.9940188187378834,0.872712145453236,0.7731299053504676,0.0406749110916121,B,DC1,8007.479970237145,0.7051332406418825,0.6211543861056515,0.43799660521359723,0.013620531706326816,0.056549795386148766,4.41542639513233,0.619716972172096,0.5955916503024415,0.0014374139335555647,0.600200329759605,0.7037240193551124,0.6177301127952107
2021,Western Cape,WC012,Cederberg,27147.0,14821.0,80.0,14901.0,0.5489004309868494,,35356.43841907853,10834.188157219776,16216.54745804636,16119.55334825407,14152.37792395586,12537.497801350748,0.9940188187378834,0.872712145453236,0.7731299053504676,0.0406749110916121,B,DC1,8007.479970237145,0.7678092368418911,0.5489004309868494,0.4214508210181979,0.09812649084905947,0.13045906250552652,4.41542639513233,0.6211543861056515,0.7051332406418825,-0.07225395511880217,0.5313842649626657,0.7260413965836723,0.600200329759605
2026,Western Cape,WC012,Cederberg,29712.0,,,,,5732.0,35356.43841907853,10834.188157219776,16216.54745804636,16119.55334825407,14152.37792395586,12537.497801350748,0.9940188187378834,0.872712145453236,0.7731299053504676,0.0406749110916121,B,DC1,8007.479970237145,0.8403561367755651,,,0.06553208262478782,,4.41542639513233,0.5489004309868494,0.7678092368418911,,,0.8190772769953887,0.5313842649626657
2011,Western Cape,WC013,Bergrivier,23212.99980043179,14962.99987135919,146.99999873620268,15109.999870095393,0.65092835910912,,48881.55320776039,12750.35454393658,20970.79410399977,20906.661323293392,20618.301382000947,19260.469595502625,0.996941804855442,0.9831912554073672,0.9184425491941226,0.0579260461699619,B,DC1,4407.053574555485,0.4748826147518265,0.65092835910912,0.3091145611898548,-0.28321816316623105,0.08978366020818285,11.09166303082458,,,,0.6039577491544732,0.5342882742736933,
2016,Western Cape,WC013,Bergrivier,26310.0,16314.0,118.0,16432.0,0.6245534017483847,,48881.55320776039,12750.35454393658,20970.79410399977,20906.661323293392,20618.301382000947,19260.469595502625,0.996941804855442,0.9831912554073672,0.9184425491941226,0.0579260461699619,B,DC1,4407.053574555485,0.5382398527349382,0.6245534017483847,0.3361595309821553,-0.25646196332746857,0.06200697260108779,11.09166303082458,0.65092835910912,0.4748826147518265,-0.02637495736073525,0.6021296396048516,0.6169078432684145,0.6039577491544732
2021,Western Cape,WC013,Bergrivier,27541.0,14919.0,112.0,15031.0,0.5457681275189717,,48881.55320776039,12750.35454393658,20970.79410399977,20906.661323293392,20618.301382000947,19260.469595502625,0.996941804855442,0.9831912554073672,0.9184425491941226,0.0579260461699619,B,DC1,4407.053574555485,0.5634231768974889,0.5457681275189717,0.3074984122561329,-0.2113838297666619,0.12473621243848698,11.09166303082458,0.6245534017483847,0.5382398527349382,-0.07878527422941295,0.4951436661881365,0.6418653097038567,0.6021296396048516
2026,Western Cape,WC013,Bergrivier,32935.0,,,,,5198.0,48881.55320776039,12750.35454393658,20970.79410399977,20906.661323293392,20618.301382000947,19260.469595502625,0.996941804855442,0.9831912554073672,0.9184425491941226,0.0579260461699619,B,DC1,4407.053574555485,0.6737715526349369,,,-0.1554025809334327,,11.09166303082458,0.5457681275189717,0.5634231768974889,,,0.7354298735133932,0.4951436661881365
2011,Western Cape,WC014,Saldanha Bay,47172.99935404928,29435.999596926096,444.9999939065128,29880.99959083261,0.6334343798359232,,104839.81705619513,29445.62862475702,54107.70584358583,53191.5770519744,50537.3259585187,49605.85910304236,0.9830684229292632,0.9340134675939068,0.9167984177049128,0.0716402230804861,B,DC1,2015.369376662591,0.44995308727755706,0.6334343798359232,0.28501575479491836,-0.3371424829861561,0.06254048237619535,52.020149889251385,,,,0.6264653866837228,0.4485484842760063,
2016,Western Cape,WC014,Saldanha Bay,56767.0,35343.0,809.0,36152.0,0.6368488734652175,,104839.81705619513,29445.62862475702,54107.70584358583,53191.5770519744,50537.3259585187,49605.85910304236,0.9830684229292632,0.9340134675939068,0.9167984177049128,0.0716402230804861,B,DC1,2015.369376662591,0.5414641268362034,0.6368488734652175,0.3448308191974637,-0.25048943058381196,0.08150251560216758,52.020149889251385,0.6334343798359232,0.44995308727755706,0.0034144936292942463,0.6074784900375552,0.5148852681236821,0.6264653866837228
2021,Western Cape,WC014,Saldanha Bay,61441.0,31095.0,257.0,31352.0,0.5102781530248531,,104839.81705619513,29445.62862475702,54107.70584358583,53191.5770519744,50537.3259585187,49605.85910304236,0.9830684229292632,0.9340134675939068,0.9167984177049128,0.0716402230804861,B,DC1,2015.369376662591,0.5860464251579822,0.5102781530248531,0.299046687416433,-0.1720158116579828,0.05749797689800953,52.020149889251385,0.6368488734652175,0.5414641268362034,-0.12657072044036433,0.5108439199006123,0.5304050280044723,0.6074784900375552
2026,Western Cape,WC014,Saldanha Bay,76068.0,,,,,13621.0,104839.81705619513,29445.62862475702,54107.70584358583,53191.5770519744,50537.3259585187,49605.85910304236,0.9830684229292632,0.9340134675939068,0.9167984177049128,0.0716402230804861,B,DC1,2015.369376662591,0.7255640283998859,,,-0.0813443691140989,,52.020149889251385,0.5102781530248531,0.5860464251579822,,,0.6301052900907345,0.5108439199006123
2011,Western Cape,WC015,Swartland,42248.86398396565,25161.918993693194,271.9991243257511,25433.918118018944,0.6020024142583256,,100064.96369367874,27388.35795176341,47270.48720323103,46663.95805735084,45807.51827979353,41272.413690693655,0.9871689677478356,0.9690511139191832,0.8731116629547369,0.0659440433013412,B,DC1,3708.244796866829,0.42221435380018607,0.6020024142583256,0.25417406032223083,-0.4007726773535346,0.011645527203376426,26.984454688165584,,,,0.6452320243436132,0.5176648903244292,
2016,Western Cape,WC015,Swartland,49185.0,28755.0,284.0,29039.0,0.5904035783267256,,100064.96369367874,27388.35795176341,47270.48720323103,46663.95805735084,45807.51827979353,41272.413690693655,0.9871689677478356,0.9690511139191832,0.8731116629547369,0.0659440433013412,B,DC1,3708.244796866829,0.49153068351242596,0.5904035783267256,0.29020147440311755,-0.3472418811224227,0.005776469604345588,26.984454688165584,0.6020024142583256,0.42221435380018607,-0.011598835931599938,0.6369693546228611,0.5931924912602441,0.6452320243436132
2021,Western Cape,WC015,Swartland,49771.0,23425.0,262.0,23687.0,0.4759197122822527,,100064.96369367874,27388.35795176341,47270.48720323103,46663.95805735084,45807.51827979353,41272.413690693655,0.9871689677478356,0.9690511139191832,0.8731116629547369,0.0659440433013412,B,DC1,3708.244796866829,0.4973868791114558,0.4759197122822527,0.23671622039969165,-0.3360466698422789,-0.012208829904014352,26.984454688165584,0.5904035783267256,0.49153068351242596,-0.11448386604447292,0.507890621973986,0.6128172121159868,0.6369693546228611
2026,Western Cape,WC015,Swartland,58682.0,,,,,9550.0,100064.96369367874,27388.35795176341,47270.48720323103,46663.95805735084,45807.51827979353,41272.413690693655,0.9871689677478356,0.9690511139191832,0.8731116629547369,0.0659440433013412,B,DC1,3708.244796866829,0.5864390275465321,,,-0.2942249888766823,,26.984454688165584,0.4759197122822527,0.4973868791114558,,,0.709530431332817,0.507890621973986
2011,Western Cape,WC022,Witzenberg,42207.999675548825,21307.999836206272,292.9999977477209,21600.999833954,0.5117750189537529,,69771.27979806044,21008.078711676942,29634.855800154764,28772.54870529995,27787.65460974395,23191.55991193099,0.9709022679013573,0.9376679541527864,0.7825771135289235,0.0550687640964622,B,DC2,10753.153136763209,0.6049480502251323,0.511775018953753,0.309597299870003,-0.04114322287419337,-0.15073081613128436,6.488448449555159,,,,0.6729875207315653,0.626911288164649,
2016,Western Cape,WC022,Witzenberg,46980.0,23816.0,432.0,24248.0,0.5161345253299277,,69771.27979806044,21008.078711676942,29634.855800154764,28772.54870529995,27787.65460974395,23191.55991193099,0.9709022679013573,0.9376679541527864,0.7825771135289235,0.0550687640964622,B,DC2,10753.153136763209,0.673342959108312,0.5161345253299277,0.3475355485836175,-0.032511449736761296,-0.12866242500817796,6.488448449555159,0.511775018953753,0.6049480502251323,0.00435950637617466,0.6413367276484847,0.6909992464169835,0.6729875207315653
2021,Western Cape,WC022,Witzenberg,47098.0,20065.0,245.0,20310.0,0.4312285022718586,,69771.27979806044,21008.078711676942,29634.855800154764,28772.54870529995,27787.65460974395,23191.55991193099,0.9709022679013573,0.9376679541527864,0.7825771135289235,0.0550687640964622,B,DC2,10753.153136763209,0.6750341994057742,0.43122850227185866,0.2910939867920352,-0.03065146654064217,-0.11081988093418682,6.488448449555159,0.5161345253299277,0.673342959108312,-0.08490602305806899,0.5694750092696476,0.7143042446982089,0.6413367276484847
2026,Western Cape,WC022,Witzenberg,53212.0,,,,,8172.0,69771.27979806044,21008.078711676942,29634.855800154764,28772.54870529995,27787.65460974395,23191.55991193099,0.9709022679013573,0.9376679541527864,0.7825771135289235,0.0550687640964622,B,DC2,10753.153136763209,0.7626633788861535,,,-0.03147693879228795,,6.488448449555159,0.43122850227185866,0.6750341994057742,,,0.7873264891307309,0.5694750092696476
2011,Western Cape,WC023,Drakenstein,114988.91121646986,74398.24219440602,673.4138463267618,75071.65604073279,0.6528599605522682,,192053.34437277415,51870.502313552846,83745.6937267212,82693.37941999975,80476.58110549989,76994.80475209384,0.9874344069540416,0.9609638122780488,0.919388225540804,0.1123614997338821,B,DC2,1536.4032959508627,0.5987342297631496,0.6528599605522682,0.39088960562446257,-0.05146800004365313,0.09274672227472401,125.00190859973033,,,,0.6086588742251112,0.5346561779092165,
2016,Western Cape,WC023,Drakenstein,129265.0,82190.0,1329.0,83519.0,0.6461068347967354,,192053.34437277415,51870.502313552846,83745.6937267212,82693.37941999975,80476.58110549989,76994.80475209384,0.9874344069540416,0.9609638122780488,0.919388225540804,0.1123614997338821,B,DC2,1536.4032959508627,0.6730682062432486,0.6461068347967354,0.4348739683381416,-0.03291957598518758,0.09593500453627647,125.00190859973033,0.6528599605522682,0.5987342297631496,-0.006753125755532885,0.59687118088645,0.6039813762377675,0.6086588742251112
2021,Western Cape,WC023,Drakenstein,131182.0,66250.0,573.0,66823.0,0.5093915323748684,,192053.34437277415,51870.502313552846,83745.6937267212,82693.37941999975,80476.58110549989,76994.80475209384,0.9874344069540416,0.9609638122780488,0.919388225540804,0.1123614997338821,B,DC2,1536.4032959508627,0.6830498080021803,0.5093915323748684,0.3479397883865903,-0.018847039671548216,0.05575894143166912,125.00190859973033,0.6461068347967354,0.6730682062432486,-0.1367153024218669,0.47602415392770564,0.6131995869815703,0.59687118088645
2026,Western Cape,WC023,Drakenstein,146369.0,,,,,22965.0,192053.34437277415,51870.502313552846,83745.6937267212,82693.37941999975,80476.58110549989,76994.80475209384,0.9874344069540416,0.9609638122780488,0.919388225540804,0.1123614997338821,B,DC2,1536.4032959508627,0.7621267959588292,,,-0.03218075097356548,,125.00190859973033,0.5093915323748684,0.6830498080021803,,,0.6949646005492648,0.47602415392770564
2011,Western Cape,WC024,Stellenbosch,79380.29595080418,48839.97165732814,793.2940538885662,49633.26571121671,0.6252592676396275,,123222.49847369052,40644.1867917436,67623.99606906314,66509.56783199726,63477.14750438588,57254.18191339071,0.9835202250407128,0.9386778539315812,0.8466548154728695,0.1868251331528608,B,DC2,829.8514786307746,0.6442029412977114,0.6252592676396275,0.40279385928710093,0.021727992879447947,0.04955046344907266,148.48741208125972,,,,0.6283483122671131,0.5367424006960136,
2016,Western Cape,WC024,Stellenbosch,91881.0,55686.0,456.0,56142.0,0.6110294837888138,,123222.49847369052,40644.1867917436,67623.99606906314,66509.56783199726,63477.14750438588,57254.18191339071,0.9835202250407128,0.9386778539315812,0.8466548154728695,0.1868251331528608,B,DC2,829.8514786307746,0.745651168724011,0.6110294837888138,0.4556148487119582,0.06949164152997041,0.040115348465819954,148.48741208125972,0.6252592676396275,0.6442029412977114,-0.014229783850813638,0.6185327562543078,0.6031560471901358,0.6283483122671131
2021,Western Cape,WC024,Stellenbosch,94591.0,42984.0,531.0,43515.0,0.460033195547145,,123222.49847369052,40644.1867917436,67623.99606906314,66509.56783199726,63477.14750438588,57254.18191339071,0.9835202250407128,0.9386778539315812,0.8466548154728695,0.1868251331528608,B,DC2,829.8514786307746,0.7676439057125296,0.46003319554714506,0.3531416789872263,0.09791113926923156,-0.04615934712047612,148.48741208125972,0.6110294837888138,0.745651168724011,-0.15099628824166877,0.4719363789959113,0.6137958487442027,0.6185327562543078
2026,Western Cape,WC024,Stellenbosch,106273.0,,,,,27625.0,123222.49847369052,40644.1867917436,67623.99606906314,66509.56783199726,63477.14750438588,57254.18191339071,0.9835202250407128,0.9386778539315812,0.8466548154728695,0.1868251331528608,B,DC2,829.8514786307746,0.8624480213951397,,,0.091481190326838,,148.48741208125972,0.46003319554714506,0.7676439057125296,,,0.6758838208792393,0.4719363789959113
2011,Western Cape,WC025,Breede Valley,71826.44065542538,43783.24849873576,625.8034468161879,44409.051945551946,0.6182827875127003,,139577.3679211474,42243.77319039986,60896.41008158324,60096.62426276191,57557.00158665724,52749.41910384053,0.9868664537408716,0.9451624736096566,0.8662155787701091,0.0621304687851158,B,DC2,3833.3204278459684,0.514599477875259,0.6182827875127003,0.31816799963329523,-0.20289692459711925,0.03833000927632765,36.41160986888309,,,,0.6266978738692363,0.574748523342267,
2016,Western Cape,WC025,Breede Valley,77483.0,45880.0,512.0,46392.0,0.5987377876437412,,139577.3679211474,42243.77319039986,60896.41008158324,60096.62426276191,57557.00158665724,52749.41910384053,0.9868664537408716,0.9451624736096566,0.8662155787701091,0.0621304687851158,B,DC2,3833.3204278459684,0.5551258141203316,0.5987377876437412,0.332374801810338,-0.2255714669027667,0.01979388758242599,36.41160986888309,0.6182827875127003,0.514599477875259,-0.01954499986895908,0.6113170332998589,0.6486616705130946,0.6266978738692363
2021,Western Cape,WC025,Breede Valley,77739.0,36633.0,454.0,37087.0,0.4770707109687544,,139577.3679211474,42243.77319039986,60896.41008158324,60096.62426276191,57557.00158665724,52749.41910384053,0.9868664537408716,0.9451624736096566,0.8662155787701091,0.0621304687851158,B,DC2,3833.3204278459684,0.5569599223558774,0.4770707109687544,0.2657092661394207,-0.22292153725991729,-0.009793277306459148,36.41160986888309,0.5987377876437412,0.5551258141203316,-0.12166707667498677,0.49731917671242637,0.6661064174102036,0.6113170332998589
2026,Western Cape,WC025,Breede Valley,84836.0,,,,,13123.0,139577.3679211474,42243.77319039986,60896.41008158324,60096.62426276191,57557.00158665724,52749.41910384053,0.9868664537408716,0.9451624736096566,0.8662155787701091,0.0621304687851158,B,DC2,3833.3204278459684,0.6078062744952112,,,-0.25843748799488614,,36.41160986888309,0.4770707109687544,0.5569599223558774,,,0.7433254532881967,0.49731917671242637
2011,Western Cape,WC026,Langeberg,38265.371219434346,23225.155814465823,404.8981147974111,23630.05392926323,0.6175310254735467,,63735.41560466382,17273.886819660023,27644.361887432344,26555.39952308237,26113.60875740832,24325.847460908204,0.9606081569621966,0.9446269320211752,0.8799569170727431,0.0624363306584763,B,DC2,4517.55713639886,0.6003784686489796,0.6175310254735467,0.37075233141704195,-0.04872557238273095,0.03711338242852495,14.108380631455626,,,,0.6700064917188001,0.5205370883855863,
2016,Western Cape,WC026,Langeberg,43290.0,25237.0,337.0,25574.0,0.5907599907599907,,63735.41560466382,17273.886819660023,27644.361887432344,26555.39952308237,26113.60875740832,24325.847460908204,0.9606081569621966,0.9446269320211752,0.8799569170727431,0.0624363306584763,B,DC2,4517.55713639886,0.6792142106441723,0.5907599907599907,0.40125258080420567,-0.02382968966788665,0.006379963402174064,14.108380631455626,0.6175310254735467,0.6003784686489796,-0.026771034713555908,0.6534602901324528,0.586449894416593,0.6700064917188001
2021,Western Cape,WC026,Langeberg,43599.0,20334.0,190.0,20524.0,0.4707447418518773,,63735.41560466382,17273.886819660023,27644.361887432344,26555.39952308237,26113.60875740832,24325.847460908204,0.9606081569621966,0.9446269320211752,0.8799569170727431,0.0624363306584763,B,DC2,4517.55713639886,0.6840623786064973,0.4707447418518773,0.32201876782769673,-0.01736571165853617,-0.02314200048311552,14.108380631455626,0.5907599907599907,0.6792142106441723,-0.12001524890811344,0.5555598439976108,0.6128741907450144,0.6534602901324528
2026,Western Cape,WC026,Langeberg,48541.0,,,,,7348.0,63735.41560466382,17273.886819660023,27644.361887432344,26555.39952308237,26113.60875740832,24325.847460908204,0.9606081569621966,0.9446269320211752,0.8799569170727431,0.0624363306584763,B,DC2,4517.55713639886,0.7616016862757858,,,-0.03286999411622991,,14.108380631455626,0.4707447418518773,0.6840623786064973,,,0.6812987309662156,0.5555598439976108
2011,Western Cape,WC031,Theewaterskloof,48864.75101278335,28844.59135200599,403.1660821834789,29247.75743418947,0.5985451031263427,,100431.86941011768,32317.945445351445,47399.84243665719,45176.12380295956,43482.78636893696,34841.66660707095,0.9530859488263216,0.9173614116343364,0.7350587009573214,0.0376345642327379,B,DC3,3260.5832983280743,0.48654626564046244,0.5985451031263427,0.2912198847435075,-0.258953813764656,0.005885953943224651,30.801810664250173,,,,0.6547355315478587,0.5550655368274248,
2016,Western Cape,WC031,Theewaterskloof,56687.0,32437.0,947.0,33384.0,0.588918094095648,,100431.86941011768,32317.945445351445,47399.84243665719,45176.12380295956,43482.78636893696,34841.66660707095,0.9530859488263216,0.9173614116343364,0.7350587009573214,0.0376345642327379,B,DC3,3260.5832983280743,0.5644323891703767,0.588918094095648,0.33240444687607135,-0.20894564182792305,0.0032572502065408952,30.801810664250173,0.5985451031263427,0.48654626564046244,-0.009627009030694689,0.6349948828457956,0.6340677273900663,0.6547355315478587
2021,Western Cape,WC031,Theewaterskloof,59900.0,25623.0,443.0,26066.0,0.4351585976627712,,100431.86941011768,32317.945445351445,47399.84243665719,45176.12380295956,43482.78636893696,34841.66660707095,0.9530859488263216,0.9173614116343364,0.7350587009573214,0.0376345642327379,B,DC3,3260.5832983280743,0.5964242262124573,0.43515859766277126,0.25953912989071637,-0.15446261910521986,-0.10174744126356643,30.801810664250173,0.588918094095648,0.5644323891703767,-0.15375949643287673,0.5151726806610946,0.6633593779948307,0.6349948828457956
2026,Western Cape,WC031,Theewaterskloof,65978.0,,,,,10784.0,100431.86941011768,32317.945445351445,47399.84243665719,45176.12380295956,43482.78636893696,34841.66660707095,0.9530859488263216,0.9173614116343364,0.7350587009573214,0.0376345642327379,B,DC3,3260.5832983280743,0.6569428647253006,,,-0.18069664089895138,,30.801810664250173,0.43515859766277126,0.5964242262124573,,,0.7432829000422034,0.5151726806610946
2011,Western Cape,WC032,Overstrand,44336.930923812906,30511.61525206455,264.27152080510143,30775.88677286965,0.694136606472692,,95609.39738765382,22624.319195603566,66776.63746020402,66369.79874792244,61216.72939558827,60886.67044035787,0.9939074693222756,0.916738723660214,0.9117959926724926,0.1609289581390146,B,DC3,1674.5952043886832,0.46372984387765004,0.694136606472692,0.3218918601493433,-0.3069836601812604,0.1540528519410262,57.09403510596841,,,,0.6526648675456258,0.5513854950720941,
2016,Western Cape,WC032,Overstrand,53384.0,35624.0,211.0,35835.0,0.6712685448823618,,95609.39738765382,22624.319195603566,66776.63746020402,66369.79874792244,61216.72939558827,60886.67044035787,0.9939074693222756,0.916738723660214,0.9117959926724926,0.1609289581390146,B,DC3,1674.5952043886832,0.5583551560685137,0.6712685448823618,0.3748062531416752,-0.2197710067440488,0.1341394083116638,57.09403510596841,0.694136606472692,0.46372984387765004,-0.02286806159033028,0.6340369433525569,0.6256381576621293,0.6526648675456258
2021,Western Cape,WC032,Overstrand,59979.0,34703.0,276.0,34979.0,0.5831874489404625,,95609.39738765382,22624.319195603566,66776.63746020402,66369.79874792244,61216.72939558827,60886.67044035787,0.9939074693222756,0.916738723660214,0.9117959926724926,0.1609289581390146,B,DC3,1674.5952043886832,0.6273337311897458,0.5831874489404625,0.36585315832684967,-0.10393615623645217,0.1910506612088852,57.09403510596841,0.6712685448823618,0.5583551560685137,-0.08808109594189928,0.4902922075537586,0.6537766359767666,0.6340369433525569
2026,Western Cape,WC032,Overstrand,70030.0,,,,,8798.0,95609.39738765382,22624.319195603566,66776.63746020402,66369.79874792244,61216.72939558827,60886.67044035787,0.9939074693222756,0.916738723660214,0.9117959926724926,0.1609289581390146,B,DC3,1674.5952043886832,0.7324593807035444,,,-0.07188580532434682,,57.09403510596841,0.5831874489404625,0.6273337311897458,,,0.7168877368717917,0.4902922075537586
2011,Western Cape,WC033,Cape Agulhas,17607.950843185376,12459.982002632936,142.80495522773984,12602.786957860675,0.7157441016333939,,28376.09440354106,6747.879917795285,17002.10438200483,16971.021133138354,16836.816555674024,15694.757848726618,0.9981717999038182,0.9902783900970666,0.9231067811428144,0.0877705850069072,B,DC3,3469.978108304101,0.6205205900706362,0.7157441016333937,0.4441339522851309,-0.01572702269678611,0.1847067746314073,8.17760041068658,,,,0.6537237479416481,0.4817379720115553,
2016,Western Cape,WC033,Cape Agulhas,19650.0,13089.0,132.0,13221.0,0.672824427480916,,28376.09440354106,6747.879917795285,17002.10438200483,16971.021133138354,16836.816555674024,15694.757848726618,0.9981717999038182,0.9902783900970666,0.9231067811428144,0.0877705850069072,B,DC3,3469.978108304101,0.6924843045894248,0.672824427480916,0.4659203557749,-0.004480674115307515,0.136454550679776,8.17760041068658,0.7157441016333937,0.6205205900706362,-0.04291967415247777,0.6400540919538832,0.5701444011987716,0.6537237479416481
2021,Western Cape,WC033,Cape Agulhas,21173.0,11941.0,119.0,12060.0,0.5695933500212534,,28376.09440354106,6747.879917795285,17002.10438200483,16971.021133138354,16836.816555674024,15694.757848726618,0.9981717999038182,0.9902783900970666,0.9231067811428144,0.0877705850069072,B,DC3,3469.978108304101,0.7461562433115466,0.5695933500212534,0.4250056342670973,0.06952019779431809,0.16746468697454928,8.17760041068658,0.672824427480916,0.6924843045894248,-0.10323107745966253,0.532600229641384,0.6221226612611751,0.6400540919538832
2026,Western Cape,WC033,Cape Agulhas,23185.0,,,,,3690.0,28376.09440354106,6747.879917795285,17002.10438200483,16971.021133138354,16836.816555674024,15694.757848726618,0.9981717999038182,0.9902783900970666,0.9231067811428144,0.0877705850069072,B,DC3,3469.978108304101,0.8170609975524586,,,0.037420060766427274,,8.17760041068658,0.5695933500212534,0.7461562433115466,,,0.7114489456548378,0.532600229641384
2011,Western Cape,WC034,Swellendam,15902.305397711576,10523.569754673925,106.95497376045878,10630.524728434384,0.6684895342259098,,32129.90640103731,8519.109699153947,15979.440441018796,15788.006946238374,15168.727272705144,13138.536065235132,0.9880200126226564,0.9492652342047864,0.8222150277245542,0.0744682297408268,B,DC3,3833.4897072866297,0.49493780651655345,0.6684895342259098,0.3308607437490443,-0.24185369854774852,0.11640481231794224,8.38137281025311,,,,0.6755335115982225,0.5653315986891452,
2016,Western Cape,WC034,Swellendam,18881.0,12324.0,137.0,12461.0,0.6599756368836396,,32129.90640103731,8519.109699153947,15979.440441018796,15788.006946238374,15168.727272705144,13138.536065235132,0.9880200126226564,0.9492652342047864,0.8222150277245542,0.0744682297408268,B,DC3,3833.4897072866297,0.5876456583574245,0.6599756368836396,0.38783181763634694,-0.16864210265914364,0.11717305601142193,8.38137281025311,0.6684895342259098,0.49493780651655345,-0.00851389734227026,0.652716855671166,0.6409362043711075,0.6755335115982225
2021,Western Cape,WC034,Swellendam,20647.0,11795.0,169.0,11964.0,0.5794546423209183,,32129.90640103731,8519.109699153947,15979.440441018796,15788.006946238374,15168.727272705144,13138.536065235132,0.9880200126226564,0.9492652342047864,0.8222150277245542,0.0744682297408268,B,DC3,3833.4897072866297,0.6426100263813223,0.5794546423209183,0.37236336298862494,-0.07987677252169989,0.18462939111426852,8.38137281025311,0.6599756368836396,0.5876456583574245,-0.08052099456272133,0.5432167891827,0.669863886627691,0.652716855671166
2026,Western Cape,WC034,Swellendam,23935.0,,,,,5209.0,32129.90640103731,8519.109699153947,15979.440441018796,15788.006946238374,15168.727272705144,13138.536065235132,0.9880200126226564,0.9492652342047864,0.8222150277245542,0.0744682297408268,B,DC3,3833.4897072866297,0.7449445915356685,,,-0.054983849877485516,,8.38137281025311,0.5794546423209183,0.6426100263813223,,,0.7390288656604728,0.5432167891827
2011,Western Cape,WC041,Kannaland,13063.529950595332,9199.767386509564,81.84668826014801,9281.614074769712,0.7104981662591687,,22032.50752953881,6015.3509308263365,8849.547071406769,8720.093712888243,8177.566086808994,7245.766072185423,0.985371753212456,0.924066059067704,0.8187725330708477,0.0446766075927183,B,DC4,4765.3629413863355,0.5929207074174903,0.7104981662591687,0.4212690753572159,-0.061225134068973466,0.1773504381245134,4.6234689362672405,,,,0.7000464032885553,0.5377218490624701,
2016,Western Cape,WC041,Kannaland,14735.0,10233.0,151.0,10384.0,0.7047166610111978,,22032.50752953881,6015.3509308263365,8849.547071406769,8720.093712888243,8177.566086808994,7245.766072185423,0.985371753212456,0.924066059067704,0.8187725330708477,0.0446766075927183,B,DC4,4765.3629413863355,0.6687845212463857,0.7047166610111978,0.47130359474872535,-0.03930432963386889,0.1827659582391627,4.6234689362672405,0.7104981662591687,0.5929207074174903,-0.005781505247970942,0.6630889440283428,0.6065677589812992,0.7000464032885553
2021,Western Cape,WC041,Kannaland,14937.0,8996.0,97.0,9093.0,0.6087567784695722,,22032.50752953881,6015.3509308263365,8849.547071406769,8720.093712888243,8177.566086808994,7245.766072185423,0.985371753212456,0.924066059067704,0.8187725330708477,0.0446766075927183,B,DC4,4765.3629413863355,0.6779527922536317,0.6087567784695722,0.412708357766772,-0.02633716434427492,0.2339608111649297,4.6234689362672405,0.7047166610111978,0.6687845212463857,-0.09595988254162557,0.5839855588828828,0.6395096256432236,0.6630889440283428
2026,Western Cape,WC041,Kannaland,16362.0,,,,,3232.0,22032.50752953881,6015.3509308263365,8849.547071406769,8720.093712888243,8177.566086808994,7245.766072185423,0.985371753212456,0.924066059067704,0.8187725330708477,0.0446766075927183,B,DC4,4765.3629413863355,0.7426299515869266,,,-0.05809581737843943,,4.6234689362672405,0.6087567784695722,0.6779527922536317,,,0.7094359944022047,0.5839855588828828
2011,Western Cape,WC042,Hessequa,27158.50378329661,19818.50230210401,152.4806825013534,19970.982984605365,0.7353491614986606,,51603.49342447462,12238.205800879708,23013.203652525237,22895.937436022585,22491.732804617324,21314.860176619037,0.994904394091616,0.977340362698668,0.9262013450387278,0.0828436744487602,B,DC4,5734.146490825348,0.5262919616681575,0.7353491614986606,0.38700835271616485,-0.18042969086734734,0.21172950757721912,8.999332944674567,,,,0.6623708993220271,0.5257931715290431,
2016,Western Cape,WC042,Hessequa,30950.0,21743.0,119.0,21862.0,0.7063651050080776,,51603.49342447462,12238.205800879708,23013.203652525237,22895.937436022585,22491.732804617324,21314.860176619037,0.994904394091616,0.977340362698668,0.9262013450387278,0.0828436744487602,B,DC4,5734.146490825348,0.599765596205178,0.7063651050080776,0.4236534883437028,-0.1482273411749313,0.18510238520812544,8.999332944674567,0.7353491614986606,0.5262919616681575,-0.028984056490583,0.6383494543848917,0.5997732169721693,0.6623708993220271
2021,Western Cape,WC042,Hessequa,33270.0,20918.0,103.0,21021.0,0.6318304779080253,,51603.49342447462,12238.205800879708,23013.203652525237,22895.937436022585,22491.732804617324,21314.860176619037,0.994904394091616,0.977340362698668,0.9262013450387278,0.0828436744487602,B,DC4,5734.146490825348,0.6447237927543221,0.6318304779080253,0.407356142094638,-0.07659282512405459,0.27116312877543053,8.999332944674567,0.7063651050080776,0.599765596205178,-0.07453462710005232,0.5457068065369057,0.6276082005734982,0.6383494543848917
2026,Western Cape,WC042,Hessequa,36995.0,,,,,6087.0,51603.49342447462,12238.205800879708,23013.203652525237,22895.937436022585,22491.732804617324,21314.860176619037,0.994904394091616,0.977340362698668,0.9262013450387278,0.0828436744487602,B,DC4,5734.146490825348,0.716908828161892,,,-0.09334501657444133,,8.999332944674567,0.6318304779080253,0.6447237927543221,,,0.7189620950121975,0.5457068065369057
2011,Western Cape,WC043,Mossel Bay,51663.54297306577,33288.14061197478,306.1411187565168,33594.281730731294,0.6502512177348214,,101912.72138231764,22758.05205269505,57129.2581555964,56639.72287635368,55414.893550388006,52777.50936988333,0.9914310933653396,0.9699914779124356,0.9238262682518876,0.1249244831198554,B,DC4,2001.1137249861715,0.5069390972227501,0.6502512177348214,0.32963776528648425,-0.21789493726700998,0.08874284855162543,50.92800079766676,,,,0.6594966116974387,0.4962648296413687,
2016,Western Cape,WC043,Mossel Bay,59270.0,37454.0,335.0,37789.0,0.6375738147460773,,101912.72138231764,22758.05205269505,57129.2581555964,56639.72287635368,55414.893550388006,52777.50936988333,0.9914310933653396,0.9699914779124356,0.9238262682518876,0.1249244831198554,B,DC4,2001.1137249861715,0.5815760701517646,0.6375738147460773,0.37079767361169286,-0.17902446655027204,0.08264019365162074,50.92800079766676,0.6502512177348214,0.5069390972227501,-0.012677402988744091,0.6202341361016405,0.5555106976243019,0.6594966116974387
2021,Western Cape,WC043,Mossel Bay,64310.0,35240.0,263.0,35503.0,0.5520603327631783,,101912.72138231764,22758.05205269505,57129.2581555964,56639.72287635368,55414.893550388006,52777.50936988333,0.9914310933653396,0.9699914779124356,0.9238262682518876,0.1249244831198554,B,DC4,2001.1137249861715,0.6310301513659521,0.5520603327631783,0.3483667153466863,-0.09806117705215049,0.13619934055564217,50.92800079766676,0.6375738147460773,0.5815760701517646,-0.08551348198289899,0.5291620539066678,0.5791694550860503,0.6202341361016405
2026,Western Cape,WC043,Mossel Bay,79934.0,,,,,10048.0,101912.72138231764,22758.05205269505,57129.2581555964,56639.72287635368,55414.893550388006,52777.50936988333,0.9914310933653396,0.9699914779124356,0.9238262682518876,0.1249244831198554,B,DC4,2001.1137249861715,0.7843378031299333,,,-0.0034538928223441694,,50.92800079766676,0.5520603327631783,0.6310301513659521,,,0.6471061579325659,0.5291620539066678
2011,Western Cape,WC044,George,90600.998966295,55697.99936451804,736.9999915912563,56434.99935610929,0.6228959945254468,,199505.6641216387,55880.26355557768,92670.33948543009,92055.16298140243,87311.5249009013,84395.4368078648,0.9933616677413344,0.9421733575782216,0.9107060282339174,0.0898941081143565,B,DC4,5191.010572872095,0.45412745229657003,0.6228959945254468,0.28287417103957935,-0.32790791924745954,0.04576363338081947,38.43291423142984,,,,0.6686273809924937,0.5914340412563114,
2016,Western Cape,WC044,George,100886.0,60032.0,823.0,60855.0,0.603205598398192,,199505.6641216387,55880.26355557768,92670.33948543009,92055.16298140243,87311.5249009013,84395.4368078648,0.9933616677413344,0.9421733575782216,0.9107060282339174,0.0898941081143565,B,DC4,5191.010572872095,0.5056798785346253,0.603205598398192,0.30502893372940365,-0.318862429105173,0.027228233299737704,38.43291423142984,0.6228959945254468,0.45412745229657003,-0.01969039612725476,0.6378910183030699,0.6551436291474901,0.6686273809924937
2021,Western Cape,WC044,George,106525.0,54070.0,588.0,54658.0,0.513100211218024,,199505.6641216387,55880.26355557768,92670.33948543009,92055.16298140243,87311.5249009013,84395.4368078648,0.9933616677413344,0.9421733575782216,0.9107060282339174,0.0898941081143565,B,DC4,5191.010572872095,0.5339447402107423,0.513100211218024,0.2739671589808848,-0.26512247106197007,0.06301317136580357,38.43291423142984,0.603205598398192,0.5056798785346253,-0.09010538718016803,0.5547776708227925,0.6863630899807159,0.6378910183030699
2026,Western Cape,WC044,George,123788.0,,,,,20101.0,199505.6641216387,55880.26355557768,92670.33948543009,92055.16298140243,87311.5249009013,84395.4368078648,0.9933616677413344,0.9421733575782216,0.9107060282339174,0.0898941081143565,B,DC4,5191.010572872095,0.6204736118395435,,,-0.23781061522615132,,38.43291423142984,0.513100211218024,0.5339447402107423,,,0.7814319780337329,0.5547776708227925
2011,Western Cape,WC045,Oudtshoorn,47516.21798574095,29093.43093864665,378.250436454281,29471.68137510093,0.6202446790682085,,93466.85218494968,26391.049581406936,33412.693516397965,33243.845343645284,30422.196659309797,29768.27449389553,0.9949465860131924,0.9104981807102585,0.8909271106588917,0.0499348154787365,B,DC4,3540.408876689937,0.5083750749593786,0.6202446790682085,0.3153169352144562,-0.21506629814537892,0.041498115352918336,26.400016337190802,,,,0.6911418932331991,0.541859720499379,
2016,Western Cape,WC045,Oudtshoorn,52443.0,28581.0,322.0,28903.0,0.5511317048986518,,93466.85218494968,26391.049581406936,33412.693516397965,33243.845343645284,30422.196659309797,29768.27449389553,0.9949465860131924,0.9104981807102585,0.8909271106588917,0.0499348154787365,B,DC4,3540.408876689937,0.5610866181331026,0.5511317048986518,0.30923262444751565,-0.21489095393856963,-0.06305605507080349,26.400016337190802,0.6202446790682085,0.5083750749593786,-0.06911297416955664,0.6697302316658761,0.606773003001443,0.6911418932331991
2021,Western Cape,WC045,Oudtshoorn,52233.0,22880.0,236.0,23116.0,0.442555472593954,,93466.85218494968,26391.049581406936,33412.693516397965,33243.845343645284,30422.196659309797,29768.27449389553,0.9949465860131924,0.9104981807102585,0.8909271106588917,0.0499348154787365,B,DC4,3540.408876689937,0.5588398322930866,0.442555472593954,0.24731762608479296,-0.2195519152320587,-0.08489217984773033,26.400016337190802,0.5511317048986518,0.5610866181331026,-0.10857623230469782,0.5797819496114016,0.6364090678904123,0.6697302316658761
2026,Western Cape,WC045,Oudtshoorn,56448.0,,,,,10312.0,93466.85218494968,26391.049581406936,33412.693516397965,33243.845343645284,30422.196659309797,29768.27449389553,0.9949465860131924,0.9104981807102585,0.8909271106588917,0.0499348154787365,B,DC4,3540.408876689937,0.603936033796262,,,-0.2648254036978194,,26.400016337190802,0.442555472593954,0.5588398322930866,,,0.7174528189514371,0.5797819496114016
2011,Western Cape,WC047,Bitou,24974.99972222725,17370.999806799184,248.99999723061404,17619.999804029798,0.7055055055055056,,42421.85832030098,10670.659463291053,23151.54715355861,22951.198434389345,22708.28038556825,20773.39529442309,0.9913462060293246,0.9808536870106224,0.8972789229436022,0.0919620144894429,B,DC4,991.8536276826329,0.5887295067004518,0.7055055055055056,0.41535190823070917,-0.06831897324903256,0.17029864646226073,42.77028095306302,,,,0.6331431465944237,0.6064143192722877,
2016,Western Cape,WC047,Bitou,27867.0,18807.0,181.0,18988.0,0.6813794093372089,,42421.85832030098,10670.659463291053,23151.54715355861,22951.198434389345,22708.28038556825,20773.39529442309,0.9913462060293246,0.9808536870106224,0.8972789229436022,0.0919620144894429,B,DC4,991.8536276826329,0.6569019157433811,0.6813794093372089,0.44759943934170593,-0.05723153083351404,0.14908942208266485,42.77028095306302,0.7055055055055056,0.5887295067004518,-0.02412609616829675,0.6106125289020107,0.669096242222701,0.6331431465944237
2021,Western Cape,WC047,Bitou,30863.0,19677.0,207.0,19884.0,0.6442665975439847,,42421.85832030098,10670.659463291053,23151.54715355861,22951.198434389345,22708.28038556825,20773.39529442309,0.9913462060293246,0.9808536870106224,0.8972789229436022,0.0919620144894429,B,DC4,991.8536276826329,0.7275258845798963,0.6442665975439847,0.46872062628346756,0.044234756675202956,0.29065461355062167,42.77028095306302,0.6813794093372089,0.6569019157433811,-0.03711281179322412,0.5282392022556148,0.6967625236929975,0.6106125289020107
2026,Western Cape,WC047,Bitou,35934.0,,,,,6954.0,42421.85832030098,10670.659463291053,23151.54715355861,22951.198434389345,22708.28038556825,20773.39529442309,0.9913462060293246,0.9808536870106224,0.8972789229436022,0.0919620144894429,B,DC4,991.8536276826329,0.8470633164790847,,,0.07348175395695367,,42.77028095306302,0.6442665975439847,0.7275258845798963,,,0.804931195226689,0.5282392022556148
2011,Western Cape,WC048,Knysna,36331.9997254683,23689.99982099372,256.99999805805766,23946.99981905178,0.6591159308598481,,61623.78600446367,15447.927352995295,34111.525015903535,33904.55483794312,31503.49704701086,31972.116019669287,0.9939325439755649,0.923544081723794,0.9372819305136076,0.0921759853717959,B,DC4,1108.7678674674205,0.5895775329811223,0.6591159308598481,0.3885999444649052,-0.06687957519991947,0.10228350989965822,55.57861822350691,,,,0.6642007500154762,0.5214284794985109,
2016,Western Cape,WC048,Knysna,40014.0,25147.0,287.0,25434.0,0.6356275303643725,,61623.78600446367,15447.927352995295,34111.525015903535,33904.55483794312,31503.49704701086,31972.116019669287,0.9939325439755649,0.923544081723794,0.9372819305136076,0.0921759853717959,B,DC4,1108.7678674674205,0.6493271931896819,0.6356275303643725,0.4127302402055873,-0.06882950765085662,0.07958288318741746,55.57861822350691,0.6591159308598481,0.5895775329811223,-0.023488400495475625,0.6422925038677004,0.5812908971390032,0.6642007500154762
2021,Western Cape,WC048,Knysna,42790.0,23542.0,361.0,23903.0,0.5586118251928021,,61623.78600446367,15447.927352995295,34111.525015903535,33904.55483794312,31503.49704701086,31972.116019669287,0.9939325439755649,0.923544081723794,0.9372819305136076,0.0921759853717959,B,DC4,1108.7678674674205,0.694374733757847,0.5586118251928021,0.38788593739223687,-0.0024030449492587268,0.14799682439324682,55.57861822350691,0.6356275303643725,0.6493271931896819,-0.07701570517157041,0.5786834043810043,0.6307353123953193,0.6422925038677004
2026,Western Cape,WC048,Knysna,48931.0,,,,,7494.0,61623.78600446367,15447.927352995295,34111.525015903535,33904.55483794312,31503.49704701086,31972.116019669287,0.9939325439755649,0.923544081723794,0.9372819305136076,0.0921759853717959,B,DC4,1108.7678674674205,0.7940278125147281,,,0.008824797276185606,,55.57861822350691,0.5586118251928021,0.694374733757847,,,0.7337684641593141,0.5786834043810043
2011,Western Cape,WC051,Laingsburg,4149.9995018756845,3084.999629707587,44.999994598652,3129.9996243062387,0.7542168674698794,,8078.940064918956,2382.921743653335,3414.0466083349534,3381.457425502323,2978.9248149487435,2694.5445928663944,0.9904543825637682,0.8725495450695031,0.7892524332526721,0.0617929771418636,B,DC5,8785.153405205809,0.5136811844781665,0.7542168674698794,0.38742701383533995,-0.20468300047081872,0.237064020798299,0.9196128618689375,,,,0.6644678494759529,0.5953275223540305,
2016,Western Cape,WC051,Laingsburg,4494.0,3150.0,63.0,3213.0,0.7149532710280374,,8078.940064918956,2382.921743653335,3414.0466083349534,3381.457425502323,2978.9248149487435,2694.5445928663944,0.9904543825637682,0.8725495450695031,0.7892524332526721,0.0617929771418636,B,DC5,8785.153405205809,0.5562610891884469,0.7149532710280374,0.3977006852608989,-0.22352847816571536,0.19718732083767068,0.9196128618689375,0.7542168674698794,0.5136811844781665,-0.039263596441841964,0.6283285773732515,0.6648319486630035,0.6644678494759529
2021,Western Cape,WC051,Laingsburg,4770.0,3205.0,26.0,3231.0,0.6773584905660377,,8078.940064918956,2382.921743653335,3414.0466083349534,3381.457425502323,2978.9248149487435,2694.5445928663944,0.9904543825637682,0.8725495450695031,0.7892524332526721,0.0617929771418636,B,DC5,8785.153405205809,0.5904239865217827,0.6773584905660377,0.3999287003043773,-0.1645739218775063,0.3407426626914206,0.9196128618689375,0.7149532710280374,0.5562610891884469,-0.03759478046199971,0.5544629214329363,0.6788545576853904,0.6283285773732515
2026,Western Cape,WC051,Laingsburg,5285.0,,,,,1333.0,8078.940064918956,2382.921743653335,3414.0466083349534,3381.457425502323,2978.9248149487435,2694.5445928663944,0.9904543825637682,0.8725495450695031,0.7892524332526721,0.0617929771418636,B,DC5,8785.153405205809,0.654169972487971,,,-0.18492647725307076,,0.9196128618689375,0.6773584905660377,0.5904239865217827,,,0.7437223990620198,0.5544629214329363
2011,Western Cape,WC052,Prince Albert,6565.999865107251,5219.999892759649,61.999998726264025,5281.9998914859125,0.8044471519951264,,11268.879813048708,3403.3236620043845,4869.856827459717,4854.337354056973,4687.642188993705,4428.563388442089,0.9968131561249944,0.9625831631356064,0.9093826667491942,0.0525725166775723,B,DC5,8152.912941602698,0.5826665981035848,0.8044471519951264,0.4687244854071177,-0.07867065994557242,0.3015393452843839,1.3821906223904157,,,,0.6662823443541278,0.5260602731555596,
2016,Western Cape,WC052,Prince Albert,7386.0,5506.0,73.0,5579.0,0.7553479555916599,,11268.879813048708,3403.3236620043845,4869.856827459717,4854.337354056973,4687.642188993705,4428.563388442089,0.9968131561249944,0.9625831631356064,0.9093826667491942,0.0525725166775723,B,DC5,8152.912941602698,0.6554333813594712,0.7553479555916599,0.4950802646364053,-0.05946957929586283,0.2521486469001065,1.3821906223904157,0.8044471519951264,0.5826665981035848,-0.049099196403466494,0.6324500621228273,0.5777794492485838,0.6662823443541278
2021,Western Cape,WC052,Prince Albert,8073.0,5586.0,81.0,5667.0,0.7019695280564846,,11268.879813048708,3403.3236620043845,4869.856827459717,4854.337354056973,4687.642188993705,4428.563388442089,0.9968131561249944,0.9625831631356064,0.9093826667491942,0.0525725166775723,B,DC5,8152.912941602698,0.7163977373023301,0.7019695280564846,0.5028893815548501,0.0288206898377407,0.376431997523913,1.3821906223904157,0.7553479555916599,0.6554333813594712,-0.0533784275351753,0.5477600563498213,0.5898112606673078,0.6324500621228273
2026,Western Cape,WC052,Prince Albert,8734.0,,,,,2283.0,11268.879813048708,3403.3236620043845,4869.856827459717,4854.337354056973,4687.642188993705,4428.563388442089,0.9968131561249944,0.9625831631356064,0.9093826667491942,0.0525725166775723,B,DC5,8152.912941602698,0.7750548541556487,,,-0.01535988530928411,,1.3821906223904157,0.7019695280564846,0.7163977373023301,,,0.6504812243868296,0.5477600563498213
2011,Western Cape,WC053,Beaufort West,23811.999890745028,15406.999929309117,461.999997880237,15868.999927189354,0.6664286914160928,,47715.16308433921,14025.46476874811,19325.50998885897,19294.30651230648,18630.787527086497,17919.933731412024,0.9983853737070596,0.964051532809588,0.9272683485063392,0.0381491399122959,B,DC5,21916.619361079047,0.499044713494031,0.6664286914160928,0.3325777153719461,-0.23359011188415754,0.11331721577840613,2.1771224064362267,,,,0.7203034861582733,0.6749378707109833,
2016,Western Cape,WC053,Beaufort West,26027.0,15708.0,156.0,15864.0,0.609520882160833,,47715.16308433921,14025.46476874811,19325.50998885897,19294.30651230648,18630.787527086497,17919.933731412024,0.9983853737070596,0.964051532809588,0.9272683485063392,0.0381491399122959,B,DC5,21916.619361079047,0.5454660178777095,0.609520882160833,0.33247292840557824,-0.2431257391006966,0.03764334495281879,2.1771224064362267,0.6664286914160928,0.499044713494031,-0.056907809255259845,0.6749999460905713,0.7377731566263586,0.7203034861582733
2021,Western Cape,WC053,Beaufort West,26878.0,15108.0,315.0,15423.0,0.5738150159982142,,47715.16308433921,14025.46476874811,19325.50998885897,19294.30651230648,18630.787527086497,17919.933731412024,0.9983853737070596,0.964051532809588,0.9272683485063392,0.0381491399122959,B,DC5,21916.619361079047,0.5633010192691081,0.5738150159982142,0.32323058338371363,-0.21160066655649043,0.17484907436591404,2.1771224064362267,0.609520882160833,0.5454660178777095,-0.03570586616261884,0.6148355707477001,0.7535829874666824,0.6749999460905713
2026,Western Cape,WC053,Beaufort West,29410.0,,,,,7163.0,47715.16308433921,14025.46476874811,19325.50998885897,19294.30651230648,18630.787527086497,17919.933731412024,0.9983853737070596,0.964051532809588,0.9272683485063392,0.0381491399122959,B,DC5,21916.619361079047,0.6163659117755961,,,-0.24445289191297478,,2.1771224064362267,0.5738150159982142,0.5633010192691081,,,0.8189887952690921,0.6148355707477001
