{
"type": "FeatureCollection",
"name": "municipalities",
"crs": { "type": "name", "properties": { "name": "urn:ogc:def:crs:OGC:1.3:CRS84" } },
"xy_coordinate_resolution": 0.0001,
"features": [
{ "type": "Feature", "properties": { "muni_code": "BUF" }, "geometry": { "type": "Polygon", "coordinates": [ [ [ 27.2933, -32.6757 ], [ 27.3873, -32.6798 ], [ 27.3713, -32.6998 ], [ 27.3825, -32.7253 ], [ 27.4699, -32.7722 ], [ 27.5153, -32.7159 ], [ 27.5536, -32.725 ], [ 27.5192, -32.7466 ], [ 27.5364, -32.7926 ], [ 27.6076, -32.81 ], [ 27.6114, -32.8208 ], [ 27.6473, -32.8116 ], [ 27.6565, -32.8413 ], [ 27.7159, -32.8086 ], [ 27.7078, -32.7783 ], [ 27.763, -32.7783 ], [ 27.7873, -32.7598 ], [ 27.7831, -32.7487 ], [ 27.8152, -32.7611 ], [ 27.8103, -32.781 ], [ 27.8327, -32.7819 ], [ 27.8276, -32.8155 ], [ 27.8448, -32.794 ], [ 27.8566, -32.803 ], [ 27.8644, -32.7863 ], [ 27.8829, -32.7855 ], [ 27.8997, -32.7565 ], [ 27.9498, -32.74 ], [ 27.9698, -32.7878 ], [ 27.9872, -32.7939 ], [ 27.9884, -32.7733 ], [ 27.9994, -32.7898 ], [ 27.979, -32.8123 ], [ 28.0116, -32.8257 ], [ 27.9915, -32.8556 ], [ 28.0228, -32.8824 ], [ 28.0667, -32.8923 ], [ 28.0656, -32.9045 ], [ 28.081, -32.9121 ], [ 27.9608, -32.9788 ], [ 27.9033, -33.0427 ], [ 27.7285, -33.121 ], [ 27.6031, -33.222 ], [ 27.4989, -33.2803 ], [ 27.4792, -33.272 ], [ 27.4644, -33.2839 ], [ 27.4355, -33.2396 ], [ 27.4128, -33.2334 ], [ 27.4335, -33.2099 ], [ 27.4305, -33.1969 ], [ 27.3772, -33.1843 ], [ 27.3909, -33.1561 ], [ 27.3693, -33.1512 ], [ 27.3595, -33.1327 ], [ 27.3778, -33.1113 ], [ 27.4421, -33.0895 ], [ 27.4374, -33.0587 ], [ 27.4878, -33.0191 ], [ 27.471, -33.0086 ], [ 27.4739, -32.9968 ], [ 27.4399, -32.9898 ], [ 27.4179, -33.0058 ], [ 27.4014, -32.9775 ], [ 27.3328, -32.9674 ], [ 27.318, -32.9713 ], [ 27.3244, -33.0036 ], [ 27.2906, -33.0231 ], [ 27.2749, -32.9953 ], [ 27.2402, -32.9892 ], [ 27.2292, -32.9677 ], [ 27.2589, -32.9318 ], [ 27.2826, -32.9283 ], [ 27.2359, -32.9206 ], [ 27.2317, -32.896 ], [ 27.2201, -32.8965 ], [ 27.2333, -32.8526 ], [ 27.2162, -32.8549 ], [ 27.1576, -32.8385 ], [ 27.1773, -32.8174 ], [ 27.1682, -32.8117 ], [ 27.1695, -32.8092 ], [ 27.2154, -32.7926 ], [ 27.2127, -32.7654 ], [ 27.2407, -32.7536 ], [ 27.2306, -32.7174 ], [ 27.2596, -32.6896 ], [ 27.2933, -32.6757 ] ] ] } },
{ "type": "Feature", "properties": { "muni_code": "NMA" }, "geometry": { "type": "Polygon", "coordinates": [ [ [ 25.3463, -33.5571 ], [ 25.5076, -33.5718 ], [ 25.4938, -33.6116 ], [ 25.5558, -33.6281 ], [ 25.558, -33.5962 ], [ 25.6317, -33.5916 ], [ 25.6271, -33.6089 ], [ 25.6681, -33.6144 ], [ 25.6793, -33.6284 ], [ 25.6881, -33.6016 ], [ 25.7017, -33.6278 ], [ 25.7354, -33.6281 ], [ 25.7385, -33.6568 ], [ 25.7801, -33.6923 ], [ 25.8498, -33.6654 ], [ 25.8619, -33.6841 ], [ 25.8682, -33.6995 ], [ 25.849, -33.7225 ], [ 25.704, -33.7905 ], [ 25.631, -33.8642 ], [ 25.6125, -33.9483 ], [ 25.672, -33.9836 ], [ 25.704, -34.0319 ], [ 25.6597, -34.0265 ], [ 25.6281, -34.0494 ], [ 25.5811, -34.0508 ], [ 25.4681, -34.0294 ], [ 25.4078, -34.0358 ], [ 25.2215, -33.9708 ], [ 25.2244, -33.9394 ], [ 25.2087, -33.9217 ], [ 25.1923, -33.922 ], [ 25.2126, -33.8826 ], [ 25.262, -33.8863 ], [ 25.2195, -33.8765 ], [ 25.2512, -33.8662 ], [ 25.2248, -33.8521 ], [ 25.2733, -33.7734 ], [ 25.305, -33.762 ], [ 25.285, -33.7533 ], [ 25.3017, -33.7263 ], [ 25.2404, -33.6931 ], [ 25.2491, -33.6837 ], [ 25.2737, -33.6893 ], [ 25.2658, -33.6979 ], [ 25.3008, -33.7039 ], [ 25.2921, -33.7143 ], [ 25.3273, -33.7264 ], [ 25.3372, -33.7105 ], [ 25.3503, -33.716 ], [ 25.3521, -33.7031 ], [ 25.3306, -33.689 ], [ 25.3478, -33.6709 ], [ 25.3081, -33.6379 ], [ 25.3362, -33.6367 ], [ 25.3211, -33.6216 ], [ 25.3463, -33.5571 ] ] ] } },
{ "type": "Feature", "properties": { "muni_code": "EC101" }, "geometry": { "type": "Polygon", "coordinates": [ [ [ 24.4996, -33.7785 ], [ 24.3546, -33.7335 ], [ 24.3688, -33.7046 ], [ 24.3228, -33.7203 ], [ 24.291, -33.7119 ], [ 24.2628, -33.7443 ], [ 24.1877, -33.7648 ], [ 24.0572, -33.7259 ], [ 24.0607, -33.6984 ], [ 23.8428, -33.6504 ], [ 23.7671, -33.6092 ], [ 23.7116, -33.6142 ], [ 23.6469, -33.5783 ], [ 23.5962, -33.5725 ], [ 23.604, -33.4964 ], [ 23.5142, -33.4627 ], [ 23.4956, -33.4434 ], [ 23.3549, -33.4412 ], [ 23.3641, -33.4618 ], [ 23.2971, -33.3886 ], [ 23.1348, -33.3876 ], [ 23.1129, -33.4008 ], [ 22.9348, -33.4291 ], [ 22.7744, -33.4197 ], [ 22.7845, -33.4155 ], [ 22.7357, -33.3948 ], [ 22.7393, -33.324 ], [ 22.7734, -33.3263 ], [ 22.7739, -33.309 ], [ 22.7903, -33.3073 ], [ 22.8402, -33.2202 ], [ 22.8772, -33.1869 ], [ 22.8923, -33.1416 ], [ 22.9553, -33.0731 ], [ 22.9578, -33.0451 ], [ 22.9341, -33.0217 ], [ 22.9693, -32.9934 ], [ 22.9488, -32.95 ], [ 23.0037, -32.8983 ], [ 23.0074, -32.8728 ], [ 23.098, -32.8737 ], [ 23.1164, -32.858 ], [ 23.0893, -32.7992 ], [ 23.1493, -32.7667 ], [ 23.1875, -32.7674 ], [ 23.2011, -32.7854 ], [ 23.3786, -32.825 ], [ 23.3977, -32.7635 ], [ 23.3516, -32.7638 ], [ 23.3535, -32.7294 ], [ 23.3329, -32.7036 ], [ 23.2696, -32.6715 ], [ 23.3013, -32.6518 ], [ 23.3073, -32.6116 ], [ 23.2882, -32.5512 ], [ 23.2445, -32.5132 ], [ 23.2475, -32.4653 ], [ 23.2216, -32.425 ], [ 23.3073, -32.3959 ], [ 23.3331, -32.3511 ], [ 23.4099, -32.3892 ], [ 23.449, -32.3233 ], [ 23.6651, -32.3442 ], [ 23.6784, -32.3291 ], [ 23.6489, -32.298 ], [ 23.6705, -32.2377 ], [ 23.7471, -32.2007 ], [ 23.7662, -32.1787 ], [ 23.8511, -32.2425 ], [ 23.8923, -32.2549 ], [ 23.9611, -32.2065 ], [ 24.0305, -32.1935 ], [ 24.044, -32.1819 ], [ 24.038, -32.1581 ], [ 24.1001, -32.164 ], [ 24.1129, -32.1509 ], [ 24.1022, -32.1488 ], [ 24.1355, -32.1231 ], [ 24.1354, -32.0979 ], [ 24.1097, -32.0843 ], [ 24.0979, -32.1108 ], [ 24.1029, -32.0699 ], [ 24.1411, -32.0514 ], [ 24.1286, -32.0413 ], [ 24.1409, -32.0117 ], [ 24.1894, -32.0122 ], [ 24.183, -31.9959 ], [ 24.2224, -31.9556 ], [ 24.1642, -31.9024 ], [ 24.1054, -31.9069 ], [ 24.1236, -31.8472 ], [ 24.1533, -31.8549 ], [ 24.1548, -31.8225 ], [ 24.1837, -31.8133 ], [ 24.1543, -31.7983 ], [ 24.1474, -31.7673 ], [ 24.1616, -31.7401 ], [ 24.285, -31.7652 ], [ 24.3153, -31.7501 ], [ 24.3407, -31.7138 ], [ 24.4233, -31.7116 ], [ 24.4126, -31.6885 ], [ 24.4413, -31.7126 ], [ 24.5063, -31.7068 ], [ 24.5104, -31.7542 ], [ 24.5507, -31.7612 ], [ 24.5772, -31.7306 ], [ 24.6165, -31.7262 ], [ 24.6416, -31.6904 ], [ 24.6279, -31.7123 ], [ 24.6559, -31.7162 ], [ 24.6421, -31.7282 ], [ 24.7044, -31.7443 ], [ 24.6994, -31.7663 ], [ 24.7276, -31.7842 ], [ 24.7719, -31.7928 ], [ 24.7629, -31.8057 ], [ 24.8019, -31.785 ], [ 24.8485, -31.8166 ], [ 24.8556, -31.8349 ], [ 24.8959, -31.8334 ], [ 24.9046, -31.8686 ], [ 24.9172, -31.8635 ], [ 24.9439, -31.9283 ], [ 24.9232, -31.9437 ], [ 24.9507, -32.0073 ], [ 24.938, -32.0533 ], [ 24.9671, -32.1075 ], [ 24.9511, -32.1227 ], [ 24.9383, -32.1736 ], [ 24.9155, -32.1721 ], [ 24.904, -32.2219 ], [ 24.9224, -32.2398 ], [ 24.9496, -32.2412 ], [ 24.9292, -32.2625 ], [ 24.922, -32.3102 ], [ 24.9062, -32.3049 ], [ 24.8602, -32.3297 ], [ 24.8231, -32.3302 ], [ 24.828, -32.3498 ], [ 24.8149, -32.3456 ], [ 24.8065, -32.3581 ], [ 24.8259, -32.3691 ], [ 24.8233, -32.3831 ], [ 24.8138, -32.3805 ], [ 24.7952, -32.4092 ], [ 24.7614, -32.3776 ], [ 24.7018, -32.3822 ], [ 24.6946, -32.3541 ], [ 24.6714, -32.3794 ], [ 24.6966, -32.4078 ], [ 24.5898, -32.4438 ], [ 24.564, -32.4783 ], [ 24.5566, -32.5156 ], [ 24.5774, -32.5236 ], [ 24.566, -32.5663 ], [ 24.5453, -32.562 ], [ 24.4926, -32.6053 ], [ 24.4399, -32.581 ], [ 24.4566, -32.6408 ], [ 24.4137, -32.737 ], [ 24.4718, -32.7654 ], [ 24.5429, -32.7167 ], [ 24.6052, -32.7036 ], [ 24.6662, -32.7077 ], [ 24.691, -32.6917 ], [ 24.7833, -32.7041 ], [ 24.7841, -32.7231 ], [ 24.9108, -32.7432 ], [ 24.9122, -32.7635 ], [ 24.9338, -32.7635 ], [ 24.9338, -32.7829 ], [ 24.9775, -32.7869 ], [ 24.9925, -32.8003 ], [ 24.989, -32.8375 ], [ 25.0441, -32.8345 ], [ 25.0874, -32.871 ], [ 25.0737, -32.8918 ], [ 25.0364, -32.8955 ], [ 25.0162, -32.9149 ], [ 25.0559, -32.9463 ], [ 25.1016, -32.9512 ], [ 25.0939, -32.9912 ], [ 25.0716, -32.9933 ], [ 25.0783, -33.0431 ], [ 25.099, -33.041 ], [ 25.1137, -33.1157 ], [ 25.174, -33.1196 ], [ 25.1659, -33.2242 ], [ 25.1783, -33.2517 ], [ 25.1319, -33.2502 ], [ 25.1348, -33.2951 ], [ 24.9778, -33.2566 ], [ 24.972, -33.2709 ], [ 24.8803, -33.2575 ], [ 24.8807, -33.2777 ], [ 24.8717, -33.275 ], [ 24.8389, -33.3513 ], [ 24.8502, -33.3776 ], [ 24.8418, -33.4088 ], [ 24.798, -33.4834 ], [ 24.8088, -33.5069 ], [ 24.8044, -33.5382 ], [ 24.7019, -33.5145 ], [ 24.6731, -33.5716 ], [ 24.6461, -33.5708 ], [ 24.6342, -33.5968 ], [ 24.7307, -33.6204 ], [ 24.7139, -33.6343 ], [ 24.6711, -33.6308 ], [ 24.5984, -33.6572 ], [ 24.5632, -33.6343 ], [ 24.5353, -33.6629 ], [ 24.5462, -33.6894 ], [ 24.5367, -33.7265 ], [ 24.5053, -33.7441 ], [ 24.4996, -33.7785 ] ] ] } },
{ "type": "Feature", "properties": { "muni_code": "EC104" }, "geometry": { "type": "Polygon", "coordinates": [ [ [ 26.1357, -32.9602 ], [ 26.3586, -32.9345 ], [ 26.3627, -32.9635 ], [ 26.3881, -32.9734 ], [ 26.4385, -32.9445 ], [ 26.455, -32.9644 ], [ 26.4662, -32.95 ], [ 26.485, -32.9818 ], [ 26.4955, -32.9769 ], [ 26.497, -32.9493 ], [ 26.5128, -32.9426 ], [ 26.5207, -32.9923 ], [ 26.5421, -32.9789 ], [ 26.5732, -32.9893 ], [ 26.5885, -32.9581 ], [ 26.5957, -32.9904 ], [ 26.5857, -33.0167 ], [ 26.624, -32.9973 ], [ 26.6272, -33.0227 ], [ 26.641, -33.0321 ], [ 26.6365, -33.0488 ], [ 26.667, -33.0297 ], [ 26.6906, -33.0564 ], [ 26.7143, -33.0404 ], [ 26.7365, -33.0556 ], [ 26.7506, -33.0298 ], [ 26.7785, -33.0352 ], [ 26.784, -32.9953 ], [ 26.7984, -32.9912 ], [ 26.7957, -33.0466 ], [ 26.775, -33.0882 ], [ 26.8133, -33.0359 ], [ 26.8256, -33.0397 ], [ 26.8378, -33.0808 ], [ 26.8548, -33.076 ], [ 26.8614, -33.0445 ], [ 26.8768, -33.065 ], [ 26.8487, -33.131 ], [ 26.8347, -33.1214 ], [ 26.8204, -33.1294 ], [ 26.8376, -33.1746 ], [ 26.8657, -33.1814 ], [ 26.84, -33.1948 ], [ 26.8427, -33.2045 ], [ 26.8726, -33.2032 ], [ 26.8852, -33.1693 ], [ 26.8963, -33.1714 ], [ 26.9, -33.1997 ], [ 26.9194, -33.2009 ], [ 26.9279, -33.1947 ], [ 26.9216, -33.1687 ], [ 26.9443, -33.1655 ], [ 26.96, -33.1729 ], [ 26.9571, -33.1918 ], [ 26.9792, -33.2207 ], [ 26.9591, -33.2352 ], [ 26.9905, -33.235 ], [ 27.0079, -33.2582 ], [ 26.9298, -33.2642 ], [ 26.9439, -33.2727 ], [ 26.9091, -33.2941 ], [ 26.8902, -33.2836 ], [ 26.8841, -33.308 ], [ 26.8018, -33.2846 ], [ 26.7909, -33.3133 ], [ 26.7662, -33.3037 ], [ 26.7566, -33.3262 ], [ 26.7972, -33.3463 ], [ 26.7918, -33.354 ], [ 26.7349, -33.3383 ], [ 26.716, -33.3652 ], [ 26.7257, -33.3654 ], [ 26.7277, -33.3863 ], [ 26.6939, -33.3959 ], [ 26.6797, -33.3862 ], [ 26.6732, -33.4076 ], [ 26.6177, -33.425 ], [ 26.6543, -33.4684 ], [ 26.6314, -33.4909 ], [ 26.5935, -33.4918 ], [ 26.5358, -33.5727 ], [ 26.5039, -33.5715 ], [ 26.5242, -33.5609 ], [ 26.5082, -33.5547 ], [ 26.5127, -33.5438 ], [ 26.463, -33.5456 ], [ 26.4553, -33.53 ], [ 26.4155, -33.5408 ], [ 26.4146, -33.5576 ], [ 26.3807, -33.5626 ], [ 26.3295, -33.5276 ], [ 26.2638, -33.5204 ], [ 26.2451, -33.5028 ], [ 26.2193, -33.522 ], [ 26.2311, -33.5294 ], [ 26.1667, -33.5131 ], [ 26.16, -33.5296 ], [ 26.1093, -33.5413 ], [ 26.1321, -33.4816 ], [ 26.0911, -33.4869 ], [ 26.0842, -33.4755 ], [ 26.0512, -33.4748 ], [ 26.0485, -33.4438 ], [ 26.0619, -33.4323 ], [ 26.0364, -33.4229 ], [ 26.0367, -33.3949 ], [ 26.0632, -33.3331 ], [ 25.9879, -33.3066 ], [ 26.0165, -33.2504 ], [ 25.9708, -33.2329 ], [ 25.9834, -33.2045 ], [ 25.9688, -33.2004 ], [ 25.9819, -33.1796 ], [ 25.9482, -33.1727 ], [ 25.9626, -33.11 ], [ 26.0148, -33.0759 ], [ 26.0215, -33.0819 ], [ 26.0353, -33.0587 ], [ 26.0243, -33.0527 ], [ 26.1357, -32.9602 ] ] ] } },
{ "type": "Feature", "properties": { "muni_code": "EC105" }, "geometry": { "type": "Polygon", "coordinates": [ [ [ 26.9298, -33.2642 ], [ 26.9891, -33.2721 ], [ 27.0033, -33.2951 ], [ 26.9853, -33.3562 ], [ 27.0437, -33.4121 ], [ 27.0778, -33.4697 ], [ 27.1356, -33.4945 ], [ 27.1124, -33.5248 ], [ 27.0585, -33.5363 ], [ 27.0084, -33.5706 ], [ 26.9372, -33.5815 ], [ 26.8667, -33.6263 ], [ 26.7423, -33.6529 ], [ 26.5432, -33.7526 ], [ 26.4629, -33.7566 ], [ 26.4615, -33.7052 ], [ 26.3882, -33.7071 ], [ 26.3478, -33.6898 ], [ 26.3597, -33.6433 ], [ 26.3319, -33.6332 ], [ 26.3486, -33.6039 ], [ 26.3756, -33.6022 ], [ 26.3812, -33.5583 ], [ 26.4146, -33.5576 ], [ 26.4155, -33.5408 ], [ 26.4553, -33.53 ], [ 26.463, -33.5456 ], [ 26.5127, -33.5438 ], [ 26.5082, -33.5547 ], [ 26.5242, -33.5609 ], [ 26.5039, -33.5715 ], [ 26.5358, -33.5727 ], [ 26.5935, -33.4918 ], [ 26.6314, -33.4909 ], [ 26.6543, -33.4684 ], [ 26.6177, -33.425 ], [ 26.6732, -33.4076 ], [ 26.6797, -33.3862 ], [ 26.6939, -33.3959 ], [ 26.7277, -33.3863 ], [ 26.7257, -33.3654 ], [ 26.716, -33.3652 ], [ 26.7349, -33.3383 ], [ 26.7918, -33.354 ], [ 26.7972, -33.3463 ], [ 26.7566, -33.3262 ], [ 26.7662, -33.3037 ], [ 26.7909, -33.3133 ], [ 26.8018, -33.2846 ], [ 26.8837, -33.3081 ], [ 26.8902, -33.2836 ], [ 26.9091, -33.2941 ], [ 26.9439, -33.2727 ], [ 26.9298, -33.2642 ] ] ] } },
{ "type": "Feature", "properties": { "muni_code": "EC106" }, "geometry": { "type": "Polygon", "coordinates": [ [ [ 25.1319, -33.2502 ], [ 25.1783, -33.2517 ], [ 25.1813, -33.2629 ], [ 25.3157, -33.2599 ], [ 25.4507, -33.2835 ], [ 25.5146, -33.2738 ], [ 25.6081, -33.2812 ], [ 25.6336, -33.3069 ], [ 25.6977, -33.2854 ], [ 25.7896, -33.2845 ], [ 25.9281, -33.3136 ], [ 25.9879, -33.3066 ], [ 26.0632, -33.3331 ], [ 26.0362, -33.4223 ], [ 26.0618, -33.4321 ], [ 26.0485, -33.4438 ], [ 26.0512, -33.4748 ], [ 26.0842, -33.4755 ], [ 26.0911, -33.4869 ], [ 26.1321, -33.4816 ], [ 26.1089, -33.541 ], [ 26.16, -33.5296 ], [ 26.1667, -33.5131 ], [ 26.2311, -33.5294 ], [ 26.2193, -33.522 ], [ 26.2451, -33.5028 ], [ 26.2638, -33.5204 ], [ 26.3295, -33.5276 ], [ 26.3807, -33.5626 ], [ 26.3756, -33.6022 ], [ 26.3486, -33.6039 ], [ 26.3319, -33.6332 ], [ 26.3597, -33.6433 ], [ 26.3478, -33.6898 ], [ 26.3882, -33.7071 ], [ 26.4615, -33.7052 ], [ 26.4629, -33.7566 ], [ 26.53, -33.7541 ], [ 26.4684, -33.7734 ], [ 26.3802, -33.7594 ], [ 26.3219, -33.7678 ], [ 26.1522, -33.7174 ], [ 26.0548, -33.7054 ], [ 25.849, -33.7225 ], [ 25.8682, -33.6995 ], [ 25.8498, -33.6654 ], [ 25.7801, -33.6923 ], [ 25.7385, -33.6568 ], [ 25.7354, -33.6281 ], [ 25.7017, -33.6278 ], [ 25.6881, -33.6016 ], [ 25.6793, -33.6284 ], [ 25.6681, -33.6144 ], [ 25.6271, -33.6089 ], [ 25.6317, -33.5916 ], [ 25.558, -33.5962 ], [ 25.5558, -33.6281 ], [ 25.4938, -33.6116 ], [ 25.5076, -33.5718 ], [ 25.4377, -33.5531 ], [ 25.3463, -33.5571 ], [ 25.3211, -33.6216 ], [ 25.3362, -33.6367 ], [ 25.3081, -33.6379 ], [ 25.3478, -33.6709 ], [ 25.3306, -33.689 ], [ 25.3521, -33.7031 ], [ 25.3503, -33.716 ], [ 25.3372, -33.7105 ], [ 25.3273, -33.7264 ], [ 25.2491, -33.6837 ], [ 25.2419, -33.6945 ], [ 25.2532, -33.691 ], [ 25.3017, -33.7263 ], [ 25.285, -33.7533 ], [ 25.305, -33.762 ], [ 25.2733, -33.7734 ], [ 25.235, -33.8369 ], [ 25.088, -33.7979 ], [ 24.9755, -33.7165 ], [ 24.8295, -33.6426 ], [ 24.8301, -33.6287 ], [ 24.6342, -33.5968 ], [ 24.6461, -33.5708 ], [ 24.6731, -33.5716 ], [ 24.7019, -33.5145 ], [ 24.8044, -33.5382 ], [ 24.8088, -33.5069 ], [ 24.798, -33.4834 ], [ 24.8418, -33.4088 ], [ 24.8502, -33.3776 ], [ 24.8389, -33.3513 ], [ 24.8717, -33.275 ], [ 24.8807, -33.2777 ], [ 24.8803, -33.2575 ], [ 24.972, -33.2709 ], [ 24.9778, -33.2566 ], [ 25.1348, -33.2951 ], [ 25.1319, -33.2502 ] ] ] } },
{ "type": "Feature", "properties": { "muni_code": "EC108" }, "geometry": { "type": "Polygon", "coordinates": [ [ [ 24.5354, -33.9844 ], [ 24.5427, -33.9661 ], [ 24.4946, -33.951 ], [ 24.5177, -33.8876 ], [ 24.5649, -33.9021 ], [ 24.5935, -33.8618 ], [ 24.6325, -33.8744 ], [ 24.6619, -33.8073 ], [ 24.5438, -33.7738 ], [ 24.5106, -33.7861 ], [ 24.4996, -33.7785 ], [ 24.5053, -33.7441 ], [ 24.5367, -33.7265 ], [ 24.5462, -33.6894 ], [ 24.5353, -33.6629 ], [ 24.5632, -33.6343 ], [ 24.5984, -33.6572 ], [ 24.6711, -33.6308 ], [ 24.7139, -33.6343 ], [ 24.7293, -33.6109 ], [ 24.8301, -33.6287 ], [ 24.8295, -33.6426 ], [ 24.9755, -33.7165 ], [ 25.088, -33.7979 ], [ 25.235, -33.8369 ], [ 25.2248, -33.8521 ], [ 25.2512, -33.8662 ], [ 25.2195, -33.8765 ], [ 25.262, -33.8863 ], [ 25.2126, -33.8826 ], [ 25.201, -33.8986 ], [ 25.1922, -33.9218 ], [ 25.2244, -33.9394 ], [ 25.2215, -33.9708 ], [ 25.1251, -33.9624 ], [ 25.0316, -33.9703 ], [ 24.9368, -34.0055 ], [ 24.9224, -34.0798 ], [ 24.8429, -34.1417 ], [ 24.8323, -34.1679 ], [ 24.8714, -34.1967 ], [ 24.8399, -34.1973 ], [ 24.8371, -34.2139 ], [ 24.6455, -34.1729 ], [ 24.6137, -34.1766 ], [ 24.6087, -34.1914 ], [ 24.4913, -34.1676 ], [ 24.4465, -34.1449 ], [ 24.4618, -34.0978 ], [ 24.5149, -34.1108 ], [ 24.5237, -34.0856 ], [ 24.4929, -34.0429 ], [ 24.5239, -34.0404 ], [ 24.5811, -34.0783 ], [ 24.6146, -34.0514 ], [ 24.6046, -34.047 ], [ 24.6204, -34.0138 ], [ 24.5354, -33.9844 ] ] ] } },
{ "type": "Feature", "properties": { "muni_code": "EC109" }, "geometry": { "type": "Polygon", "coordinates": [ [ [ 23.7223, -33.6175 ], [ 23.7671, -33.6092 ], [ 23.8428, -33.6504 ], [ 24.0607, -33.6984 ], [ 24.0572, -33.7259 ], [ 24.1877, -33.7648 ], [ 24.2628, -33.7443 ], [ 24.291, -33.7119 ], [ 24.3228, -33.7203 ], [ 24.3688, -33.7046 ], [ 24.3546, -33.7335 ], [ 24.4229, -33.7587 ], [ 24.4734, -33.7652 ], [ 24.5106, -33.7861 ], [ 24.5438, -33.7738 ], [ 24.6619, -33.8073 ], [ 24.6325, -33.8744 ], [ 24.5935, -33.8618 ], [ 24.5649, -33.9021 ], [ 24.5177, -33.8876 ], [ 24.4942, -33.9319 ], [ 24.4946, -33.951 ], [ 24.5427, -33.9661 ], [ 24.5346, -33.984 ], [ 24.6204, -34.0138 ], [ 24.6046, -34.047 ], [ 24.6146, -34.0514 ], [ 24.5811, -34.0783 ], [ 24.5239, -34.0404 ], [ 24.4932, -34.0427 ], [ 24.5237, -34.0856 ], [ 24.5149, -34.1108 ], [ 24.4618, -34.0978 ], [ 24.4449, -34.1436 ], [ 24.3817, -34.103 ], [ 24.3103, -34.1018 ], [ 24.1938, -34.06 ], [ 24.12, -34.0625 ], [ 23.6448, -33.9896 ], [ 23.6374, -33.913 ], [ 23.6568, -33.9069 ], [ 23.6474, -33.8928 ], [ 23.683, -33.884 ], [ 23.7033, -33.8641 ], [ 23.5619, -33.8289 ], [ 23.5573, -33.7934 ], [ 23.5188, -33.7821 ], [ 23.488, -33.7915 ], [ 23.4891, -33.8075 ], [ 23.395, -33.7926 ], [ 23.4301, -33.7618 ], [ 23.4399, -33.7174 ], [ 23.5413, -33.6995 ], [ 23.5565, -33.6515 ], [ 23.5859, -33.6727 ], [ 23.6704, -33.6726 ], [ 23.675, -33.6259 ], [ 23.6199, -33.5915 ], [ 23.6169, -33.5702 ], [ 23.7223, -33.6175 ] ] ] } },
{ "type": "Feature", "properties": { "muni_code": "EC121" }, "geometry": { "type": "Polygon", "coordinates": [ [ [ 28.2869, -31.8054 ], [ 28.3128, -31.8481 ], [ 28.3274, -31.8282 ], [ 28.347, -31.8275 ], [ 28.3661, -31.8472 ], [ 28.3696, -31.835 ], [ 28.384, -31.8364 ], [ 28.3789, -31.8559 ], [ 28.4011, -31.85 ], [ 28.4168, -31.8607 ], [ 28.4068, -31.8791 ], [ 28.4275, -31.8702 ], [ 28.4445, -31.9179 ], [ 28.4606, -31.925 ], [ 28.4746, -31.9095 ], [ 28.4718, -31.934 ], [ 28.5148, -31.9334 ], [ 28.5086, -31.954 ], [ 28.4806, -31.952 ], [ 28.4654, -31.97 ], [ 28.5261, -31.9728 ], [ 28.5292, -31.9565 ], [ 28.5465, -31.9861 ], [ 28.5227, -31.9799 ], [ 28.5283, -31.9953 ], [ 28.5471, -31.9931 ], [ 28.558, -31.9793 ], [ 28.5882, -32.0005 ], [ 28.5789, -31.9718 ], [ 28.5874, -31.9676 ], [ 28.6126, -31.9852 ], [ 28.6037, -31.9984 ], [ 28.6279, -31.9981 ], [ 28.5999, -32.012 ], [ 28.6437, -32.0244 ], [ 28.6785, -31.9982 ], [ 28.6577, -31.9937 ], [ 28.6777, -31.9793 ], [ 28.6629, -31.9787 ], [ 28.663, -31.9657 ], [ 28.6984, -31.9591 ], [ 28.6923, -31.9863 ], [ 28.7063, -31.9865 ], [ 28.6945, -31.9951 ], [ 28.7822, -32.046 ], [ 28.8015, -32.02 ], [ 28.7863, -32.0119 ], [ 28.8073, -32.015 ], [ 28.8074, -31.9991 ], [ 28.8284, -32.0108 ], [ 28.8302, -31.9973 ], [ 28.8408, -32.0015 ], [ 28.8281, -31.9953 ], [ 28.8337, -31.9865 ], [ 28.8514, -31.9851 ], [ 28.8665, -31.9606 ], [ 28.8811, -31.9661 ], [ 28.8874, -31.9536 ], [ 28.9248, -31.944 ], [ 28.969, -31.9889 ], [ 28.9812, -31.9845 ], [ 29.0253, -32.0154 ], [ 29.0375, -32.0411 ], [ 29.0647, -32.035 ], [ 29.0677, -32.0488 ], [ 29.0925, -32.0519 ], [ 29.089, -32.0801 ], [ 29.021, -32.1208 ], [ 28.943, -32.2187 ], [ 28.8978, -32.2452 ], [ 28.8848, -32.2804 ], [ 28.7849, -32.3427 ], [ 28.7444, -32.3964 ], [ 28.6768, -32.4481 ], [ 28.5448, -32.4236 ], [ 28.5548, -32.4095 ], [ 28.4904, -32.3904 ], [ 28.4734, -32.3997 ], [ 28.4457, -32.382 ], [ 28.4248, -32.4059 ], [ 28.4092, -32.3876 ], [ 28.4267, -32.3855 ], [ 28.4078, -32.3731 ], [ 28.4398, -32.3347 ], [ 28.3917, -32.3163 ], [ 28.3638, -32.271 ], [ 28.3167, -32.2435 ], [ 28.2727, -32.248 ], [ 28.2781, -32.2218 ], [ 28.2552, -32.2049 ], [ 28.2081, -32.2259 ], [ 28.1957, -32.2185 ], [ 28.2094, -32.1938 ], [ 28.1679, -32.202 ], [ 28.1807, -32.1694 ], [ 28.1609, -32.1532 ], [ 28.1901, -32.1356 ], [ 28.15, -32.1147 ], [ 28.1601, -32.0972 ], [ 28.1469, -32.0634 ], [ 28.0825, -32.0543 ], [ 28.0613, -32.0657 ], [ 28.0188, -32.0432 ], [ 28.0464, -32.0408 ], [ 28.0659, -32.0162 ], [ 28.1789, -31.9675 ], [ 28.1699, -31.948 ], [ 28.1943, -31.9677 ], [ 28.2362, -31.8694 ], [ 28.2258, -31.8572 ], [ 28.2401, -31.8618 ], [ 28.2394, -31.8466 ], [ 28.2785, -31.8357 ], [ 28.2869, -31.8054 ] ] ] } },
{ "type": "Feature", "properties": { "muni_code": "EC122" }, "geometry": { "type": "Polygon", "coordinates": [ [ [ 28.1389, -32.0605 ], [ 28.1601, -32.0972 ], [ 28.15, -32.1147 ], [ 28.1901, -32.1356 ], [ 28.1609, -32.1532 ], [ 28.1807, -32.1694 ], [ 28.1679, -32.202 ], [ 28.2094, -32.1938 ], [ 28.1957, -32.2185 ], [ 28.2081, -32.2259 ], [ 28.2552, -32.2049 ], [ 28.2781, -32.2218 ], [ 28.2727, -32.248 ], [ 28.3167, -32.2435 ], [ 28.3638, -32.271 ], [ 28.3917, -32.3163 ], [ 28.4398, -32.3347 ], [ 28.4078, -32.3731 ], [ 28.4267, -32.3855 ], [ 28.4092, -32.3876 ], [ 28.4244, -32.4057 ], [ 28.4457, -32.382 ], [ 28.4734, -32.3997 ], [ 28.4904, -32.3904 ], [ 28.5548, -32.4095 ], [ 28.5448, -32.4236 ], [ 28.6755, -32.447 ], [ 28.6508, -32.4832 ], [ 28.6151, -32.493 ], [ 28.5825, -32.5231 ], [ 28.5516, -32.5726 ], [ 28.51, -32.6042 ], [ 28.4342, -32.6311 ], [ 28.3877, -32.6799 ], [ 28.3609, -32.6664 ], [ 28.3488, -32.6239 ], [ 28.3227, -32.6281 ], [ 28.316, -32.6418 ], [ 28.2879, -32.6038 ], [ 28.2683, -32.602 ], [ 28.2531, -32.6213 ], [ 28.2161, -32.5732 ], [ 28.199, -32.5861 ], [ 28.1719, -32.5752 ], [ 28.1934, -32.5383 ], [ 28.1544, -32.535 ], [ 28.1305, -32.493 ], [ 28.1174, -32.498 ], [ 28.1292, -32.525 ], [ 28.0868, -32.5187 ], [ 28.0512, -32.5392 ], [ 28.0436, -32.5004 ], [ 28.0198, -32.5158 ], [ 27.9585, -32.5078 ], [ 27.9456, -32.4935 ], [ 27.9687, -32.4737 ], [ 27.9652, -32.4616 ], [ 27.9444, -32.4764 ], [ 27.889, -32.4532 ], [ 27.8919, -32.4426 ], [ 27.9264, -32.4399 ], [ 27.8818, -32.3827 ], [ 27.8583, -32.3869 ], [ 27.8595, -32.414 ], [ 27.8322, -32.4067 ], [ 27.8137, -32.3814 ], [ 27.7714, -32.376 ], [ 27.7768, -32.3965 ], [ 27.8145, -32.4066 ], [ 27.7669, -32.419 ], [ 27.7299, -32.367 ], [ 27.711, -32.3594 ], [ 27.7202, -32.3388 ], [ 27.7505, -32.3481 ], [ 27.7814, -32.3149 ], [ 27.7649, -32.3085 ], [ 27.7631, -32.2844 ], [ 27.7864, -32.2725 ], [ 27.764, -32.2607 ], [ 27.7859, -32.2463 ], [ 27.7589, -32.2123 ], [ 27.7966, -32.2272 ], [ 27.7877, -32.2169 ], [ 27.8128, -32.183 ], [ 27.8005, -32.1634 ], [ 27.8287, -32.152 ], [ 27.8255, -32.1401 ], [ 27.8165, -32.1472 ], [ 27.7788, -32.1334 ], [ 27.7747, -32.1051 ], [ 27.7923, -32.1012 ], [ 27.7824, -32.082 ], [ 27.8093, -32.0794 ], [ 27.8331, -32.0932 ], [ 27.8413, -32.1114 ], [ 27.8289, -32.1182 ], [ 27.8609, -32.1325 ], [ 27.8958, -32.1236 ], [ 27.864, -32.0786 ], [ 27.8809, -32.072 ], [ 27.8853, -32.0494 ], [ 27.9502, -32.0819 ], [ 28.0108, -32.0357 ], [ 28.0613, -32.0657 ], [ 28.0825, -32.0543 ], [ 28.1389, -32.0605 ] ] ] } },
{ "type": "Feature", "properties": { "muni_code": "EC123" }, "geometry": { "type": "Polygon", "coordinates": [ [ [ 27.9032, -32.4562 ], [ 27.9444, -32.4764 ], [ 27.9658, -32.4621 ], [ 27.9687, -32.4737 ], [ 27.9456, -32.4935 ], [ 27.9585, -32.5078 ], [ 28.0198, -32.5158 ], [ 28.0436, -32.5004 ], [ 28.0532, -32.5397 ], [ 28.0868, -32.5187 ], [ 28.1292, -32.525 ], [ 28.1174, -32.498 ], [ 28.1305, -32.493 ], [ 28.1544, -32.535 ], [ 28.1934, -32.5383 ], [ 28.1719, -32.5752 ], [ 28.199, -32.5861 ], [ 28.2161, -32.5732 ], [ 28.2531, -32.6213 ], [ 28.2683, -32.602 ], [ 28.2879, -32.6038 ], [ 28.316, -32.6418 ], [ 28.3227, -32.6281 ], [ 28.3488, -32.6239 ], [ 28.3609, -32.6664 ], [ 28.3876, -32.6796 ], [ 28.3736, -32.7049 ], [ 28.3079, -32.7255 ], [ 28.269, -32.7589 ], [ 28.1392, -32.8073 ], [ 28.117, -32.8311 ], [ 28.1213, -32.8518 ], [ 28.0997, -32.8879 ], [ 28.0755, -32.9078 ], [ 28.0667, -32.8923 ], [ 28.0228, -32.8824 ], [ 27.9915, -32.8556 ], [ 28.0116, -32.8257 ], [ 27.979, -32.8123 ], [ 27.9994, -32.7898 ], [ 27.9884, -32.7733 ], [ 27.9872, -32.7939 ], [ 27.9698, -32.7878 ], [ 27.9498, -32.74 ], [ 27.8997, -32.7565 ], [ 27.8829, -32.7855 ], [ 27.8644, -32.7863 ], [ 27.8566, -32.803 ], [ 27.8469, -32.7928 ], [ 27.8264, -32.8153 ], [ 27.8337, -32.7842 ], [ 27.8094, -32.78 ], [ 27.8152, -32.7611 ], [ 27.7612, -32.7374 ], [ 27.7648, -32.7178 ], [ 27.7372, -32.7122 ], [ 27.7191, -32.68 ], [ 27.7067, -32.686 ], [ 27.7083, -32.6756 ], [ 27.6805, -32.6723 ], [ 27.693, -32.6698 ], [ 27.6912, -32.6573 ], [ 27.6663, -32.6627 ], [ 27.7292, -32.6163 ], [ 27.7275, -32.5573 ], [ 27.75, -32.5541 ], [ 27.7285, -32.5309 ], [ 27.7317, -32.4999 ], [ 27.7426, -32.5145 ], [ 27.7642, -32.5082 ], [ 27.7896, -32.5277 ], [ 27.7909, -32.5039 ], [ 27.765, -32.4848 ], [ 27.7802, -32.4721 ], [ 27.7892, -32.4712 ], [ 27.7896, -32.4898 ], [ 27.823, -32.4959 ], [ 27.8208, -32.4719 ], [ 27.857, -32.4704 ], [ 27.8784, -32.5042 ], [ 27.8762, -32.4771 ], [ 27.9032, -32.4562 ] ] ] } },
{ "type": "Feature", "properties": { "muni_code": "EC124" }, "geometry": { "type": "Polygon", "coordinates": [ [ [ 27.4714, -32.7725 ], [ 27.3825, -32.7252 ], [ 27.3713, -32.6998 ], [ 27.3873, -32.6798 ], [ 27.2933, -32.6757 ], [ 27.232, -32.7145 ], [ 27.2407, -32.7536 ], [ 27.2127, -32.7654 ], [ 27.2154, -32.7926 ], [ 27.1695, -32.8092 ], [ 27.1773, -32.8174 ], [ 27.1578, -32.8385 ], [ 27.0464, -32.8372 ], [ 27.0865, -32.8057 ], [ 27.0548, -32.7852 ], [ 27.0172, -32.7852 ], [ 27.0238, -32.7307 ], [ 27.014, -32.7309 ], [ 27.0581, -32.7113 ], [ 27.0211, -32.6816 ], [ 27.0178, -32.647 ], [ 26.9977, -32.6169 ], [ 27.0364, -32.5664 ], [ 27.0728, -32.5594 ], [ 27.0324, -32.5272 ], [ 27.0449, -32.51 ], [ 26.9777, -32.501 ], [ 26.9678, -32.5186 ], [ 26.9841, -32.5378 ], [ 26.9666, -32.5508 ], [ 26.8652, -32.5115 ], [ 26.8056, -32.4536 ], [ 26.8343, -32.439 ], [ 26.8362, -32.4064 ], [ 26.8134, -32.3928 ], [ 26.8037, -32.3554 ], [ 26.7758, -32.3333 ], [ 26.7937, -32.34 ], [ 26.8306, -32.3237 ], [ 26.8122, -32.2958 ], [ 26.8511, -32.2665 ], [ 26.8448, -32.247 ], [ 26.8694, -32.2696 ], [ 26.893, -32.2716 ], [ 26.9002, -32.2515 ], [ 26.9654, -32.1916 ], [ 27.0109, -32.2225 ], [ 27.0493, -32.2197 ], [ 27.0513, -32.2354 ], [ 27.0916, -32.2209 ], [ 27.1244, -32.2288 ], [ 27.1195, -32.2375 ], [ 27.1199, -32.2389 ], [ 27.1806, -32.2331 ], [ 27.1844, -32.2528 ], [ 27.1984, -32.2494 ], [ 27.2059, -32.2661 ], [ 27.2436, -32.2819 ], [ 27.2742, -32.2698 ], [ 27.3242, -32.3154 ], [ 27.3478, -32.3117 ], [ 27.3706, -32.3401 ], [ 27.3662, -32.351 ], [ 27.411, -32.3549 ], [ 27.4138, -32.3384 ], [ 27.4411, -32.3588 ], [ 27.4518, -32.3486 ], [ 27.4413, -32.3344 ], [ 27.4609, -32.3343 ], [ 27.4921, -32.3066 ], [ 27.4858, -32.2526 ], [ 27.5079, -32.2307 ], [ 27.5274, -32.2348 ], [ 27.5206, -32.203 ], [ 27.562, -32.2078 ], [ 27.5716, -32.1902 ], [ 27.6007, -32.2135 ], [ 27.5991, -32.25 ], [ 27.631, -32.2503 ], [ 27.6419, -32.2379 ], [ 27.6466, -32.2838 ], [ 27.685, -32.2671 ], [ 27.6782, -32.3027 ], [ 27.6912, -32.301 ], [ 27.6977, -32.2644 ], [ 27.7156, -32.2761 ], [ 27.7015, -32.2913 ], [ 27.7093, -32.3292 ], [ 27.7519, -32.3135 ], [ 27.7573, -32.3447 ], [ 27.7216, -32.3382 ], [ 27.7108, -32.3585 ], [ 27.7299, -32.367 ], [ 27.764, -32.4179 ], [ 27.8142, -32.4079 ], [ 27.7682, -32.3891 ], [ 27.7792, -32.374 ], [ 27.8187, -32.3841 ], [ 27.838, -32.4092 ], [ 27.8607, -32.4136 ], [ 27.8564, -32.3933 ], [ 27.8686, -32.3791 ], [ 27.9072, -32.4055 ], [ 27.9264, -32.4401 ], [ 27.8885, -32.4445 ], [ 27.8806, -32.5035 ], [ 27.8563, -32.4703 ], [ 27.8208, -32.4719 ], [ 27.823, -32.4959 ], [ 27.7891, -32.4895 ], [ 27.7866, -32.4693 ], [ 27.7668, -32.4817 ], [ 27.7909, -32.5039 ], [ 27.7896, -32.5277 ], [ 27.7642, -32.5082 ], [ 27.7426, -32.5145 ], [ 27.7317, -32.4999 ], [ 27.7285, -32.5309 ], [ 27.75, -32.5541 ], [ 27.7275, -32.5573 ], [ 27.7292, -32.6163 ], [ 27.6663, -32.6627 ], [ 27.6914, -32.6574 ], [ 27.693, -32.6698 ], [ 27.6805, -32.6723 ], [ 27.7083, -32.6756 ], [ 27.7067, -32.686 ], [ 27.7191, -32.68 ], [ 27.7372, -32.7122 ], [ 27.7644, -32.7172 ], [ 27.7602, -32.7362 ], [ 27.7749, -32.7382 ], [ 27.7873, -32.7598 ], [ 27.763, -32.7783 ], [ 27.7078, -32.7783 ], [ 27.7159, -32.8086 ], [ 27.6565, -32.8413 ], [ 27.6473, -32.8116 ], [ 27.6114, -32.8208 ], [ 27.6076, -32.81 ], [ 27.5364, -32.7926 ], [ 27.5192, -32.7466 ], [ 27.5536, -32.725 ], [ 27.5153, -32.7159 ], [ 27.4714, -32.7725 ] ] ] } },
{ "type": "Feature", "properties": { "muni_code": "EC126" }, "geometry": { "type": "Polygon", "coordinates": [ [ [ 27.4701, -32.9946 ], [ 27.4878, -33.0191 ], [ 27.4374, -33.0587 ], [ 27.4421, -33.0895 ], [ 27.3778, -33.1113 ], [ 27.3595, -33.1327 ], [ 27.3693, -33.1512 ], [ 27.3909, -33.1561 ], [ 27.3772, -33.1843 ], [ 27.4323, -33.1999 ], [ 27.4133, -33.2343 ], [ 27.4359, -33.2401 ], [ 27.4581, -33.2814 ], [ 27.4801, -33.272 ], [ 27.4915, -33.2826 ], [ 27.1417, -33.4957 ], [ 27.0778, -33.4697 ], [ 27.0437, -33.4121 ], [ 26.9853, -33.3562 ], [ 27.0033, -33.2951 ], [ 26.9691, -33.2645 ], [ 26.9814, -33.2538 ], [ 27.0039, -33.2635 ], [ 27.0088, -33.2521 ], [ 26.9867, -33.2334 ], [ 26.9591, -33.2352 ], [ 26.9792, -33.2208 ], [ 26.9571, -33.1918 ], [ 26.96, -33.1729 ], [ 26.9243, -33.1652 ], [ 26.9279, -33.195 ], [ 26.9091, -33.2027 ], [ 26.8967, -33.1944 ], [ 26.8962, -33.1713 ], [ 26.8812, -33.17 ], [ 26.8726, -33.2032 ], [ 26.8438, -33.2052 ], [ 26.84, -33.1948 ], [ 26.8657, -33.1814 ], [ 26.8376, -33.1746 ], [ 26.8206, -33.1309 ], [ 26.8347, -33.1214 ], [ 26.8472, -33.1318 ], [ 26.8587, -33.1145 ], [ 26.9114, -33.1249 ], [ 26.9338, -33.1151 ], [ 26.9466, -33.0874 ], [ 26.9364, -33.0697 ], [ 26.9546, -33.078 ], [ 26.9758, -33.0497 ], [ 26.9774, -33.0215 ], [ 26.9963, -33.0237 ], [ 26.9848, -33.0396 ], [ 27.0124, -33.0313 ], [ 27.0148, -33.049 ], [ 27.0232, -33.0319 ], [ 27.0471, -33.047 ], [ 27.0566, -33.0356 ], [ 27.0779, -33.067 ], [ 27.0878, -33.0568 ], [ 27.0664, -33.0256 ], [ 27.1203, -33.0249 ], [ 27.1222, -33.054 ], [ 27.138, -33.0583 ], [ 27.1321, -33.0266 ], [ 27.1582, -33.0176 ], [ 27.1257, -32.995 ], [ 27.1517, -32.9635 ], [ 27.1657, -32.9636 ], [ 27.1526, -32.9432 ], [ 27.2096, -32.8897 ], [ 27.2317, -32.896 ], [ 27.2359, -32.9206 ], [ 27.2826, -32.9283 ], [ 27.2589, -32.9318 ], [ 27.2292, -32.9677 ], [ 27.2402, -32.9892 ], [ 27.2749, -32.9953 ], [ 27.2907, -33.0231 ], [ 27.3244, -33.0036 ], [ 27.318, -32.9713 ], [ 27.3328, -32.9674 ], [ 27.4014, -32.9775 ], [ 27.4179, -33.0058 ], [ 27.4397, -32.9898 ], [ 27.4701, -32.9946 ] ] ] } },
{ "type": "Feature", "properties": { "muni_code": "EC129" }, "geometry": { "type": "Polygon", "coordinates": [ [ [ 26.1913, -32.2852 ], [ 26.2025, -32.3313 ], [ 26.1865, -32.3688 ], [ 26.2351, -32.354 ], [ 26.3096, -32.376 ], [ 26.3709, -32.357 ], [ 26.5156, -32.3546 ], [ 26.5337, -32.3602 ], [ 26.5392, -32.386 ], [ 26.5668, -32.4019 ], [ 26.5804, -32.3871 ], [ 26.6624, -32.4279 ], [ 26.6719, -32.4155 ], [ 26.7047, -32.4181 ], [ 26.7323, -32.3971 ], [ 26.729, -32.3632 ], [ 26.7118, -32.34 ], [ 26.7363, -32.3274 ], [ 26.743, -32.337 ], [ 26.7753, -32.3331 ], [ 26.8037, -32.3554 ], [ 26.8134, -32.3928 ], [ 26.8362, -32.4064 ], [ 26.8343, -32.439 ], [ 26.8056, -32.4536 ], [ 26.8652, -32.5115 ], [ 26.9666, -32.5508 ], [ 26.9841, -32.5378 ], [ 26.9678, -32.5186 ], [ 26.9777, -32.501 ], [ 27.0449, -32.51 ], [ 27.0324, -32.5272 ], [ 27.0728, -32.5594 ], [ 27.0364, -32.5664 ], [ 26.9977, -32.6169 ], [ 27.0178, -32.647 ], [ 27.0211, -32.6816 ], [ 27.0581, -32.7113 ], [ 27.014, -32.7309 ], [ 27.0238, -32.7307 ], [ 27.0172, -32.7852 ], [ 27.0548, -32.7852 ], [ 27.0865, -32.8057 ], [ 27.0464, -32.8372 ], [ 27.1575, -32.8384 ], [ 27.2338, -32.8539 ], [ 27.225, -32.8863 ], [ 27.1972, -32.8946 ], [ 27.1879, -32.9181 ], [ 27.1699, -32.9224 ], [ 27.1526, -32.9432 ], [ 27.1657, -32.9636 ], [ 27.1517, -32.9635 ], [ 27.1257, -32.995 ], [ 27.1582, -33.0176 ], [ 27.1321, -33.0266 ], [ 27.1386, -33.0577 ], [ 27.1225, -33.0544 ], [ 27.1203, -33.0249 ], [ 27.0664, -33.0256 ], [ 27.0878, -33.0568 ], [ 27.0779, -33.067 ], [ 27.0566, -33.0356 ], [ 27.0471, -33.047 ], [ 27.0232, -33.0319 ], [ 27.0148, -33.049 ], [ 27.0124, -33.0313 ], [ 26.9848, -33.0396 ], [ 26.9963, -33.0237 ], [ 26.9774, -33.0215 ], [ 26.9758, -33.0497 ], [ 26.9546, -33.078 ], [ 26.9364, -33.0697 ], [ 26.9466, -33.0874 ], [ 26.9341, -33.1148 ], [ 26.9114, -33.1249 ], [ 26.8618, -33.1171 ], [ 26.8582, -33.1014 ], [ 26.8773, -33.0751 ], [ 26.8646, -33.0447 ], [ 26.8546, -33.0764 ], [ 26.8391, -33.0812 ], [ 26.8255, -33.0395 ], [ 26.813, -33.036 ], [ 26.7846, -33.0855 ], [ 26.7717, -33.0845 ], [ 26.7957, -33.0466 ], [ 26.7984, -32.9912 ], [ 26.784, -32.9953 ], [ 26.7805, -33.0336 ], [ 26.7485, -33.0308 ], [ 26.7365, -33.0556 ], [ 26.7143, -33.0404 ], [ 26.6892, -33.056 ], [ 26.6628, -33.0294 ], [ 26.656, -33.0458 ], [ 26.6382, -33.0497 ], [ 26.6268, -32.9988 ], [ 26.5834, -33.0135 ], [ 26.5956, -32.9928 ], [ 26.5885, -32.9581 ], [ 26.5732, -32.9893 ], [ 26.5421, -32.9789 ], [ 26.5207, -32.9923 ], [ 26.5123, -32.9425 ], [ 26.497, -32.9493 ], [ 26.4955, -32.9769 ], [ 26.485, -32.9818 ], [ 26.4682, -32.9512 ], [ 26.454, -32.9642 ], [ 26.4419, -32.9447 ], [ 26.3881, -32.9734 ], [ 26.3627, -32.9635 ], [ 26.3586, -32.9345 ], [ 26.2749, -32.937 ], [ 26.2851, -32.8992 ], [ 26.2748, -32.8806 ], [ 26.2608, -32.8908 ], [ 26.2361, -32.8712 ], [ 26.2194, -32.8782 ], [ 26.2257, -32.8577 ], [ 26.2103, -32.8633 ], [ 26.1992, -32.8502 ], [ 26.1832, -32.8693 ], [ 26.1804, -32.8446 ], [ 26.1685, -32.8556 ], [ 26.189, -32.8122 ], [ 26.2457, -32.8152 ], [ 26.2404, -32.793 ], [ 26.2081, -32.7696 ], [ 26.2052, -32.7494 ], [ 26.1795, -32.7634 ], [ 26.0951, -32.7643 ], [ 26.066, -32.7869 ], [ 26.049, -32.7808 ], [ 26.032, -32.764 ], [ 26.064, -32.6856 ], [ 26.0268, -32.6701 ], [ 26.0472, -32.6543 ], [ 26.0476, -32.6328 ], [ 26.0741, -32.6383 ], [ 26.1272, -32.5954 ], [ 26.1213, -32.5802 ], [ 26.0808, -32.5466 ], [ 26.0283, -32.54 ], [ 25.9593, -32.5521 ], [ 25.9398, -32.5387 ], [ 25.9343, -32.4761 ], [ 25.8873, -32.4868 ], [ 25.9078, -32.4573 ], [ 25.8994, -32.4329 ], [ 25.9392, -32.4061 ], [ 25.9511, -32.364 ], [ 25.9962, -32.3545 ], [ 26.052, -32.3123 ], [ 26.0816, -32.3179 ], [ 26.1194, -32.2984 ], [ 26.1297, -32.275 ], [ 26.1913, -32.2852 ] ] ] } },
{ "type": "Feature", "properties": { "muni_code": "EC131" }, "geometry": { "type": "Polygon", "coordinates": [ [ [ 25.2197, -31.1904 ], [ 25.3544, -31.236 ], [ 25.3988, -31.211 ], [ 25.4398, -31.2307 ], [ 25.4326, -31.2361 ], [ 25.4484, -31.2562 ], [ 25.4972, -31.2346 ], [ 25.5207, -31.2682 ], [ 25.5575, -31.278 ], [ 25.5155, -31.3168 ], [ 25.4744, -31.3133 ], [ 25.4436, -31.3343 ], [ 25.4635, -31.352 ], [ 25.5121, -31.346 ], [ 25.5645, -31.3585 ], [ 25.583, -31.3449 ], [ 25.5893, -31.4853 ], [ 25.5785, -31.4912 ], [ 25.5866, -31.5114 ], [ 25.5641, -31.5268 ], [ 25.6155, -31.5434 ], [ 25.6423, -31.5765 ], [ 25.6169, -31.5801 ], [ 25.5479, -31.5543 ], [ 25.5345, -31.5346 ], [ 25.5058, -31.5489 ], [ 25.5283, -31.6137 ], [ 25.4795, -31.669 ], [ 25.4545, -31.6846 ], [ 25.3995, -31.6767 ], [ 25.3604, -31.7145 ], [ 25.4272, -31.7411 ], [ 25.4416, -31.7581 ], [ 25.4779, -31.7393 ], [ 25.5086, -31.7612 ], [ 25.561, -31.7642 ], [ 25.5637, -31.8029 ], [ 25.6341, -31.8396 ], [ 25.6406, -31.9027 ], [ 25.6739, -31.8991 ], [ 25.7228, -31.8548 ], [ 25.7339, -31.8578 ], [ 25.7232, -31.8637 ], [ 25.7375, -31.8832 ], [ 25.7653, -31.8788 ], [ 25.7622, -31.8979 ], [ 25.8301, -31.921 ], [ 25.8502, -31.9089 ], [ 25.9484, -31.9811 ], [ 25.9994, -32.005 ], [ 26.0341, -32.0016 ], [ 26.0004, -32.0379 ], [ 26.0239, -32.0552 ], [ 25.9997, -32.0706 ], [ 26.0641, -32.0801 ], [ 26.0553, -32.0996 ], [ 26.076, -32.1126 ], [ 26.1392, -32.1192 ], [ 26.1408, -32.1468 ], [ 26.2069, -32.1645 ], [ 26.1913, -32.2852 ], [ 26.1297, -32.275 ], [ 26.1194, -32.2984 ], [ 26.0816, -32.3179 ], [ 26.052, -32.3123 ], [ 25.9962, -32.3545 ], [ 25.9511, -32.364 ], [ 25.9392, -32.4061 ], [ 25.8994, -32.4329 ], [ 25.9078, -32.4573 ], [ 25.8871, -32.4871 ], [ 25.834, -32.4905 ], [ 25.7974, -32.4772 ], [ 25.7856, -32.5379 ], [ 25.699, -32.522 ], [ 25.6899, -32.4991 ], [ 25.6551, -32.5069 ], [ 25.6217, -32.4568 ], [ 25.5744, -32.4578 ], [ 25.5341, -32.3945 ], [ 25.4203, -32.4234 ], [ 25.3987, -32.413 ], [ 25.4174, -32.3745 ], [ 25.3602, -32.3408 ], [ 25.3634, -32.3067 ], [ 25.3096, -32.3133 ], [ 25.2786, -32.3456 ], [ 25.233, -32.3383 ], [ 25.2136, -32.3472 ], [ 25.1861, -32.3238 ], [ 25.1676, -32.3287 ], [ 25.1283, -32.2911 ], [ 25.0781, -32.2735 ], [ 25.0551, -32.2801 ], [ 25.0033, -32.2504 ], [ 24.9802, -32.2589 ], [ 24.9224, -32.2398 ], [ 24.904, -32.2219 ], [ 24.9095, -32.1891 ], [ 24.9155, -32.1721 ], [ 24.9383, -32.1736 ], [ 24.9511, -32.1227 ], [ 24.9671, -32.1075 ], [ 24.938, -32.0533 ], [ 24.9507, -32.0073 ], [ 24.9232, -31.9437 ], [ 24.9439, -31.9283 ], [ 24.9397, -31.9052 ], [ 24.9172, -31.8635 ], [ 24.9046, -31.8686 ], [ 24.8993, -31.8373 ], [ 24.8556, -31.8349 ], [ 24.8485, -31.8166 ], [ 24.8019, -31.785 ], [ 24.7629, -31.8057 ], [ 24.7719, -31.7928 ], [ 24.6994, -31.7663 ], [ 24.7044, -31.7443 ], [ 24.6421, -31.7282 ], [ 24.6559, -31.7162 ], [ 24.6279, -31.7123 ], [ 24.6416, -31.6904 ], [ 24.6165, -31.7262 ], [ 24.5772, -31.7306 ], [ 24.5507, -31.7612 ], [ 24.5104, -31.7542 ], [ 24.5063, -31.7068 ], [ 24.523, -31.6037 ], [ 24.5039, -31.5684 ], [ 24.5246, -31.5454 ], [ 24.533, -31.5098 ], [ 24.5194, -31.4979 ], [ 24.5589, -31.4818 ], [ 24.5672, -31.4186 ], [ 24.5961, -31.3992 ], [ 24.665, -31.3837 ], [ 24.7106, -31.4095 ], [ 24.7887, -31.3895 ], [ 24.8255, -31.3565 ], [ 24.8629, -31.3736 ], [ 24.853, -31.3282 ], [ 24.8988, -31.3137 ], [ 24.9336, -31.3204 ], [ 24.9605, -31.2855 ], [ 25.0056, -31.2631 ], [ 25.0585, -31.2694 ], [ 25.0735, -31.2533 ], [ 25.0844, -31.2623 ], [ 25.1307, -31.2394 ], [ 25.1527, -31.2431 ], [ 25.1552, -31.2312 ], [ 25.1705, -31.2392 ], [ 25.2197, -31.1904 ] ] ] } },
{ "type": "Feature", "properties": { "muni_code": "EC135" }, "geometry": { "type": "Polygon", "coordinates": [ [ [ 27.3987, -31.7257 ], [ 27.4693, -31.7367 ], [ 27.4804, -31.7261 ], [ 27.4857, -31.763 ], [ 27.5059, -31.7687 ], [ 27.5382, -31.7608 ], [ 27.5387, -31.7325 ], [ 27.562, -31.7211 ], [ 27.6335, -31.7131 ], [ 27.6616, -31.73 ], [ 27.6702, -31.7093 ], [ 27.7227, -31.7065 ], [ 27.759, -31.6526 ], [ 27.8016, -31.6978 ], [ 27.8027, -31.7476 ], [ 27.8195, -31.7581 ], [ 27.8365, -31.7446 ], [ 27.842, -31.7702 ], [ 27.8592, -31.775 ], [ 27.8784, -31.8141 ], [ 28.0169, -31.8728 ], [ 27.9975, -31.8951 ], [ 28.0102, -31.9398 ], [ 27.9935, -31.945 ], [ 27.9833, -31.9843 ], [ 28.01, -32.0364 ], [ 27.9502, -32.0819 ], [ 27.8831, -32.0502 ], [ 27.8809, -32.072 ], [ 27.8638, -32.0772 ], [ 27.8957, -32.1231 ], [ 27.887, -32.1279 ], [ 27.8544, -32.1308 ], [ 27.8289, -32.1182 ], [ 27.8413, -32.1114 ], [ 27.8331, -32.0932 ], [ 27.8093, -32.0794 ], [ 27.7815, -32.0832 ], [ 27.7923, -32.1012 ], [ 27.7747, -32.1051 ], [ 27.7788, -32.1334 ], [ 27.8165, -32.1472 ], [ 27.8255, -32.1401 ], [ 27.829, -32.1502 ], [ 27.8005, -32.1634 ], [ 27.8128, -32.183 ], [ 27.7877, -32.2169 ], [ 27.7966, -32.2272 ], [ 27.7589, -32.2123 ], [ 27.7859, -32.2463 ], [ 27.764, -32.2603 ], [ 27.7865, -32.2731 ], [ 27.7641, -32.2799 ], [ 27.7649, -32.3085 ], [ 27.7827, -32.3109 ], [ 27.7692, -32.3283 ], [ 27.7588, -32.332 ], [ 27.7468, -32.3103 ], [ 27.7364, -32.3266 ], [ 27.7093, -32.3292 ], [ 27.7015, -32.2913 ], [ 27.7156, -32.2761 ], [ 27.6974, -32.2647 ], [ 27.6852, -32.3047 ], [ 27.6734, -32.2984 ], [ 27.6834, -32.2659 ], [ 27.6466, -32.2838 ], [ 27.6419, -32.2379 ], [ 27.631, -32.2503 ], [ 27.5991, -32.25 ], [ 27.6007, -32.2135 ], [ 27.5718, -32.1903 ], [ 27.562, -32.2078 ], [ 27.5211, -32.2023 ], [ 27.5288, -32.23 ], [ 27.5187, -32.2383 ], [ 27.5076, -32.232 ], [ 27.5141, -32.2172 ], [ 27.483, -32.1905 ], [ 27.5001, -32.1872 ], [ 27.4823, -32.1628 ], [ 27.4624, -32.1749 ], [ 27.4401, -32.1554 ], [ 27.4441, -32.1813 ], [ 27.4157, -32.1824 ], [ 27.4185, -32.1518 ], [ 27.3974, -32.1364 ], [ 27.4027, -32.1229 ], [ 27.4233, -32.1199 ], [ 27.3879, -32.1082 ], [ 27.4133, -32.0975 ], [ 27.412, -32.0786 ], [ 27.4025, -32.0695 ], [ 27.3722, -32.0795 ], [ 27.3819, -32.069 ], [ 27.3715, -32.0537 ], [ 27.3533, -32.0538 ], [ 27.3667, -32.0467 ], [ 27.3722, -32.0329 ], [ 27.3629, -32.0281 ], [ 27.3746, -32.0156 ], [ 27.361, -32.0203 ], [ 27.3568, -31.9939 ], [ 27.3336, -31.9972 ], [ 27.3216, -31.9766 ], [ 27.3386, -31.9476 ], [ 27.2924, -31.935 ], [ 27.2823, -31.9445 ], [ 27.2728, -31.9337 ], [ 27.2837, -31.9316 ], [ 27.2788, -31.9138 ], [ 27.2977, -31.904 ], [ 27.2907, -31.8826 ], [ 27.3013, -31.8626 ], [ 27.3288, -31.8909 ], [ 27.4097, -31.8996 ], [ 27.4103, -31.8583 ], [ 27.4272, -31.8653 ], [ 27.4203, -31.8435 ], [ 27.4342, -31.8106 ], [ 27.4231, -31.7503 ], [ 27.407, -31.7455 ], [ 27.4168, -31.7409 ], [ 27.3987, -31.7257 ] ] ] } },
{ "type": "Feature", "properties": { "muni_code": "EC136" }, "geometry": { "type": "Polygon", "coordinates": [ [ [ 27.621, -31.229 ], [ 27.6173, -31.2685 ], [ 27.629, -31.2929 ], [ 27.6057, -31.3052 ], [ 27.5898, -31.3629 ], [ 27.5791, -31.3581 ], [ 27.5911, -31.3824 ], [ 27.5774, -31.3892 ], [ 27.5765, -31.417 ], [ 27.5893, -31.417 ], [ 27.5986, -31.4437 ], [ 27.5244, -31.4598 ], [ 27.5123, -31.4774 ], [ 27.4754, -31.4804 ], [ 27.4323, -31.5066 ], [ 27.4419, -31.5296 ], [ 27.4625, -31.5056 ], [ 27.4809, -31.5111 ], [ 27.4879, -31.5667 ], [ 27.4807, -31.5869 ], [ 27.4297, -31.5913 ], [ 27.4428, -31.612 ], [ 27.4223, -31.6158 ], [ 27.4352, -31.625 ], [ 27.4267, -31.6442 ], [ 27.4462, -31.654 ], [ 27.4352, -31.6947 ], [ 27.4124, -31.7085 ], [ 27.4142, -31.7258 ], [ 27.3987, -31.7257 ], [ 27.4168, -31.7409 ], [ 27.407, -31.7455 ], [ 27.4231, -31.7503 ], [ 27.4342, -31.8106 ], [ 27.4203, -31.8435 ], [ 27.4272, -31.8653 ], [ 27.4103, -31.8583 ], [ 27.4097, -31.8996 ], [ 27.3288, -31.8909 ], [ 27.3013, -31.8626 ], [ 27.2907, -31.8826 ], [ 27.2977, -31.904 ], [ 27.2788, -31.9138 ], [ 27.2837, -31.9316 ], [ 27.2369, -31.9471 ], [ 27.2285, -31.9618 ], [ 27.208, -31.9622 ], [ 27.1776, -31.9341 ], [ 27.1699, -31.9444 ], [ 27.1478, -31.9286 ], [ 27.1118, -31.9365 ], [ 27.106, -31.9156 ], [ 27.037, -31.8641 ], [ 26.9727, -31.8551 ], [ 26.9808, -31.8272 ], [ 26.9725, -31.787 ], [ 26.9127, -31.7747 ], [ 26.9063, -31.7413 ], [ 26.8801, -31.7388 ], [ 26.8823, -31.7153 ], [ 26.868, -31.7017 ], [ 26.8488, -31.6918 ], [ 26.8046, -31.7067 ], [ 26.7696, -31.6668 ], [ 26.8198, -31.6235 ], [ 26.8436, -31.5839 ], [ 26.8669, -31.5849 ], [ 26.8917, -31.5433 ], [ 26.8749, -31.5155 ], [ 26.8466, -31.5079 ], [ 26.8423, -31.4829 ], [ 26.8639, -31.4807 ], [ 26.8789, -31.4456 ], [ 26.8469, -31.4359 ], [ 26.8558, -31.4121 ], [ 26.8845, -31.3981 ], [ 26.8823, -31.378 ], [ 26.9346, -31.344 ], [ 26.9612, -31.3611 ], [ 26.9778, -31.3408 ], [ 27.0171, -31.361 ], [ 27.0475, -31.3445 ], [ 27.0866, -31.3975 ], [ 27.0996, -31.3939 ], [ 27.1308, -31.4266 ], [ 27.1752, -31.3678 ], [ 27.276, -31.3398 ], [ 27.2814, -31.3807 ], [ 27.2962, -31.375 ], [ 27.2908, -31.3562 ], [ 27.3038, -31.3463 ], [ 27.3225, -31.3792 ], [ 27.3446, -31.3803 ], [ 27.3626, -31.4223 ], [ 27.4085, -31.4185 ], [ 27.443, -31.3774 ], [ 27.4567, -31.301 ], [ 27.4339, -31.2795 ], [ 27.4513, -31.2572 ], [ 27.4907, -31.2526 ], [ 27.526, -31.2271 ], [ 27.5515, -31.2303 ], [ 27.5696, -31.2091 ], [ 27.6052, -31.212 ], [ 27.621, -31.229 ] ] ] } },
{ "type": "Feature", "properties": { "muni_code": "EC137" }, "geometry": { "type": "Polygon", "coordinates": [ [ [ 28.2607, -31.3704 ], [ 28.2938, -31.4167 ], [ 28.3813, -31.48 ], [ 28.3634, -31.5022 ], [ 28.3811, -31.558 ], [ 28.3633, -31.5777 ], [ 28.3215, -31.5899 ], [ 28.309, -31.6246 ], [ 28.3228, -31.6354 ], [ 28.302, -31.652 ], [ 28.3206, -31.6559 ], [ 28.3045, -31.6757 ], [ 28.3295, -31.6946 ], [ 28.344, -31.7155 ], [ 28.3352, -31.73 ], [ 28.3581, -31.7466 ], [ 28.3378, -31.7555 ], [ 28.3529, -31.7838 ], [ 28.3239, -31.7908 ], [ 28.3511, -31.8105 ], [ 28.3394, -31.819 ], [ 28.352, -31.8286 ], [ 28.3274, -31.8282 ], [ 28.3107, -31.8481 ], [ 28.2869, -31.8054 ], [ 28.2785, -31.8357 ], [ 28.2394, -31.8466 ], [ 28.2401, -31.8618 ], [ 28.2251, -31.8583 ], [ 28.2362, -31.8694 ], [ 28.1943, -31.9677 ], [ 28.1699, -31.948 ], [ 28.1789, -31.9675 ], [ 28.0659, -32.0162 ], [ 28.0464, -32.0408 ], [ 28.0167, -32.0424 ], [ 27.9833, -31.9843 ], [ 27.9935, -31.945 ], [ 28.0102, -31.9398 ], [ 27.9975, -31.8951 ], [ 28.0169, -31.8728 ], [ 27.8792, -31.8147 ], [ 27.8592, -31.775 ], [ 27.842, -31.7702 ], [ 27.8365, -31.7446 ], [ 27.8195, -31.7581 ], [ 27.8027, -31.7476 ], [ 27.7926, -31.6813 ], [ 27.7585, -31.6565 ], [ 27.7256, -31.6079 ], [ 27.734, -31.5636 ], [ 27.8024, -31.5439 ], [ 27.8162, -31.5575 ], [ 27.8351, -31.5366 ], [ 27.8605, -31.5344 ], [ 27.8939, -31.5509 ], [ 27.9131, -31.5319 ], [ 27.9873, -31.5329 ], [ 28.0484, -31.5058 ], [ 28.0546, -31.464 ], [ 28.0753, -31.4668 ], [ 28.157, -31.4019 ], [ 28.2607, -31.3704 ] ] ] } },
{ "type": "Feature", "properties": { "muni_code": "EC138" }, "geometry": { "type": "Polygon", "coordinates": [ [ [ 27.808, -31.2147 ], [ 27.8718, -31.2033 ], [ 27.9038, -31.2272 ], [ 27.9061, -31.2482 ], [ 27.9313, -31.234 ], [ 27.9886, -31.2404 ], [ 28.0808, -31.3238 ], [ 28.1111, -31.2926 ], [ 28.1466, -31.3004 ], [ 28.1428, -31.3124 ], [ 28.173, -31.3041 ], [ 28.2162, -31.3128 ], [ 28.2295, -31.3301 ], [ 28.2538, -31.334 ], [ 28.2607, -31.3704 ], [ 28.157, -31.4019 ], [ 28.0753, -31.4668 ], [ 28.0546, -31.464 ], [ 28.0484, -31.5058 ], [ 27.9873, -31.5329 ], [ 27.9131, -31.5319 ], [ 27.8939, -31.5509 ], [ 27.8605, -31.5344 ], [ 27.8351, -31.5366 ], [ 27.8162, -31.5575 ], [ 27.8024, -31.5439 ], [ 27.7388, -31.559 ], [ 27.7256, -31.6079 ], [ 27.7585, -31.6565 ], [ 27.7227, -31.7065 ], [ 27.6702, -31.7093 ], [ 27.6616, -31.73 ], [ 27.6335, -31.7131 ], [ 27.562, -31.7211 ], [ 27.5387, -31.7325 ], [ 27.5382, -31.7608 ], [ 27.5059, -31.7687 ], [ 27.4857, -31.763 ], [ 27.4804, -31.7261 ], [ 27.445, -31.7361 ], [ 27.4121, -31.7235 ], [ 27.4124, -31.7085 ], [ 27.4395, -31.6874 ], [ 27.4354, -31.6635 ], [ 27.4462, -31.6542 ], [ 27.4259, -31.6417 ], [ 27.4352, -31.625 ], [ 27.4223, -31.6158 ], [ 27.4428, -31.612 ], [ 27.4297, -31.5913 ], [ 27.4807, -31.5869 ], [ 27.4879, -31.5667 ], [ 27.4809, -31.5111 ], [ 27.4625, -31.5056 ], [ 27.4419, -31.5296 ], [ 27.4364, -31.4965 ], [ 27.5986, -31.4437 ], [ 27.5893, -31.417 ], [ 27.5765, -31.417 ], [ 27.5774, -31.3892 ], [ 27.5911, -31.3824 ], [ 27.5792, -31.3575 ], [ 27.5898, -31.3629 ], [ 27.6057, -31.3052 ], [ 27.629, -31.2929 ], [ 27.6173, -31.2685 ], [ 27.6241, -31.224 ], [ 27.6803, -31.2279 ], [ 27.7101, -31.2168 ], [ 27.7063, -31.2301 ], [ 27.7365, -31.235 ], [ 27.76, -31.2036 ], [ 27.808, -31.2147 ] ] ] } },
{ "type": "Feature", "properties": { "muni_code": "EC139" }, "geometry": { "type": "Polygon", "coordinates": [ [ [ 26.3711, -31.1837 ], [ 26.4263, -31.1847 ], [ 26.4126, -31.2066 ], [ 26.4271, -31.223 ], [ 26.532, -31.2078 ], [ 26.5287, -31.2263 ], [ 26.558, -31.2385 ], [ 26.5773, -31.2197 ], [ 26.6287, -31.2294 ], [ 26.6892, -31.1917 ], [ 26.7039, -31.2122 ], [ 26.7087, -31.2771 ], [ 26.6667, -31.3214 ], [ 26.6637, -31.3726 ], [ 26.6127, -31.372 ], [ 26.6296, -31.4056 ], [ 26.6333, -31.4552 ], [ 26.6798, -31.4386 ], [ 26.6991, -31.4517 ], [ 26.7302, -31.4462 ], [ 26.7432, -31.4173 ], [ 26.8657, -31.4343 ], [ 26.8789, -31.4456 ], [ 26.8639, -31.4807 ], [ 26.8423, -31.4829 ], [ 26.8466, -31.5079 ], [ 26.8749, -31.5155 ], [ 26.8917, -31.5433 ], [ 26.8669, -31.5849 ], [ 26.8436, -31.5839 ], [ 26.8198, -31.6235 ], [ 26.7696, -31.6668 ], [ 26.8046, -31.7067 ], [ 26.8488, -31.6918 ], [ 26.868, -31.7017 ], [ 26.8823, -31.7153 ], [ 26.8801, -31.7388 ], [ 26.9063, -31.7413 ], [ 26.9127, -31.7747 ], [ 26.9725, -31.787 ], [ 26.9808, -31.8272 ], [ 26.9727, -31.8551 ], [ 27.037, -31.8641 ], [ 27.106, -31.9156 ], [ 27.1118, -31.9365 ], [ 27.1478, -31.9286 ], [ 27.1699, -31.9444 ], [ 27.1776, -31.9341 ], [ 27.208, -31.9622 ], [ 27.2285, -31.9618 ], [ 27.2722, -31.9333 ], [ 27.2823, -31.9445 ], [ 27.2924, -31.935 ], [ 27.337, -31.9456 ], [ 27.3216, -31.9766 ], [ 27.3336, -31.9972 ], [ 27.3568, -31.9939 ], [ 27.361, -32.0203 ], [ 27.3746, -32.0156 ], [ 27.3629, -32.0281 ], [ 27.3722, -32.0329 ], [ 27.3667, -32.0467 ], [ 27.3533, -32.0538 ], [ 27.3715, -32.0537 ], [ 27.3819, -32.069 ], [ 27.3722, -32.0795 ], [ 27.4025, -32.0695 ], [ 27.412, -32.0786 ], [ 27.4133, -32.0975 ], [ 27.3879, -32.1082 ], [ 27.4233, -32.1199 ], [ 27.4027, -32.1229 ], [ 27.3974, -32.1364 ], [ 27.4185, -32.1518 ], [ 27.4157, -32.1824 ], [ 27.4441, -32.1813 ], [ 27.4401, -32.1554 ], [ 27.4624, -32.1749 ], [ 27.4809, -32.1622 ], [ 27.5001, -32.1872 ], [ 27.483, -32.1905 ], [ 27.5141, -32.2172 ], [ 27.4858, -32.2526 ], [ 27.4921, -32.3066 ], [ 27.4609, -32.3343 ], [ 27.4413, -32.3344 ], [ 27.4514, -32.3522 ], [ 27.4316, -32.3563 ], [ 27.4138, -32.3384 ], [ 27.411, -32.3549 ], [ 27.3662, -32.351 ], [ 27.3706, -32.3401 ], [ 27.3478, -32.3117 ], [ 27.3242, -32.3154 ], [ 27.2742, -32.2698 ], [ 27.2436, -32.2819 ], [ 27.2059, -32.2661 ], [ 27.1984, -32.2494 ], [ 27.1844, -32.2528 ], [ 27.1806, -32.2331 ], [ 27.1199, -32.2389 ], [ 27.1244, -32.2288 ], [ 27.0916, -32.2209 ], [ 27.0513, -32.2354 ], [ 27.0493, -32.2197 ], [ 27.0109, -32.2225 ], [ 26.9654, -32.1916 ], [ 26.9002, -32.2515 ], [ 26.893, -32.2716 ], [ 26.8694, -32.2696 ], [ 26.8432, -32.2482 ], [ 26.8511, -32.2665 ], [ 26.8122, -32.2958 ], [ 26.8306, -32.3237 ], [ 26.8114, -32.3361 ], [ 26.743, -32.337 ], [ 26.7363, -32.3274 ], [ 26.7118, -32.34 ], [ 26.729, -32.3632 ], [ 26.7323, -32.3971 ], [ 26.7047, -32.4181 ], [ 26.6719, -32.4155 ], [ 26.6624, -32.4279 ], [ 26.5804, -32.3871 ], [ 26.5668, -32.4019 ], [ 26.5392, -32.386 ], [ 26.5337, -32.3602 ], [ 26.5156, -32.3546 ], [ 26.3709, -32.357 ], [ 26.3096, -32.376 ], [ 26.2351, -32.354 ], [ 26.1865, -32.3688 ], [ 26.2025, -32.3313 ], [ 26.1893, -32.2897 ], [ 26.2069, -32.1645 ], [ 26.1408, -32.1468 ], [ 26.1392, -32.1192 ], [ 26.076, -32.1126 ], [ 26.0553, -32.0996 ], [ 26.0641, -32.0801 ], [ 25.9997, -32.0706 ], [ 26.0239, -32.0552 ], [ 26.0004, -32.0379 ], [ 26.0341, -32.0016 ], [ 25.9994, -32.005 ], [ 25.9484, -31.9811 ], [ 25.8502, -31.9089 ], [ 25.8301, -31.921 ], [ 25.7622, -31.8979 ], [ 25.7653, -31.8788 ], [ 25.7375, -31.8832 ], [ 25.7232, -31.8637 ], [ 25.7339, -31.8578 ], [ 25.7228, -31.8548 ], [ 25.6739, -31.8991 ], [ 25.6406, -31.9027 ], [ 25.6341, -31.8396 ], [ 25.5637, -31.8029 ], [ 25.561, -31.7642 ], [ 25.5086, -31.7612 ], [ 25.4779, -31.7393 ], [ 25.4416, -31.7581 ], [ 25.4272, -31.7411 ], [ 25.3604, -31.7145 ], [ 25.3995, -31.6767 ], [ 25.4545, -31.6846 ], [ 25.4795, -31.669 ], [ 25.5283, -31.6137 ], [ 25.5058, -31.5489 ], [ 25.5345, -31.5346 ], [ 25.5479, -31.5543 ], [ 25.6169, -31.5801 ], [ 25.6423, -31.5765 ], [ 25.6155, -31.5434 ], [ 25.5641, -31.5268 ], [ 25.5866, -31.5114 ], [ 25.5785, -31.4912 ], [ 25.617, -31.4739 ], [ 25.6347, -31.48 ], [ 25.6513, -31.4488 ], [ 25.6657, -31.461 ], [ 25.6917, -31.4581 ], [ 25.7061, -31.4751 ], [ 25.7693, -31.4441 ], [ 25.8124, -31.4671 ], [ 25.8566, -31.4537 ], [ 25.966, -31.4768 ], [ 26.0023, -31.4102 ], [ 25.9992, -31.3349 ], [ 26.0332, -31.3322 ], [ 26.1218, -31.2937 ], [ 26.1346, -31.2515 ], [ 26.2034, -31.2772 ], [ 26.237, -31.2243 ], [ 26.2989, -31.2168 ], [ 26.2975, -31.2332 ], [ 26.3361, -31.2494 ], [ 26.3372, -31.2103 ], [ 26.3582, -31.2223 ], [ 26.3711, -31.1837 ] ] ] } },
{ "type": "Feature", "properties": { "muni_code": "EC141" }, "geometry": { "type": "Polygon", "coordinates": [ [ [ 28.2948, -30.3726 ], [ 28.4208, -30.421 ], [ 28.4808, -30.4223 ], [ 28.508, -30.4467 ], [ 28.5062, -30.4694 ], [ 28.5331, -30.4701 ], [ 28.5402, -30.4516 ], [ 28.5751, -30.4369 ], [ 28.6276, -30.4728 ], [ 28.62, -30.4859 ], [ 28.6085, -30.4902 ], [ 28.6232, -30.4754 ], [ 28.5698, -30.4963 ], [ 28.5733, -30.5224 ], [ 28.5607, -30.5183 ], [ 28.547, -30.5487 ], [ 28.5249, -30.5482 ], [ 28.5136, -30.5672 ], [ 28.5607, -30.6214 ], [ 28.556, -30.652 ], [ 28.5665, -30.6601 ], [ 28.542, -30.6649 ], [ 28.5599, -30.7087 ], [ 28.59, -30.7115 ], [ 28.6077, -30.7551 ], [ 28.641, -30.768 ], [ 28.6044, -30.8051 ], [ 28.6309, -30.8106 ], [ 28.6206, -30.8158 ], [ 28.6443, -30.8408 ], [ 28.6292, -30.8476 ], [ 28.6624, -30.9263 ], [ 28.5817, -30.9305 ], [ 28.5755, -30.9518 ], [ 28.5873, -30.9668 ], [ 28.5747, -30.9959 ], [ 28.5502, -30.9952 ], [ 28.5604, -31.0158 ], [ 28.5253, -31.0488 ], [ 28.538, -31.0552 ], [ 28.5053, -31.0494 ], [ 28.4937, -31.0314 ], [ 28.4907, -31.0399 ], [ 28.496, -31.0578 ], [ 28.5187, -31.07 ], [ 28.5184, -31.1125 ], [ 28.5601, -31.0846 ], [ 28.5612, -31.1046 ], [ 28.5921, -31.1066 ], [ 28.6016, -31.0882 ], [ 28.6083, -31.1028 ], [ 28.6421, -31.0994 ], [ 28.6981, -31.1281 ], [ 28.6762, -31.134 ], [ 28.6661, -31.1667 ], [ 28.6872, -31.165 ], [ 28.692, -31.1981 ], [ 28.6787, -31.1997 ], [ 28.6708, -31.1845 ], [ 28.6222, -31.2211 ], [ 28.6204, -31.2369 ], [ 28.5831, -31.2319 ], [ 28.5729, -31.2417 ], [ 28.5552, -31.2318 ], [ 28.5601, -31.2389 ], [ 28.5141, -31.2437 ], [ 28.4739, -31.2699 ], [ 28.466, -31.2988 ], [ 28.4519, -31.3035 ], [ 28.4704, -31.3236 ], [ 28.4951, -31.3263 ], [ 28.4991, -31.3485 ], [ 28.4839, -31.3743 ], [ 28.4291, -31.4028 ], [ 28.4255, -31.4212 ], [ 28.4071, -31.428 ], [ 28.3986, -31.4679 ], [ 28.3813, -31.4806 ], [ 28.2938, -31.4167 ], [ 28.2514, -31.3565 ], [ 28.2538, -31.334 ], [ 28.2295, -31.3301 ], [ 28.2162, -31.3128 ], [ 28.173, -31.3041 ], [ 28.1428, -31.3124 ], [ 28.1466, -31.3004 ], [ 28.1111, -31.2926 ], [ 28.0808, -31.3238 ], [ 27.9886, -31.2404 ], [ 27.9313, -31.234 ], [ 27.9495, -31.2038 ], [ 27.9685, -31.1985 ], [ 27.9855, -31.152 ], [ 27.9816, -31.0765 ], [ 28.0639, -31.0126 ], [ 28.0511, -30.9743 ], [ 28.0659, -30.9654 ], [ 28.0596, -30.9495 ], [ 28.0808, -30.9395 ], [ 28.0786, -30.9131 ], [ 28.1321, -30.8353 ], [ 28.1255, -30.7912 ], [ 28.1382, -30.7822 ], [ 28.1204, -30.7782 ], [ 28.1514, -30.7178 ], [ 28.148, -30.7 ], [ 28.1623, -30.6928 ], [ 28.1412, -30.6598 ], [ 28.1177, -30.6687 ], [ 28.1236, -30.6493 ], [ 28.1106, -30.6087 ], [ 28.1602, -30.573 ], [ 28.157, -30.544 ], [ 28.1767, -30.5265 ], [ 28.1805, -30.4936 ], [ 28.1564, -30.4655 ], [ 28.1861, -30.4352 ], [ 28.2283, -30.4305 ], [ 28.2392, -30.4131 ], [ 28.257, -30.4186 ], [ 28.2688, -30.3737 ], [ 28.2948, -30.3726 ] ] ] } },
{ "type": "Feature", "properties": { "muni_code": "EC142" }, "geometry": { "type": "Polygon", "coordinates": [ [ [ 27.4597, -30.3133 ], [ 27.4755, -30.3221 ], [ 27.4744, -30.355 ], [ 27.4894, -30.3734 ], [ 27.5531, -30.4012 ], [ 27.5714, -30.4286 ], [ 27.5673, -30.4448 ], [ 27.6037, -30.448 ], [ 27.6097, -30.4956 ], [ 27.6904, -30.5408 ], [ 27.6943, -30.5587 ], [ 27.7164, -30.5686 ], [ 27.7419, -30.6039 ], [ 27.7955, -30.6191 ], [ 27.9155, -30.6013 ], [ 27.9405, -30.6441 ], [ 28.0037, -30.659 ], [ 28.0846, -30.654 ], [ 28.1136, -30.6756 ], [ 28.1412, -30.6598 ], [ 28.1623, -30.6928 ], [ 28.148, -30.7 ], [ 28.1514, -30.7178 ], [ 28.1204, -30.7782 ], [ 28.1382, -30.7822 ], [ 28.1255, -30.7912 ], [ 28.1321, -30.8353 ], [ 28.0786, -30.9131 ], [ 28.0808, -30.9395 ], [ 28.0596, -30.9495 ], [ 28.0659, -30.9654 ], [ 28.0511, -30.9743 ], [ 28.0639, -31.0126 ], [ 27.9816, -31.0765 ], [ 27.9855, -31.152 ], [ 27.9685, -31.1985 ], [ 27.9495, -31.2038 ], [ 27.9313, -31.234 ], [ 27.9061, -31.2482 ], [ 27.9038, -31.2272 ], [ 27.8718, -31.2033 ], [ 27.8081, -31.2148 ], [ 27.76, -31.2036 ], [ 27.7365, -31.235 ], [ 27.7063, -31.2301 ], [ 27.7101, -31.2168 ], [ 27.6803, -31.2279 ], [ 27.5696, -31.2091 ], [ 27.5515, -31.2303 ], [ 27.526, -31.2271 ], [ 27.4907, -31.2526 ], [ 27.4513, -31.2572 ], [ 27.4339, -31.2795 ], [ 27.4567, -31.301 ], [ 27.4398, -31.3847 ], [ 27.4085, -31.4185 ], [ 27.3626, -31.4223 ], [ 27.3446, -31.3803 ], [ 27.3225, -31.3792 ], [ 27.3038, -31.3463 ], [ 27.2908, -31.3562 ], [ 27.2962, -31.375 ], [ 27.2814, -31.3807 ], [ 27.276, -31.3398 ], [ 27.2968, -31.34 ], [ 27.2966, -31.2916 ], [ 27.2726, -31.2644 ], [ 27.2422, -31.2599 ], [ 27.1953, -31.2834 ], [ 27.1651, -31.2598 ], [ 27.1687, -31.1602 ], [ 27.1745, -31.1499 ], [ 27.2178, -31.146 ], [ 27.2016, -31.0994 ], [ 27.1895, -31.1032 ], [ 27.1298, -31.0621 ], [ 27.1587, -31.052 ], [ 27.1412, -31.0019 ], [ 27.1683, -30.9851 ], [ 27.1748, -30.9509 ], [ 27.1484, -30.951 ], [ 27.1395, -30.9284 ], [ 27.1504, -30.9176 ], [ 27.1311, -30.9052 ], [ 27.1798, -30.8026 ], [ 27.1187, -30.7832 ], [ 27.14, -30.7491 ], [ 27.1376, -30.7359 ], [ 27.1157, -30.7308 ], [ 27.1047, -30.6879 ], [ 27.1295, -30.6658 ], [ 27.1104, -30.6624 ], [ 27.1111, -30.6365 ], [ 27.0598, -30.6145 ], [ 27.048, -30.6203 ], [ 27.0356, -30.6085 ], [ 27.0405, -30.5799 ], [ 26.9981, -30.5487 ], [ 27.007, -30.5369 ], [ 27.0853, -30.5281 ], [ 27.1067, -30.5581 ], [ 27.138, -30.5322 ], [ 27.1305, -30.5102 ], [ 27.1864, -30.5246 ], [ 27.2128, -30.487 ], [ 27.2297, -30.5096 ], [ 27.2395, -30.4806 ], [ 27.2511, -30.5025 ], [ 27.2975, -30.5122 ], [ 27.2984, -30.4946 ], [ 27.3284, -30.4834 ], [ 27.296, -30.4616 ], [ 27.3006, -30.4437 ], [ 27.3396, -30.4506 ], [ 27.3687, -30.437 ], [ 27.3615, -30.4253 ], [ 27.3242, -30.4232 ], [ 27.3389, -30.3983 ], [ 27.3769, -30.4088 ], [ 27.4038, -30.3916 ], [ 27.3967, -30.3611 ], [ 27.3834, -30.3583 ], [ 27.3721, -30.3746 ], [ 27.3664, -30.3387 ], [ 27.3489, -30.3308 ], [ 27.3782, -30.3268 ], [ 27.393, -30.3398 ], [ 27.4597, -30.3133 ] ] ] } },
{ "type": "Feature", "properties": { "muni_code": "EC145" }, "geometry": { "type": "Polygon", "coordinates": [ [ [ 26.2613, -30.5417 ], [ 26.2815, -30.5901 ], [ 26.3164, -30.5825 ], [ 26.353, -30.5952 ], [ 26.4179, -30.5663 ], [ 26.4501, -30.5697 ], [ 26.4894, -30.5938 ], [ 26.4834, -30.6296 ], [ 26.5579, -30.6641 ], [ 26.629, -30.6617 ], [ 26.63, -30.694 ], [ 26.6535, -30.6901 ], [ 26.6753, -30.6675 ], [ 26.6857, -30.686 ], [ 26.7031, -30.6869 ], [ 26.7257, -30.6664 ], [ 26.7516, -30.6662 ], [ 26.8053, -30.6394 ], [ 26.8443, -30.6826 ], [ 26.8669, -30.6834 ], [ 26.8787, -30.6596 ], [ 26.9023, -30.6689 ], [ 26.9466, -30.6602 ], [ 26.9314, -30.6204 ], [ 26.9982, -30.5948 ], [ 27.0138, -30.6064 ], [ 27.0404, -30.6008 ], [ 27.051, -30.6217 ], [ 27.0598, -30.6145 ], [ 27.0799, -30.6315 ], [ 27.1075, -30.6317 ], [ 27.1104, -30.6624 ], [ 27.1295, -30.6658 ], [ 27.1047, -30.6879 ], [ 27.1157, -30.7308 ], [ 27.1376, -30.7359 ], [ 27.14, -30.7491 ], [ 27.1187, -30.7832 ], [ 27.1798, -30.8026 ], [ 27.1311, -30.9052 ], [ 27.1504, -30.9176 ], [ 27.1395, -30.9284 ], [ 27.1484, -30.951 ], [ 27.1748, -30.9509 ], [ 27.1683, -30.9851 ], [ 27.1412, -31.0019 ], [ 27.1587, -31.052 ], [ 27.1298, -31.0621 ], [ 27.1895, -31.1032 ], [ 27.2016, -31.0994 ], [ 27.2178, -31.146 ], [ 27.1745, -31.1499 ], [ 27.1687, -31.1602 ], [ 27.1651, -31.2598 ], [ 27.1953, -31.2834 ], [ 27.2422, -31.2599 ], [ 27.2726, -31.2644 ], [ 27.2966, -31.2916 ], [ 27.2968, -31.34 ], [ 27.1752, -31.3678 ], [ 27.1308, -31.4266 ], [ 27.0996, -31.3939 ], [ 27.0866, -31.3975 ], [ 27.0475, -31.3445 ], [ 27.0171, -31.361 ], [ 26.9778, -31.3408 ], [ 26.9612, -31.3611 ], [ 26.9346, -31.344 ], [ 26.8823, -31.378 ], [ 26.8845, -31.3981 ], [ 26.8558, -31.4121 ], [ 26.8469, -31.4359 ], [ 26.7432, -31.4173 ], [ 26.7302, -31.4462 ], [ 26.6991, -31.4517 ], [ 26.6798, -31.4386 ], [ 26.6333, -31.4552 ], [ 26.6296, -31.4056 ], [ 26.6127, -31.372 ], [ 26.6637, -31.3726 ], [ 26.6667, -31.3214 ], [ 26.7087, -31.2771 ], [ 26.7039, -31.2122 ], [ 26.6892, -31.1917 ], [ 26.6287, -31.2294 ], [ 26.5773, -31.2197 ], [ 26.558, -31.2385 ], [ 26.5287, -31.2263 ], [ 26.532, -31.2078 ], [ 26.4271, -31.223 ], [ 26.4126, -31.2066 ], [ 26.4263, -31.1847 ], [ 26.371, -31.1837 ], [ 26.3582, -31.2223 ], [ 26.3372, -31.2103 ], [ 26.3361, -31.2494 ], [ 26.2975, -31.2332 ], [ 26.2989, -31.2168 ], [ 26.237, -31.2243 ], [ 26.2034, -31.2772 ], [ 26.1346, -31.2515 ], [ 26.1218, -31.2937 ], [ 26.0332, -31.3322 ], [ 25.9992, -31.3349 ], [ 26.0023, -31.4102 ], [ 25.966, -31.4768 ], [ 25.8566, -31.4537 ], [ 25.8124, -31.4671 ], [ 25.7687, -31.4441 ], [ 25.7061, -31.4751 ], [ 25.6917, -31.4581 ], [ 25.6657, -31.461 ], [ 25.6513, -31.4488 ], [ 25.6347, -31.48 ], [ 25.617, -31.4739 ], [ 25.5893, -31.4853 ], [ 25.583, -31.3449 ], [ 25.5645, -31.3585 ], [ 25.5121, -31.346 ], [ 25.4635, -31.352 ], [ 25.4436, -31.3343 ], [ 25.4744, -31.3133 ], [ 25.5155, -31.3168 ], [ 25.5575, -31.278 ], [ 25.5207, -31.2682 ], [ 25.4972, -31.2346 ], [ 25.4484, -31.2562 ], [ 25.4326, -31.2361 ], [ 25.4398, -31.2307 ], [ 25.3988, -31.211 ], [ 25.3862, -31.2178 ], [ 25.3778, -31.1989 ], [ 25.3919, -31.1384 ], [ 25.4156, -31.1344 ], [ 25.4464, -31.1002 ], [ 25.4543, -31.0793 ], [ 25.4388, -31.0615 ], [ 25.4868, -31.0369 ], [ 25.5016, -31.0074 ], [ 25.4848, -31.0063 ], [ 25.475, -30.9839 ], [ 25.5109, -30.9557 ], [ 25.5046, -30.933 ], [ 25.5178, -30.9015 ], [ 25.4713, -30.8698 ], [ 25.4852, -30.8498 ], [ 25.5216, -30.8332 ], [ 25.5493, -30.791 ], [ 25.5249, -30.7964 ], [ 25.4802, -30.7789 ], [ 25.4764, -30.7282 ], [ 25.4623, -30.7221 ], [ 25.4602, -30.6833 ], [ 25.4719, -30.6729 ], [ 25.4585, -30.6574 ], [ 25.4625, -30.6281 ], [ 25.4753, -30.635 ], [ 25.5256, -30.6139 ], [ 25.5623, -30.6163 ], [ 25.5967, -30.5904 ], [ 25.6248, -30.6243 ], [ 25.6137, -30.656 ], [ 25.6417, -30.6577 ], [ 25.6755, -30.6401 ], [ 25.6932, -30.6761 ], [ 25.7642, -30.6885 ], [ 25.793, -30.6371 ], [ 25.8467, -30.6336 ], [ 25.8606, -30.6129 ], [ 25.891, -30.6103 ], [ 25.8718, -30.5622 ], [ 25.8849, -30.5442 ], [ 25.9027, -30.5428 ], [ 25.931, -30.585 ], [ 25.9438, -30.5569 ], [ 25.977, -30.5382 ], [ 26.0974, -30.5165 ], [ 26.1421, -30.5402 ], [ 26.1487, -30.5175 ], [ 26.1301, -30.5001 ], [ 26.1531, -30.4834 ], [ 26.1933, -30.5029 ], [ 26.1987, -30.5323 ], [ 26.2613, -30.5417 ] ] ] } },
{ "type": "Feature", "properties": { "muni_code": "EC153" }, "geometry": { "type": "Polygon", "coordinates": [ [ [ 29.471, -30.9134 ], [ 29.4895, -30.9294 ], [ 29.4945, -30.9206 ], [ 29.5088, -30.9316 ], [ 29.5289, -30.9268 ], [ 29.5192, -30.9341 ], [ 29.6097, -30.983 ], [ 29.5744, -30.9942 ], [ 29.5918, -31.0184 ], [ 29.5843, -31.038 ], [ 29.6192, -31.0458 ], [ 29.6246, -31.0616 ], [ 29.6778, -31.0597 ], [ 29.6914, -31.0876 ], [ 29.6995, -31.0759 ], [ 29.726, -31.0869 ], [ 29.7411, -31.1066 ], [ 29.7377, -31.1287 ], [ 29.7658, -31.1336 ], [ 29.7615, -31.1194 ], [ 29.7813, -31.1295 ], [ 29.7971, -31.1157 ], [ 29.8046, -31.1431 ], [ 29.8443, -31.1318 ], [ 29.8366, -31.1483 ], [ 29.8627, -31.1479 ], [ 29.8661, -31.1645 ], [ 29.8871, -31.1627 ], [ 29.9047, -31.1796 ], [ 29.913, -31.1694 ], [ 29.9123, -31.178 ], [ 29.9512, -31.1859 ], [ 29.9626, -31.21 ], [ 30.0395, -31.2419 ], [ 30.0452, -31.2577 ], [ 29.8595, -31.4291 ], [ 29.8337, -31.4435 ], [ 29.77, -31.4451 ], [ 29.7356, -31.4664 ], [ 29.6919, -31.5281 ], [ 29.6554, -31.4971 ], [ 29.6432, -31.4999 ], [ 29.6453, -31.4864 ], [ 29.6156, -31.479 ], [ 29.6154, -31.4645 ], [ 29.5918, -31.4684 ], [ 29.5943, -31.4351 ], [ 29.5839, -31.4442 ], [ 29.5816, -31.4326 ], [ 29.5373, -31.4251 ], [ 29.5286, -31.3869 ], [ 29.5068, -31.3982 ], [ 29.5179, -31.3818 ], [ 29.5051, -31.3597 ], [ 29.5152, -31.3703 ], [ 29.5244, -31.3631 ], [ 29.5051, -31.3584 ], [ 29.5107, -31.3407 ], [ 29.4974, -31.33 ], [ 29.4472, -31.3315 ], [ 29.4412, -31.3125 ], [ 29.4615, -31.303 ], [ 29.4481, -31.2945 ], [ 29.3879, -31.3293 ], [ 29.3589, -31.2949 ], [ 29.3005, -31.338 ], [ 29.2911, -31.3703 ], [ 29.2646, -31.3872 ], [ 29.2712, -31.3953 ], [ 29.2413, -31.41 ], [ 29.2288, -31.3967 ], [ 29.2398, -31.3765 ], [ 29.2042, -31.3711 ], [ 29.2315, -31.3637 ], [ 29.2318, -31.3522 ], [ 29.2033, -31.3493 ], [ 29.1957, -31.3369 ], [ 29.2277, -31.317 ], [ 29.2352, -31.2864 ], [ 29.2219, -31.2808 ], [ 29.2519, -31.2308 ], [ 29.2435, -31.1984 ], [ 29.2517, -31.193 ], [ 29.2661, -31.2166 ], [ 29.281, -31.2171 ], [ 29.2873, -31.1826 ], [ 29.3742, -31.1466 ], [ 29.3533, -31.1259 ], [ 29.3851, -31.1194 ], [ 29.3796, -31.1105 ], [ 29.3944, -31.1107 ], [ 29.4089, -31.0904 ], [ 29.4367, -31.1037 ], [ 29.4365, -31.0791 ], [ 29.3997, -31.0827 ], [ 29.433, -31.0506 ], [ 29.4272, -31.0195 ], [ 29.4055, -31.0036 ], [ 29.4587, -30.9599 ], [ 29.4547, -30.9301 ], [ 29.471, -30.9134 ] ] ] } },
{ "type": "Feature", "properties": { "muni_code": "EC154" }, "geometry": { "type": "Polygon", "coordinates": [ [ [ 29.3621, -31.2942 ], [ 29.368, -31.313 ], [ 29.3879, -31.3293 ], [ 29.4209, -31.302 ], [ 29.4613, -31.3025 ], [ 29.4412, -31.3125 ], [ 29.4472, -31.3315 ], [ 29.4974, -31.33 ], [ 29.5107, -31.3407 ], [ 29.5051, -31.3584 ], [ 29.5244, -31.3631 ], [ 29.5152, -31.3703 ], [ 29.5051, -31.3597 ], [ 29.5179, -31.3818 ], [ 29.5068, -31.3982 ], [ 29.5286, -31.3869 ], [ 29.5373, -31.4251 ], [ 29.5816, -31.4326 ], [ 29.5839, -31.4442 ], [ 29.5943, -31.4351 ], [ 29.5918, -31.4684 ], [ 29.6154, -31.4645 ], [ 29.6156, -31.479 ], [ 29.6453, -31.4864 ], [ 29.6432, -31.4999 ], [ 29.6554, -31.4971 ], [ 29.691, -31.5282 ], [ 29.6365, -31.5638 ], [ 29.6258, -31.5849 ], [ 29.5491, -31.628 ], [ 29.5448, -31.6426 ], [ 29.4223, -31.6917 ], [ 29.403, -31.734 ], [ 29.3567, -31.7585 ], [ 29.3477, -31.8037 ], [ 29.3209, -31.8073 ], [ 29.2959, -31.7954 ], [ 29.3023, -31.7898 ], [ 29.3006, -31.7858 ], [ 29.2715, -31.7845 ], [ 29.272, -31.7706 ], [ 29.2561, -31.7775 ], [ 29.2488, -31.7574 ], [ 29.2577, -31.733 ], [ 29.2466, -31.6866 ], [ 29.2781, -31.6386 ], [ 29.2599, -31.5838 ], [ 29.2905, -31.5474 ], [ 29.2962, -31.5112 ], [ 29.2908, -31.4419 ], [ 29.2771, -31.4437 ], [ 29.2638, -31.4256 ], [ 29.3, -31.3926 ], [ 29.2643, -31.3877 ], [ 29.2911, -31.3703 ], [ 29.3017, -31.3367 ], [ 29.3444, -31.3033 ], [ 29.3621, -31.2942 ] ] ] } },
{ "type": "Feature", "properties": { "muni_code": "EC155" }, "geometry": { "type": "Polygon", "coordinates": [ [ [ 29.1901, -31.2748 ], [ 29.2043, -31.2957 ], [ 29.2272, -31.3009 ], [ 29.2269, -31.3186 ], [ 29.1959, -31.3401 ], [ 29.2285, -31.3491 ], [ 29.233, -31.3609 ], [ 29.2049, -31.3732 ], [ 29.2398, -31.3765 ], [ 29.2288, -31.3967 ], [ 29.2428, -31.4108 ], [ 29.3, -31.3926 ], [ 29.2638, -31.4256 ], [ 29.2771, -31.4437 ], [ 29.2908, -31.4419 ], [ 29.2962, -31.5112 ], [ 29.2905, -31.5474 ], [ 29.2599, -31.5838 ], [ 29.2781, -31.6386 ], [ 29.2466, -31.6866 ], [ 29.2577, -31.733 ], [ 29.2488, -31.7574 ], [ 29.2561, -31.7775 ], [ 29.272, -31.7706 ], [ 29.2715, -31.7845 ], [ 29.3006, -31.7858 ], [ 29.2959, -31.7954 ], [ 29.328, -31.8078 ], [ 29.2626, -31.8638 ], [ 29.2618, -31.8812 ], [ 29.213, -31.945 ], [ 29.1863, -31.9496 ], [ 29.1577, -31.9198 ], [ 29.1513, -31.939 ], [ 29.1358, -31.935 ], [ 29.1377, -31.9217 ], [ 29.125, -31.9031 ], [ 29.1167, -31.9176 ], [ 29.1023, -31.8765 ], [ 29.0846, -31.9041 ], [ 29.0675, -31.8925 ], [ 29.0883, -31.8797 ], [ 29.0814, -31.8676 ], [ 29.0438, -31.8713 ], [ 29.038, -31.8859 ], [ 29.0262, -31.8646 ], [ 29.0004, -31.8754 ], [ 28.9971, -31.8629 ], [ 29.0171, -31.8432 ], [ 28.983, -31.8491 ], [ 28.9963, -31.8307 ], [ 28.989, -31.821 ], [ 28.9445, -31.8333 ], [ 28.9093, -31.7886 ], [ 28.8994, -31.7962 ], [ 28.9123, -31.8169 ], [ 28.8872, -31.8162 ], [ 28.8915, -31.7666 ], [ 28.9206, -31.7567 ], [ 28.8868, -31.755 ], [ 28.9092, -31.7469 ], [ 28.8853, -31.7291 ], [ 28.908, -31.7092 ], [ 28.874, -31.7054 ], [ 28.8939, -31.6962 ], [ 28.8793, -31.6787 ], [ 28.8543, -31.6815 ], [ 28.8541, -31.6946 ], [ 28.8117, -31.6904 ], [ 28.8434, -31.6607 ], [ 28.8273, -31.6555 ], [ 28.835, -31.6452 ], [ 28.818, -31.6342 ], [ 28.8378, -31.6262 ], [ 28.8342, -31.6065 ], [ 28.8236, -31.6117 ], [ 28.8168, -31.5987 ], [ 28.817, -31.5622 ], [ 28.7887, -31.5445 ], [ 28.8139, -31.5091 ], [ 28.7894, -31.5035 ], [ 28.8078, -31.4979 ], [ 28.8028, -31.487 ], [ 28.7829, -31.5042 ], [ 28.7691, -31.5025 ], [ 28.7547, -31.486 ], [ 28.7708, -31.4766 ], [ 28.8156, -31.4882 ], [ 28.8598, -31.481 ], [ 28.845, -31.4447 ], [ 28.8572, -31.4418 ], [ 28.8624, -31.4209 ], [ 28.8495, -31.3978 ], [ 28.8738, -31.3757 ], [ 28.881, -31.3402 ], [ 28.8724, -31.3315 ], [ 28.8908, -31.315 ], [ 28.926, -31.3173 ], [ 28.9961, -31.2844 ], [ 28.9893, -31.2995 ], [ 29.0245, -31.2928 ], [ 29.0088, -31.3111 ], [ 29.0429, -31.3221 ], [ 29.0718, -31.3223 ], [ 29.0952, -31.2985 ], [ 29.1015, -31.3191 ], [ 29.1058, -31.3036 ], [ 29.1246, -31.2997 ], [ 29.1266, -31.3217 ], [ 29.1456, -31.3216 ], [ 29.1653, -31.2964 ], [ 29.1917, -31.2926 ], [ 29.1734, -31.2745 ], [ 29.1901, -31.2748 ] ] ] } },
{ "type": "Feature", "properties": { "muni_code": "EC156" }, "geometry": { "type": "Polygon", "coordinates": [ [ [ 28.6412, -30.7731 ], [ 28.6619, -30.7908 ], [ 28.6509, -30.8056 ], [ 28.6861, -30.8169 ], [ 28.68, -30.8356 ], [ 28.7293, -30.8432 ], [ 28.7408, -30.8699 ], [ 28.7575, -30.8651 ], [ 28.7583, -30.8898 ], [ 28.7885, -30.8811 ], [ 28.8022, -30.8927 ], [ 28.7918, -30.904 ], [ 28.8207, -30.9255 ], [ 28.8088, -30.9542 ], [ 28.8315, -30.9647 ], [ 28.8348, -30.9422 ], [ 28.867, -30.9499 ], [ 28.8676, -30.968 ], [ 28.8483, -30.9697 ], [ 28.8879, -31.0368 ], [ 28.8722, -31.0337 ], [ 28.8754, -31.0493 ], [ 28.8611, -31.0415 ], [ 28.8514, -31.0533 ], [ 28.9057, -31.0777 ], [ 28.9193, -31.0538 ], [ 28.9344, -31.072 ], [ 28.9418, -31.0602 ], [ 28.9328, -31.0533 ], [ 28.9472, -31.0434 ], [ 28.9561, -31.0729 ], [ 28.9826, -31.054 ], [ 28.9789, -31.025 ], [ 29.0144, -31.02 ], [ 29.0182, -31.0024 ], [ 29.0419, -31.0093 ], [ 29.0691, -31.0527 ], [ 29.1323, -31.0914 ], [ 29.1351, -31.1526 ], [ 29.2075, -31.1724 ], [ 29.1883, -31.1904 ], [ 29.1876, -31.2034 ], [ 29.2044, -31.1886 ], [ 29.1938, -31.2164 ], [ 29.1797, -31.2078 ], [ 29.169, -31.2282 ], [ 29.1699, -31.2588 ], [ 29.1915, -31.2688 ], [ 29.1736, -31.2756 ], [ 29.1933, -31.2899 ], [ 29.1338, -31.3228 ], [ 29.1259, -31.3 ], [ 29.1058, -31.3036 ], [ 29.1023, -31.3192 ], [ 29.0962, -31.2985 ], [ 29.0718, -31.3223 ], [ 29.0429, -31.3221 ], [ 29.0088, -31.3111 ], [ 29.0245, -31.2928 ], [ 28.9893, -31.2995 ], [ 28.9961, -31.2844 ], [ 28.926, -31.3173 ], [ 28.8908, -31.315 ], [ 28.8724, -31.3315 ], [ 28.881, -31.3402 ], [ 28.8738, -31.3757 ], [ 28.8495, -31.3978 ], [ 28.8624, -31.4209 ], [ 28.8572, -31.4418 ], [ 28.845, -31.4447 ], [ 28.8598, -31.481 ], [ 28.8156, -31.4882 ], [ 28.7708, -31.4766 ], [ 28.7424, -31.494 ], [ 28.7217, -31.4773 ], [ 28.7099, -31.4843 ], [ 28.6955, -31.455 ], [ 28.6642, -31.4623 ], [ 28.6712, -31.4447 ], [ 28.6606, -31.443 ], [ 28.6546, -31.4599 ], [ 28.6376, -31.4571 ], [ 28.6422, -31.4716 ], [ 28.5671, -31.4768 ], [ 28.5638, -31.487 ], [ 28.5456, -31.4732 ], [ 28.5357, -31.5027 ], [ 28.5261, -31.4932 ], [ 28.5119, -31.5078 ], [ 28.5118, -31.486 ], [ 28.5008, -31.4821 ], [ 28.49, -31.494 ], [ 28.405, -31.5029 ], [ 28.3822, -31.4809 ], [ 28.3986, -31.4679 ], [ 28.4071, -31.428 ], [ 28.4255, -31.4212 ], [ 28.444, -31.3865 ], [ 28.4839, -31.3743 ], [ 28.4991, -31.3485 ], [ 28.4951, -31.3263 ], [ 28.4704, -31.3236 ], [ 28.4519, -31.3035 ], [ 28.466, -31.2988 ], [ 28.4739, -31.2699 ], [ 28.5141, -31.2437 ], [ 28.5601, -31.2389 ], [ 28.5552, -31.2318 ], [ 28.5729, -31.2417 ], [ 28.5831, -31.2319 ], [ 28.6204, -31.2369 ], [ 28.6222, -31.2211 ], [ 28.6708, -31.1845 ], [ 28.6787, -31.1997 ], [ 28.6934, -31.1966 ], [ 28.6872, -31.165 ], [ 28.6661, -31.1667 ], [ 28.6755, -31.135 ], [ 28.6929, -31.1334 ], [ 28.6952, -31.1205 ], [ 28.6536, -31.1139 ], [ 28.6421, -31.0994 ], [ 28.6083, -31.1028 ], [ 28.6016, -31.0882 ], [ 28.5921, -31.1066 ], [ 28.5612, -31.1046 ], [ 28.5601, -31.0846 ], [ 28.5184, -31.1125 ], [ 28.5187, -31.07 ], [ 28.496, -31.0578 ], [ 28.4907, -31.0399 ], [ 28.4937, -31.0314 ], [ 28.5053, -31.0494 ], [ 28.538, -31.0552 ], [ 28.5253, -31.0488 ], [ 28.5604, -31.0158 ], [ 28.5502, -30.9952 ], [ 28.5747, -30.9959 ], [ 28.5873, -30.9668 ], [ 28.5755, -30.9518 ], [ 28.5817, -30.9305 ], [ 28.6624, -30.9263 ], [ 28.6292, -30.8476 ], [ 28.6443, -30.8408 ], [ 28.6206, -30.8158 ], [ 28.6309, -30.8106 ], [ 28.6044, -30.8051 ], [ 28.6412, -30.7731 ] ] ] } },
{ "type": "Feature", "properties": { "muni_code": "EC157" }, "geometry": { "type": "Polygon", "coordinates": [ [ [ 28.6652, -31.4461 ], [ 28.6642, -31.4623 ], [ 28.6989, -31.4568 ], [ 28.7099, -31.4843 ], [ 28.7217, -31.4773 ], [ 28.7424, -31.494 ], [ 28.7502, -31.4829 ], [ 28.7829, -31.5042 ], [ 28.8054, -31.4898 ], [ 28.7894, -31.5035 ], [ 28.8129, -31.5075 ], [ 28.8154, -31.5187 ], [ 28.7887, -31.5445 ], [ 28.817, -31.5622 ], [ 28.8168, -31.5987 ], [ 28.8236, -31.6117 ], [ 28.8342, -31.6065 ], [ 28.8378, -31.6262 ], [ 28.818, -31.6342 ], [ 28.835, -31.6452 ], [ 28.8273, -31.6555 ], [ 28.8434, -31.6607 ], [ 28.8114, -31.69 ], [ 28.8541, -31.6946 ], [ 28.856, -31.6805 ], [ 28.8813, -31.6795 ], [ 28.8939, -31.6962 ], [ 28.874, -31.7054 ], [ 28.9081, -31.7099 ], [ 28.8853, -31.7291 ], [ 28.9092, -31.7469 ], [ 28.8872, -31.7559 ], [ 28.9205, -31.7557 ], [ 28.8915, -31.7666 ], [ 28.8872, -31.8162 ], [ 28.9123, -31.8169 ], [ 28.8995, -31.7945 ], [ 28.9159, -31.79 ], [ 28.944, -31.8331 ], [ 28.9857, -31.8199 ], [ 28.9965, -31.8298 ], [ 28.983, -31.8491 ], [ 29.0136, -31.8382 ], [ 29.0004, -31.8754 ], [ 29.0262, -31.8646 ], [ 29.038, -31.8859 ], [ 29.0438, -31.8713 ], [ 29.0812, -31.8676 ], [ 29.0883, -31.8797 ], [ 29.066, -31.8905 ], [ 29.0821, -31.9034 ], [ 29.1023, -31.8765 ], [ 29.1167, -31.9176 ], [ 29.125, -31.9031 ], [ 29.1377, -31.9217 ], [ 29.1358, -31.935 ], [ 29.1513, -31.939 ], [ 29.1577, -31.9198 ], [ 29.1764, -31.9331 ], [ 29.1863, -31.9496 ], [ 29.1358, -31.9959 ], [ 29.1302, -32.0191 ], [ 29.0941, -32.059 ], [ 29.0842, -32.0459 ], [ 29.0677, -32.0488 ], [ 29.0657, -32.0353 ], [ 29.0375, -32.0411 ], [ 29.0253, -32.0154 ], [ 28.9812, -31.9845 ], [ 28.969, -31.9889 ], [ 28.9248, -31.944 ], [ 28.8874, -31.9536 ], [ 28.8811, -31.9661 ], [ 28.8665, -31.9606 ], [ 28.8514, -31.9851 ], [ 28.8337, -31.9865 ], [ 28.8281, -31.9953 ], [ 28.8408, -32.0015 ], [ 28.8302, -31.9973 ], [ 28.8284, -32.0108 ], [ 28.8074, -31.9991 ], [ 28.8073, -32.015 ], [ 28.7863, -32.0119 ], [ 28.8015, -32.02 ], [ 28.7822, -32.046 ], [ 28.6945, -31.9951 ], [ 28.7063, -31.9865 ], [ 28.6923, -31.9863 ], [ 28.6984, -31.9591 ], [ 28.663, -31.9657 ], [ 28.6629, -31.9787 ], [ 28.6777, -31.9793 ], [ 28.6577, -31.9937 ], [ 28.6785, -31.9982 ], [ 28.6437, -32.0244 ], [ 28.5999, -32.012 ], [ 28.6279, -31.9981 ], [ 28.6037, -31.9984 ], [ 28.6126, -31.9852 ], [ 28.5874, -31.9676 ], [ 28.5789, -31.9718 ], [ 28.5882, -32.0005 ], [ 28.558, -31.9793 ], [ 28.5471, -31.9931 ], [ 28.5283, -31.9953 ], [ 28.5227, -31.9799 ], [ 28.5465, -31.9861 ], [ 28.5292, -31.9565 ], [ 28.5261, -31.9728 ], [ 28.4654, -31.97 ], [ 28.4806, -31.952 ], [ 28.5086, -31.954 ], [ 28.5148, -31.9334 ], [ 28.4718, -31.934 ], [ 28.4746, -31.9095 ], [ 28.4606, -31.925 ], [ 28.4445, -31.9179 ], [ 28.4275, -31.8702 ], [ 28.4062, -31.8789 ], [ 28.4168, -31.8607 ], [ 28.4003, -31.8499 ], [ 28.3824, -31.859 ], [ 28.3846, -31.8368 ], [ 28.3696, -31.835 ], [ 28.3649, -31.847 ], [ 28.3396, -31.8198 ], [ 28.3511, -31.8105 ], [ 28.3245, -31.787 ], [ 28.3529, -31.7838 ], [ 28.3378, -31.7555 ], [ 28.3581, -31.7466 ], [ 28.3352, -31.73 ], [ 28.344, -31.7155 ], [ 28.3295, -31.6946 ], [ 28.3045, -31.6757 ], [ 28.3206, -31.6559 ], [ 28.302, -31.652 ], [ 28.3228, -31.6354 ], [ 28.309, -31.6246 ], [ 28.3215, -31.5899 ], [ 28.3633, -31.5777 ], [ 28.3811, -31.558 ], [ 28.3634, -31.5022 ], [ 28.3759, -31.4801 ], [ 28.4125, -31.5049 ], [ 28.507, -31.4824 ], [ 28.513, -31.5078 ], [ 28.5261, -31.4932 ], [ 28.5359, -31.5026 ], [ 28.5456, -31.4732 ], [ 28.5638, -31.487 ], [ 28.5671, -31.4768 ], [ 28.6422, -31.4716 ], [ 28.6376, -31.4571 ], [ 28.6539, -31.4602 ], [ 28.6652, -31.4461 ] ] ] } },
{ "type": "Feature", "properties": { "muni_code": "EC441" }, "geometry": { "type": "Polygon", "coordinates": [ [ [ 29.0042, -30.005 ], [ 29.0449, -30.013 ], [ 29.1212, -30.0988 ], [ 29.1123, -30.1056 ], [ 29.1206, -30.1512 ], [ 29.1104, -30.1538 ], [ 29.1204, -30.1604 ], [ 29.1025, -30.1771 ], [ 29.1221, -30.192 ], [ 29.1124, -30.2096 ], [ 29.1323, -30.2149 ], [ 29.1224, -30.222 ], [ 29.136, -30.2612 ], [ 29.1518, -30.2567 ], [ 29.1627, -30.2636 ], [ 29.1558, -30.2775 ], [ 29.2334, -30.3063 ], [ 29.2547, -30.3048 ], [ 29.2315, -30.2691 ], [ 29.2622, -30.2784 ], [ 29.3019, -30.3201 ], [ 29.2919, -30.3456 ], [ 29.305, -30.3799 ], [ 29.2771, -30.3762 ], [ 29.2824, -30.3957 ], [ 29.2382, -30.4049 ], [ 29.2273, -30.4263 ], [ 29.1968, -30.4344 ], [ 29.1984, -30.4623 ], [ 29.1773, -30.5157 ], [ 29.1504, -30.5104 ], [ 29.1402, -30.5338 ], [ 29.1528, -30.5546 ], [ 29.1651, -30.538 ], [ 29.1737, -30.5521 ], [ 29.1153, -30.5796 ], [ 29.146, -30.5952 ], [ 29.1353, -30.6051 ], [ 29.0843, -30.6123 ], [ 29.078, -30.5997 ], [ 29.046, -30.6023 ], [ 28.9842, -30.5722 ], [ 28.9561, -30.5725 ], [ 28.946, -30.6496 ], [ 28.9247, -30.6873 ], [ 28.9034, -30.6952 ], [ 28.8968, -30.6808 ], [ 28.8799, -30.6816 ], [ 28.8883, -30.6737 ], [ 28.8535, -30.6902 ], [ 28.8504, -30.6725 ], [ 28.8313, -30.6716 ], [ 28.8499, -30.6496 ], [ 28.8208, -30.6497 ], [ 28.7996, -30.6337 ], [ 28.8136, -30.6339 ], [ 28.7992, -30.6159 ], [ 28.7824, -30.6197 ], [ 28.7773, -30.5818 ], [ 28.7604, -30.5856 ], [ 28.7536, -30.6027 ], [ 28.7263, -30.5762 ], [ 28.6992, -30.5826 ], [ 28.6693, -30.6227 ], [ 28.6676, -30.6539 ], [ 28.5987, -30.663 ], [ 28.5759, -30.6468 ], [ 28.5591, -30.655 ], [ 28.5607, -30.6214 ], [ 28.5137, -30.5651 ], [ 28.5249, -30.5482 ], [ 28.547, -30.5487 ], [ 28.5607, -30.5183 ], [ 28.5733, -30.5224 ], [ 28.5698, -30.4963 ], [ 28.6232, -30.4754 ], [ 28.6085, -30.4902 ], [ 28.62, -30.4859 ], [ 28.6274, -30.4726 ], [ 28.5751, -30.4369 ], [ 28.5402, -30.4516 ], [ 28.5331, -30.4701 ], [ 28.5062, -30.4694 ], [ 28.508, -30.4467 ], [ 28.4808, -30.4223 ], [ 28.4462, -30.4276 ], [ 28.2988, -30.3735 ], [ 28.2688, -30.3737 ], [ 28.2565, -30.3244 ], [ 28.2154, -30.3068 ], [ 28.2069, -30.291 ], [ 28.2364, -30.2599 ], [ 28.3032, -30.2562 ], [ 28.3304, -30.2297 ], [ 28.3458, -30.2321 ], [ 28.3651, -30.1686 ], [ 28.3829, -30.1688 ], [ 28.3998, -30.1437 ], [ 28.4725, -30.1556 ], [ 28.5506, -30.1206 ], [ 28.6676, -30.1407 ], [ 28.7498, -30.1065 ], [ 28.7912, -30.1094 ], [ 28.8545, -30.0905 ], [ 28.8577, -30.0775 ], [ 28.9031, -30.0659 ], [ 28.941, -30.0364 ], [ 28.9853, -30.0314 ], [ 29.0042, -30.005 ] ] ] } },
{ "type": "Feature", "properties": { "muni_code": "EC442" }, "geometry": { "type": "Polygon", "coordinates": [ [ [ 29.0393, -30.6001 ], [ 29.1681, -30.6131 ], [ 29.1728, -30.6242 ], [ 29.1855, -30.6188 ], [ 29.1829, -30.6413 ], [ 29.2046, -30.6202 ], [ 29.2613, -30.6212 ], [ 29.2773, -30.6373 ], [ 29.3225, -30.6445 ], [ 29.3456, -30.6717 ], [ 29.4013, -30.6394 ], [ 29.5124, -30.6182 ], [ 29.5243, -30.6412 ], [ 29.5436, -30.6473 ], [ 29.5222, -30.6991 ], [ 29.4836, -30.7008 ], [ 29.4523, -30.7335 ], [ 29.4501, -30.7504 ], [ 29.465, -30.759 ], [ 29.4539, -30.7699 ], [ 29.4607, -30.7851 ], [ 29.4076, -30.8258 ], [ 29.4051, -30.8408 ], [ 29.3585, -30.8392 ], [ 29.3244, -30.8603 ], [ 29.2669, -30.8515 ], [ 29.2709, -30.8693 ], [ 29.2589, -30.8785 ], [ 29.2542, -30.8688 ], [ 29.2068, -30.8693 ], [ 29.2075, -30.8518 ], [ 29.1656, -30.8192 ], [ 29.1572, -30.8306 ], [ 29.1311, -30.8313 ], [ 29.1218, -30.8487 ], [ 29.0758, -30.8391 ], [ 29.0718, -30.862 ], [ 29.0976, -30.8713 ], [ 29.0931, -30.8946 ], [ 29.0579, -30.8775 ], [ 29.0659, -30.8898 ], [ 29.0577, -30.9056 ], [ 29.0823, -30.9093 ], [ 29.0648, -30.9409 ], [ 29.0705, -30.9634 ], [ 29.1144, -30.9375 ], [ 29.1313, -30.9538 ], [ 29.153, -30.9522 ], [ 29.1462, -30.9766 ], [ 29.1016, -30.9823 ], [ 29.1386, -30.9906 ], [ 29.1408, -31.005 ], [ 29.109, -31.0355 ], [ 29.0762, -31.0405 ], [ 29.0546, -31.0318 ], [ 29.0419, -31.0093 ], [ 29.0157, -31.0027 ], [ 29.0144, -31.02 ], [ 28.9789, -31.025 ], [ 28.978, -31.0596 ], [ 28.9534, -31.0727 ], [ 28.9595, -31.0592 ], [ 28.9464, -31.0433 ], [ 28.9328, -31.0533 ], [ 28.9418, -31.0602 ], [ 28.9344, -31.072 ], [ 28.9193, -31.0538 ], [ 28.9057, -31.0777 ], [ 28.8514, -31.0533 ], [ 28.8611, -31.0415 ], [ 28.8754, -31.0493 ], [ 28.8722, -31.0337 ], [ 28.8879, -31.0368 ], [ 28.8483, -30.9697 ], [ 28.8676, -30.968 ], [ 28.8666, -30.9494 ], [ 28.8348, -30.9422 ], [ 28.8315, -30.9647 ], [ 28.8088, -30.9542 ], [ 28.8207, -30.9255 ], [ 28.7918, -30.904 ], [ 28.8022, -30.8927 ], [ 28.7885, -30.8811 ], [ 28.7583, -30.8898 ], [ 28.7575, -30.8651 ], [ 28.7408, -30.8699 ], [ 28.7293, -30.8432 ], [ 28.68, -30.8356 ], [ 28.6861, -30.8169 ], [ 28.6509, -30.8056 ], [ 28.6617, -30.7904 ], [ 28.6274, -30.7549 ], [ 28.6077, -30.7551 ], [ 28.59, -30.7115 ], [ 28.5599, -30.7087 ], [ 28.542, -30.6649 ], [ 28.5649, -30.6616 ], [ 28.5728, -30.6465 ], [ 28.5969, -30.663 ], [ 28.6676, -30.6539 ], [ 28.6693, -30.6227 ], [ 28.6992, -30.5826 ], [ 28.7257, -30.5761 ], [ 28.7529, -30.6027 ], [ 28.7604, -30.5856 ], [ 28.7788, -30.5822 ], [ 28.7824, -30.6197 ], [ 28.7992, -30.6159 ], [ 28.8136, -30.6339 ], [ 28.7996, -30.6337 ], [ 28.8208, -30.6497 ], [ 28.8499, -30.6496 ], [ 28.8313, -30.6716 ], [ 28.8504, -30.6725 ], [ 28.8535, -30.6902 ], [ 28.8883, -30.6737 ], [ 28.8799, -30.6816 ], [ 28.8968, -30.6808 ], [ 28.9034, -30.6952 ], [ 28.9247, -30.6873 ], [ 28.946, -30.6496 ], [ 28.9561, -30.5725 ], [ 28.9842, -30.5722 ], [ 29.0393, -30.6001 ] ] ] } },
{ "type": "Feature", "properties": { "muni_code": "EC443" }, "geometry": { "type": "Polygon", "coordinates": [ [ [ 29.5436, -30.6472 ], [ 29.5929, -30.6646 ], [ 29.5995, -30.6895 ], [ 29.6515, -30.6858 ], [ 29.6737, -30.6692 ], [ 29.7008, -30.7053 ], [ 29.7336, -30.7074 ], [ 29.7403, -30.7233 ], [ 29.7525, -30.707 ], [ 29.7591, -30.7192 ], [ 29.7722, -30.7054 ], [ 29.7861, -30.71 ], [ 29.7805, -30.6954 ], [ 29.8003, -30.7089 ], [ 29.8108, -30.6985 ], [ 29.8068, -30.7281 ], [ 29.8252, -30.7206 ], [ 29.8299, -30.7439 ], [ 29.8477, -30.7365 ], [ 29.8496, -30.7608 ], [ 29.8925, -30.7588 ], [ 29.8869, -30.7847 ], [ 29.9149, -30.7712 ], [ 29.908, -30.7982 ], [ 29.9293, -30.792 ], [ 29.922, -30.7689 ], [ 29.9487, -30.7704 ], [ 29.9556, -30.789 ], [ 29.9323, -30.8072 ], [ 29.9724, -30.8023 ], [ 29.9678, -30.8251 ], [ 29.9581, -30.823 ], [ 29.9646, -30.8323 ], [ 30.0003, -30.8375 ], [ 30.0077, -30.8258 ], [ 30.0215, -30.8565 ], [ 30.0387, -30.8445 ], [ 30.0622, -30.8481 ], [ 30.0727, -30.8656 ], [ 30.0953, -30.863 ], [ 30.0927, -30.8782 ], [ 30.0704, -30.8713 ], [ 30.0757, -30.8823 ], [ 30.121, -30.8895 ], [ 30.1201, -30.9101 ], [ 30.1464, -30.9225 ], [ 30.1345, -30.9638 ], [ 30.1564, -30.9752 ], [ 30.1412, -30.9874 ], [ 30.1398, -31.022 ], [ 30.1697, -31.025 ], [ 30.1634, -31.0499 ], [ 30.1947, -31.0804 ], [ 30.1552, -31.1393 ], [ 30.0699, -31.2215 ], [ 30.0693, -31.2371 ], [ 30.0476, -31.2476 ], [ 30.0119, -31.2336 ], [ 29.9626, -31.21 ], [ 29.9401, -31.1803 ], [ 29.9123, -31.178 ], [ 29.913, -31.1694 ], [ 29.9047, -31.1796 ], [ 29.8871, -31.1627 ], [ 29.8661, -31.1645 ], [ 29.8627, -31.1479 ], [ 29.8366, -31.1483 ], [ 29.8441, -31.1316 ], [ 29.8045, -31.143 ], [ 29.7981, -31.116 ], [ 29.7813, -31.1295 ], [ 29.7615, -31.1194 ], [ 29.7658, -31.1336 ], [ 29.7377, -31.1287 ], [ 29.7411, -31.1066 ], [ 29.726, -31.0869 ], [ 29.6995, -31.0759 ], [ 29.6914, -31.0876 ], [ 29.6778, -31.0597 ], [ 29.6246, -31.0616 ], [ 29.6192, -31.0458 ], [ 29.5841, -31.0379 ], [ 29.5918, -31.0184 ], [ 29.5744, -30.9942 ], [ 29.6097, -30.983 ], [ 29.5192, -30.9341 ], [ 29.5289, -30.9268 ], [ 29.5114, -30.9299 ], [ 29.5066, -30.9168 ], [ 29.5217, -30.9254 ], [ 29.5257, -30.9098 ], [ 29.5424, -30.9099 ], [ 29.5373, -30.8925 ], [ 29.5623, -30.883 ], [ 29.5602, -30.8547 ], [ 29.5488, -30.8539 ], [ 29.5591, -30.8475 ], [ 29.5404, -30.8246 ], [ 29.5595, -30.8252 ], [ 29.5309, -30.8129 ], [ 29.5555, -30.7897 ], [ 29.556, -30.7429 ], [ 29.5363, -30.7053 ], [ 29.5177, -30.696 ], [ 29.5436, -30.6472 ] ] ] } },
{ "type": "Feature", "properties": { "muni_code": "EC444" }, "geometry": { "type": "Polygon", "coordinates": [ [ [ 29.4836, -30.7008 ], [ 29.5363, -30.7053 ], [ 29.556, -30.7429 ], [ 29.5555, -30.7897 ], [ 29.5309, -30.8129 ], [ 29.5595, -30.8252 ], [ 29.5404, -30.8246 ], [ 29.5591, -30.8475 ], [ 29.5488, -30.8539 ], [ 29.5602, -30.8547 ], [ 29.562, -30.8839 ], [ 29.5373, -30.8925 ], [ 29.5424, -30.9099 ], [ 29.5257, -30.9098 ], [ 29.5217, -30.9254 ], [ 29.507, -30.9159 ], [ 29.5102, -30.9314 ], [ 29.4952, -30.9206 ], [ 29.4831, -30.9267 ], [ 29.4825, -30.9149 ], [ 29.4615, -30.9179 ], [ 29.4587, -30.9599 ], [ 29.4055, -31.0036 ], [ 29.4272, -31.0195 ], [ 29.433, -31.0506 ], [ 29.3997, -31.0827 ], [ 29.4365, -31.0791 ], [ 29.4367, -31.1037 ], [ 29.4089, -31.0904 ], [ 29.3944, -31.1107 ], [ 29.3796, -31.1105 ], [ 29.3851, -31.1194 ], [ 29.3533, -31.1259 ], [ 29.3742, -31.1466 ], [ 29.2873, -31.1826 ], [ 29.281, -31.2171 ], [ 29.2458, -31.195 ], [ 29.2511, -31.2343 ], [ 29.2219, -31.2808 ], [ 29.2352, -31.2864 ], [ 29.2264, -31.2983 ], [ 29.2047, -31.2959 ], [ 29.1901, -31.2639 ], [ 29.1699, -31.2588 ], [ 29.169, -31.2282 ], [ 29.1797, -31.2078 ], [ 29.1938, -31.2164 ], [ 29.2044, -31.1886 ], [ 29.1876, -31.2034 ], [ 29.1883, -31.1904 ], [ 29.2074, -31.1722 ], [ 29.1353, -31.1528 ], [ 29.1329, -31.092 ], [ 29.0617, -31.0431 ], [ 29.1202, -31.0279 ], [ 29.1427, -30.9953 ], [ 29.102, -30.9812 ], [ 29.1462, -30.9766 ], [ 29.1545, -30.9565 ], [ 29.1144, -30.9375 ], [ 29.0881, -30.9442 ], [ 29.0723, -30.9664 ], [ 29.0648, -30.9409 ], [ 29.0823, -30.9093 ], [ 29.0577, -30.9056 ], [ 29.0659, -30.8898 ], [ 29.0579, -30.8775 ], [ 29.0931, -30.8946 ], [ 29.0976, -30.8708 ], [ 29.0725, -30.8627 ], [ 29.0694, -30.8507 ], [ 29.081, -30.8373 ], [ 29.1227, -30.8485 ], [ 29.1311, -30.8313 ], [ 29.1572, -30.8306 ], [ 29.1656, -30.8192 ], [ 29.2075, -30.8518 ], [ 29.2068, -30.8693 ], [ 29.2542, -30.8688 ], [ 29.2592, -30.8785 ], [ 29.2709, -30.8693 ], [ 29.2677, -30.8566 ], [ 29.2669, -30.8515 ], [ 29.3244, -30.8603 ], [ 29.3585, -30.8392 ], [ 29.4051, -30.8408 ], [ 29.4076, -30.8258 ], [ 29.4607, -30.7851 ], [ 29.4539, -30.7699 ], [ 29.465, -30.759 ], [ 29.4501, -30.7504 ], [ 29.4523, -30.7335 ], [ 29.4836, -30.7008 ] ] ] } },
{ "type": "Feature", "properties": { "muni_code": "MAN" }, "geometry": { "type": "Polygon", "coordinates": [ [ [ 26.0771, -28.6655 ], [ 26.0984, -28.6651 ], [ 26.1489, -28.7607 ], [ 26.0796, -28.7823 ], [ 26.0929, -28.8144 ], [ 26.1007, -28.8037 ], [ 26.1251, -28.8055 ], [ 26.128, -28.8159 ], [ 26.1491, -28.8109 ], [ 26.1404, -28.8237 ], [ 26.1529, -28.8287 ], [ 26.1556, -28.8502 ], [ 26.1948, -28.8432 ], [ 26.1995, -28.8623 ], [ 26.2349, -28.8812 ], [ 26.28, -28.9402 ], [ 26.3032, -28.9419 ], [ 26.335, -28.9012 ], [ 26.362, -28.9194 ], [ 26.3657, -28.9419 ], [ 26.3532, -28.9597 ], [ 26.4031, -28.9892 ], [ 26.4309, -28.991 ], [ 26.4346, -28.9633 ], [ 26.4719, -28.948 ], [ 26.5141, -28.979 ], [ 26.5249, -29.0012 ], [ 26.5669, -28.9681 ], [ 26.5651, -28.9852 ], [ 26.6176, -29.0062 ], [ 26.6343, -29.0597 ], [ 26.6665, -29.0893 ], [ 26.6934, -29.0656 ], [ 26.7164, -29.0724 ], [ 26.7079, -29.0872 ], [ 26.718, -29.0902 ], [ 26.779, -29.0158 ], [ 26.7527, -29.003 ], [ 26.8181, -28.9271 ], [ 26.8927, -28.9341 ], [ 26.9135, -28.9177 ], [ 26.9463, -28.9397 ], [ 26.9406, -28.9646 ], [ 26.9624, -29.0219 ], [ 26.9949, -29.0219 ], [ 27.0513, -29.0706 ], [ 27.0412, -29.0858 ], [ 27.02, -29.0818 ], [ 26.9998, -29.1053 ], [ 27.0137, -29.1122 ], [ 27.0117, -29.1281 ], [ 26.9741, -29.14 ], [ 26.9172, -29.1821 ], [ 26.9174, -29.2198 ], [ 26.936, -29.2377 ], [ 26.9282, -29.2558 ], [ 26.9633, -29.2569 ], [ 26.9334, -29.3206 ], [ 26.9596, -29.347 ], [ 26.9558, -29.3793 ], [ 27.0227, -29.3805 ], [ 27.0235, -29.3551 ], [ 27.0534, -29.3436 ], [ 27.0945, -29.3904 ], [ 27.0677, -29.4416 ], [ 27.011, -29.3951 ], [ 26.9629, -29.428 ], [ 27.0039, -29.4569 ], [ 26.9786, -29.4837 ], [ 26.999, -29.5198 ], [ 27.0607, -29.5228 ], [ 27.0814, -29.5592 ], [ 27.1115, -29.5531 ], [ 27.1274, -29.5747 ], [ 27.0851, -29.6151 ], [ 27.0658, -29.5976 ], [ 27.0572, -29.6371 ], [ 27.0339, -29.6134 ], [ 27.0187, -29.6164 ], [ 27.0281, -29.6388 ], [ 27.0131, -29.6603 ], [ 27.0966, -29.7299 ], [ 27.2164, -29.983 ], [ 27.1632, -30.0022 ], [ 27.1522, -30.0261 ], [ 27.1303, -30.0093 ], [ 27.092, -30.0268 ], [ 27.122, -30.0368 ], [ 27.0666, -30.0826 ], [ 26.9989, -30.07 ], [ 26.9913, -30.1118 ], [ 26.9468, -30.1086 ], [ 26.8152, -30.0304 ], [ 26.8615, -30.0239 ], [ 26.8707, -30.0037 ], [ 26.8543, -30.0019 ], [ 26.8691, -29.9887 ], [ 26.824, -29.9647 ], [ 26.8017, -29.9836 ], [ 26.8002, -29.9823 ], [ 26.8174, -29.9456 ], [ 26.7964, -29.9193 ], [ 26.8011, -29.8887 ], [ 26.7652, -29.8846 ], [ 26.7333, -29.8422 ], [ 26.7803, -29.739 ], [ 26.754, -29.7179 ], [ 26.7389, -29.7212 ], [ 26.735, -29.7061 ], [ 26.7155, -29.7112 ], [ 26.7092, -29.6847 ], [ 26.6602, -29.7268 ], [ 26.6364, -29.7004 ], [ 26.6197, -29.7018 ], [ 26.6551, -29.6228 ], [ 26.5577, -29.6569 ], [ 26.5425, -29.6302 ], [ 26.5554, -29.5774 ], [ 26.5104, -29.5687 ], [ 26.4916, -29.5972 ], [ 26.4746, -29.5758 ], [ 26.4542, -29.5848 ], [ 26.4201, -29.5727 ], [ 26.4007, -29.5851 ], [ 26.3882, -29.6173 ], [ 26.2853, -29.5982 ], [ 26.2826, -29.5385 ], [ 26.2725, -29.541 ], [ 26.2841, -29.5251 ], [ 26.2554, -29.5137 ], [ 26.2437, -29.5017 ], [ 26.2502, -29.4937 ], [ 26.1422, -29.4565 ], [ 26.1354, -29.4773 ], [ 26.0919, -29.4645 ], [ 26.0936, -29.4786 ], [ 26.0778, -29.4797 ], [ 26.06, -29.4422 ], [ 26.035, -29.4454 ], [ 26.0323, -29.4171 ], [ 25.966, -29.3911 ], [ 25.9594, -29.3655 ], [ 25.9988, -29.3582 ], [ 26.0235, -29.3393 ], [ 25.9926, -29.2731 ], [ 25.9149, -29.3061 ], [ 25.9055, -29.2543 ], [ 25.8599, -29.2603 ], [ 25.8415, -29.2323 ], [ 25.8076, -29.2601 ], [ 25.7917, -29.2567 ], [ 25.8012, -29.2329 ], [ 25.7412, -29.226 ], [ 25.7443, -29.1769 ], [ 25.7716, -29.1692 ], [ 25.7347, -29.1412 ], [ 25.7552, -29.1342 ], [ 25.7624, -29.1167 ], [ 25.7344, -29.1139 ], [ 25.7313, -29.077 ], [ 25.7609, -29.0258 ], [ 25.7194, -29.0063 ], [ 25.7472, -28.9779 ], [ 25.7375, -28.9608 ], [ 25.7453, -28.9064 ], [ 25.7956, -28.8868 ], [ 25.8046, -28.8939 ], [ 25.8089, -28.8535 ], [ 25.8563, -28.8676 ], [ 25.8541, -28.8157 ], [ 25.8787, -28.7601 ], [ 25.9079, -28.774 ], [ 25.912, -28.7615 ], [ 25.9308, -28.7711 ], [ 25.9564, -28.7584 ], [ 25.9648, -28.7358 ], [ 25.9886, -28.7494 ], [ 26.0439, -28.6666 ], [ 26.0387, -28.6512 ], [ 26.0758, -28.651 ], [ 26.0771, -28.6655 ] ] ] } },
{ "type": "Feature", "properties": { "muni_code": "FS161" }, "geometry": { "type": "Polygon", "coordinates": [ [ [ 24.8018, -28.8283 ], [ 24.811, -28.9131 ], [ 24.8691, -28.8947 ], [ 24.9745, -28.9485 ], [ 24.9925, -28.9032 ], [ 25.0878, -28.9062 ], [ 25.1141, -28.9654 ], [ 25.1489, -28.9435 ], [ 25.1927, -28.9377 ], [ 25.206, -28.9225 ], [ 25.2025, -28.9072 ], [ 25.2235, -28.8943 ], [ 25.2423, -28.9075 ], [ 25.2704, -28.8924 ], [ 25.2822, -28.9019 ], [ 25.3361, -28.8945 ], [ 25.4066, -28.9172 ], [ 25.4177, -28.8968 ], [ 25.4504, -28.9002 ], [ 25.5288, -28.8525 ], [ 25.5535, -28.8822 ], [ 25.5889, -28.883 ], [ 25.5935, -28.8708 ], [ 25.622, -28.8964 ], [ 25.636, -28.8859 ], [ 25.7054, -28.9092 ], [ 25.7432, -28.904 ], [ 25.7375, -28.9608 ], [ 25.7472, -28.9779 ], [ 25.7194, -29.0063 ], [ 25.7609, -29.0258 ], [ 25.7313, -29.077 ], [ 25.7344, -29.1139 ], [ 25.7624, -29.1167 ], [ 25.7552, -29.1342 ], [ 25.7347, -29.1412 ], [ 25.7716, -29.1692 ], [ 25.7443, -29.1769 ], [ 25.7412, -29.2343 ], [ 25.7067, -29.2389 ], [ 25.5628, -29.2063 ], [ 25.5394, -29.2563 ], [ 25.5737, -29.2721 ], [ 25.5176, -29.2962 ], [ 25.5073, -29.2853 ], [ 25.4811, -29.3073 ], [ 25.4771, -29.282 ], [ 25.4485, -29.2832 ], [ 25.4585, -29.335 ], [ 25.4802, -29.3609 ], [ 25.5265, -29.3419 ], [ 25.5145, -29.3965 ], [ 25.5458, -29.4295 ], [ 25.49, -29.4342 ], [ 25.4966, -29.4561 ], [ 25.5111, -29.4531 ], [ 25.5146, -29.4748 ], [ 25.5025, -29.484 ], [ 25.4657, -29.4724 ], [ 25.5152, -29.5361 ], [ 25.4796, -29.5619 ], [ 25.4619, -29.5298 ], [ 25.4408, -29.5239 ], [ 25.4408, -29.5656 ], [ 25.4605, -29.5847 ], [ 25.4007, -29.6154 ], [ 25.4066, -29.6245 ], [ 25.3943, -29.638 ], [ 25.3343, -29.6631 ], [ 25.2906, -29.5942 ], [ 25.2429, -29.5906 ], [ 25.2267, -29.6224 ], [ 25.2007, -29.625 ], [ 25.206, -29.5827 ], [ 25.1878, -29.5814 ], [ 25.1946, -29.508 ], [ 25.1825, -29.4927 ], [ 25.1773, -29.491 ], [ 25.1788, -29.5169 ], [ 25.1645, -29.5343 ], [ 25.0998, -29.5652 ], [ 25.067, -29.5465 ], [ 25.0526, -29.601 ], [ 25.0133, -29.6356 ], [ 24.9729, -29.6253 ], [ 24.9538, -29.6474 ], [ 24.9558, -29.788 ], [ 24.9845, -29.8027 ], [ 24.9838, -29.8175 ], [ 24.9646, -29.8109 ], [ 24.9692, -29.8312 ], [ 24.9981, -29.8462 ], [ 24.9673, -29.8475 ], [ 24.9756, -29.9149 ], [ 24.8988, -29.9229 ], [ 24.9024, -29.9387 ], [ 24.8792, -29.9381 ], [ 24.9025, -29.9761 ], [ 24.8688, -30.0259 ], [ 24.8409, -30.0346 ], [ 24.7985, -30.0342 ], [ 24.808, -30.0228 ], [ 24.7914, -29.9975 ], [ 24.6742, -29.9754 ], [ 24.6637, -29.9011 ], [ 24.6079, -29.9113 ], [ 24.5642, -29.8777 ], [ 24.547, -29.8449 ], [ 24.5026, -29.8364 ], [ 24.4977, -29.8161 ], [ 24.4389, -29.8148 ], [ 24.3515, -29.7094 ], [ 24.3466, -29.6559 ], [ 24.8018, -28.8283 ] ] ] } },
{ "type": "Feature", "properties": { "muni_code": "FS162" }, "geometry": { "type": "Polygon", "coordinates": [ [ [ 25.7067, -29.2389 ], [ 25.7824, -29.2242 ], [ 25.8012, -29.2329 ], [ 25.7917, -29.2567 ], [ 25.8076, -29.2601 ], [ 25.8415, -29.2323 ], [ 25.8599, -29.2603 ], [ 25.9055, -29.2543 ], [ 25.9149, -29.3061 ], [ 25.9926, -29.2731 ], [ 26.0235, -29.3393 ], [ 25.9988, -29.3582 ], [ 25.9594, -29.3655 ], [ 25.966, -29.3911 ], [ 26.0323, -29.4171 ], [ 26.035, -29.4454 ], [ 26.06, -29.4422 ], [ 26.0778, -29.4797 ], [ 26.0936, -29.4786 ], [ 26.0919, -29.4645 ], [ 26.1354, -29.4773 ], [ 26.1422, -29.4565 ], [ 26.2502, -29.4937 ], [ 26.2437, -29.5017 ], [ 26.2554, -29.5137 ], [ 26.2841, -29.5251 ], [ 26.2725, -29.541 ], [ 26.2826, -29.5385 ], [ 26.2853, -29.5982 ], [ 26.3823, -29.6161 ], [ 26.4243, -29.6612 ], [ 26.4236, -29.6942 ], [ 26.3986, -29.701 ], [ 26.386, -29.7416 ], [ 26.3378, -29.7759 ], [ 26.3107, -29.7784 ], [ 26.3157, -29.8007 ], [ 26.2503, -29.8344 ], [ 26.2272, -29.8196 ], [ 26.1855, -29.8531 ], [ 26.2525, -29.8796 ], [ 26.237, -29.908 ], [ 26.1914, -29.9388 ], [ 26.23, -29.9713 ], [ 26.2602, -30.0357 ], [ 26.2422, -30.0786 ], [ 26.2031, -30.0863 ], [ 26.1446, -30.1503 ], [ 26.1581, -30.1534 ], [ 26.1413, -30.1752 ], [ 26.1595, -30.2119 ], [ 26.1671, -30.2723 ], [ 26.1539, -30.2757 ], [ 26.143, -30.3079 ], [ 26.2144, -30.3434 ], [ 26.2232, -30.3655 ], [ 26.255, -30.3872 ], [ 26.259, -30.4264 ], [ 26.3236, -30.5024 ], [ 26.3002, -30.5397 ], [ 26.2696, -30.5715 ], [ 26.2613, -30.5417 ], [ 26.1987, -30.5323 ], [ 26.1933, -30.5029 ], [ 26.154, -30.4834 ], [ 26.1301, -30.5001 ], [ 26.1487, -30.5175 ], [ 26.1421, -30.5402 ], [ 26.0974, -30.5165 ], [ 25.977, -30.5382 ], [ 25.9438, -30.5569 ], [ 25.931, -30.585 ], [ 25.9225, -30.5626 ], [ 25.8918, -30.5413 ], [ 25.8717, -30.5618 ], [ 25.891, -30.6103 ], [ 25.8606, -30.6129 ], [ 25.8467, -30.6336 ], [ 25.793, -30.6371 ], [ 25.7769, -30.6816 ], [ 25.7631, -30.6886 ], [ 25.6932, -30.6761 ], [ 25.6755, -30.6401 ], [ 25.6417, -30.6577 ], [ 25.6119, -30.655 ], [ 25.6248, -30.6243 ], [ 25.5967, -30.5904 ], [ 25.564, -30.6158 ], [ 25.5256, -30.6139 ], [ 25.4744, -30.635 ], [ 25.4187, -30.5782 ], [ 25.3747, -30.5591 ], [ 25.3337, -30.5577 ], [ 25.3042, -30.5758 ], [ 25.2353, -30.4999 ], [ 25.1896, -30.4984 ], [ 25.0951, -30.3722 ], [ 25.064, -30.3569 ], [ 25.0385, -30.3625 ], [ 25.0471, -30.3162 ], [ 25.0347, -30.2865 ], [ 24.9863, -30.29 ], [ 24.9465, -30.2518 ], [ 24.9542, -30.2261 ], [ 24.9251, -30.2007 ], [ 24.9006, -30.2074 ], [ 24.8711, -30.1345 ], [ 24.8376, -30.1178 ], [ 24.8385, -30.0952 ], [ 24.7962, -30.0462 ], [ 24.7985, -30.0342 ], [ 24.8409, -30.0346 ], [ 24.8813, -30.0119 ], [ 24.9025, -29.9761 ], [ 24.8792, -29.9381 ], [ 24.9024, -29.9387 ], [ 24.8988, -29.9229 ], [ 24.9756, -29.9149 ], [ 24.9673, -29.8475 ], [ 24.9983, -29.8438 ], [ 24.9692, -29.8312 ], [ 24.9646, -29.8109 ], [ 24.9838, -29.8175 ], [ 24.9845, -29.8027 ], [ 24.9558, -29.788 ], [ 24.9538, -29.6474 ], [ 24.9729, -29.6253 ], [ 25.0133, -29.6356 ], [ 25.0526, -29.601 ], [ 25.067, -29.5465 ], [ 25.0998, -29.5652 ], [ 25.1645, -29.5343 ], [ 25.1788, -29.5169 ], [ 25.1773, -29.491 ], [ 25.1946, -29.508 ], [ 25.1878, -29.5814 ], [ 25.206, -29.5827 ], [ 25.2007, -29.625 ], [ 25.2267, -29.6224 ], [ 25.2429, -29.5906 ], [ 25.2906, -29.5942 ], [ 25.3343, -29.6631 ], [ 25.3943, -29.638 ], [ 25.4066, -29.6245 ], [ 25.4007, -29.6154 ], [ 25.4605, -29.5847 ], [ 25.4408, -29.5656 ], [ 25.4408, -29.5239 ], [ 25.4619, -29.5298 ], [ 25.4796, -29.5619 ], [ 25.5152, -29.5361 ], [ 25.4657, -29.4724 ], [ 25.5025, -29.484 ], [ 25.5146, -29.4748 ], [ 25.5111, -29.4531 ], [ 25.4966, -29.4561 ], [ 25.49, -29.4342 ], [ 25.5458, -29.4295 ], [ 25.5145, -29.3965 ], [ 25.5265, -29.3419 ], [ 25.4802, -29.3609 ], [ 25.4585, -29.335 ], [ 25.4485, -29.2832 ], [ 25.4771, -29.282 ], [ 25.4811, -29.3073 ], [ 25.5073, -29.2853 ], [ 25.5176, -29.2962 ], [ 25.5737, -29.2721 ], [ 25.5394, -29.2563 ], [ 25.5628, -29.2063 ], [ 25.7067, -29.2389 ] ] ] } },
{ "type": "Feature", "properties": { "muni_code": "KZN294" }, "geometry": { "type": "Polygon", "coordinates": [ [ [ 30.9933, -28.8565 ], [ 31.0366, -28.8729 ], [ 31.0268, -28.8943 ], [ 31.0319, -28.934 ], [ 31.0731, -28.9587 ], [ 31.0762, -28.9897 ], [ 31.0984, -28.9896 ], [ 31.0836, -28.9565 ], [ 31.1251, -28.959 ], [ 31.1174, -29.0004 ], [ 31.1343, -29.0323 ], [ 31.181, -29.0503 ], [ 31.1757, -29.0737 ], [ 31.2448, -29.1196 ], [ 31.2489, -29.147 ], [ 31.2686, -29.1407 ], [ 31.2866, -29.1137 ], [ 31.2983, -29.1398 ], [ 31.2754, -29.1884 ], [ 31.2375, -29.1742 ], [ 31.2132, -29.1908 ], [ 31.1372, -29.2076 ], [ 31.0971, -29.3286 ], [ 31.0759, -29.3547 ], [ 31.0478, -29.3098 ], [ 31.0358, -29.3316 ], [ 31.0124, -29.3379 ], [ 31.0438, -29.2816 ], [ 31.0152, -29.263 ], [ 30.9812, -29.2693 ], [ 30.9862, -29.2228 ], [ 30.9486, -29.1998 ], [ 30.9382, -29.1843 ], [ 30.9485, -29.1827 ], [ 30.8947, -29.1803 ], [ 30.9025, -29.1697 ], [ 30.8699, -29.1636 ], [ 30.851, -29.1408 ], [ 30.9111, -29.1158 ], [ 30.9053, -29.0997 ], [ 30.9367, -29.0802 ], [ 30.9511, -29.0921 ], [ 31.0238, -29.0788 ], [ 30.9802, -28.9699 ], [ 30.9471, -28.9698 ], [ 30.9564, -28.9548 ], [ 30.9395, -28.9623 ], [ 30.9115, -28.9474 ], [ 30.929, -28.9259 ], [ 30.9192, -28.9085 ], [ 30.9269, -28.8988 ], [ 30.9728, -28.8736 ], [ 30.9823, -28.8807 ], [ 30.9933, -28.8565 ] ] ] } },
{ "type": "Feature", "properties": { "muni_code": "FS163" }, "geometry": { "type": "Polygon", "coordinates": [ [ [ 26.5116, -29.5691 ], [ 26.5554, -29.5774 ], [ 26.5425, -29.6302 ], [ 26.5577, -29.6569 ], [ 26.6551, -29.6228 ], [ 26.6197, -29.7018 ], [ 26.6364, -29.7004 ], [ 26.6442, -29.7184 ], [ 26.6584, -29.7154 ], [ 26.6602, -29.7268 ], [ 26.7092, -29.6847 ], [ 26.7155, -29.7112 ], [ 26.735, -29.7061 ], [ 26.7389, -29.7212 ], [ 26.754, -29.7179 ], [ 26.7803, -29.739 ], [ 26.7333, -29.8422 ], [ 26.7652, -29.8846 ], [ 26.8011, -29.8887 ], [ 26.7964, -29.9193 ], [ 26.8174, -29.9456 ], [ 26.8002, -29.9823 ], [ 26.824, -29.9647 ], [ 26.8691, -29.9887 ], [ 26.8543, -30.0019 ], [ 26.8707, -30.0037 ], [ 26.8615, -30.0239 ], [ 26.8152, -30.0304 ], [ 26.9468, -30.1086 ], [ 26.9913, -30.1118 ], [ 26.9989, -30.07 ], [ 27.0666, -30.0826 ], [ 27.122, -30.0368 ], [ 27.092, -30.0268 ], [ 27.1303, -30.0093 ], [ 27.1522, -30.0261 ], [ 27.1632, -30.0022 ], [ 27.2164, -29.983 ], [ 27.2189, -30.01 ], [ 27.2695, -30.026 ], [ 27.2685, -30.043 ], [ 27.2965, -30.0561 ], [ 27.3269, -30.1481 ], [ 27.4073, -30.1445 ], [ 27.4091, -30.1555 ], [ 27.381, -30.1775 ], [ 27.3862, -30.1933 ], [ 27.3686, -30.1911 ], [ 27.3654, -30.218 ], [ 27.367, -30.274 ], [ 27.3893, -30.2835 ], [ 27.3799, -30.3002 ], [ 27.3952, -30.3098 ], [ 27.3857, -30.3099 ], [ 27.3883, -30.3238 ], [ 27.3489, -30.3308 ], [ 27.3664, -30.3387 ], [ 27.3721, -30.3746 ], [ 27.3834, -30.3583 ], [ 27.3967, -30.3611 ], [ 27.4038, -30.3916 ], [ 27.3769, -30.4088 ], [ 27.3389, -30.3983 ], [ 27.3242, -30.4232 ], [ 27.3615, -30.4253 ], [ 27.3687, -30.437 ], [ 27.3396, -30.4506 ], [ 27.3006, -30.4437 ], [ 27.296, -30.4616 ], [ 27.3284, -30.4834 ], [ 27.2984, -30.4946 ], [ 27.2985, -30.5116 ], [ 27.2511, -30.5025 ], [ 27.2395, -30.4806 ], [ 27.2297, -30.5096 ], [ 27.2128, -30.487 ], [ 27.1864, -30.5246 ], [ 27.1305, -30.5102 ], [ 27.138, -30.5322 ], [ 27.1061, -30.5583 ], [ 27.0853, -30.5281 ], [ 27.0057, -30.5373 ], [ 27.0004, -30.5534 ], [ 27.0415, -30.5815 ], [ 27.0332, -30.6011 ], [ 27.0138, -30.6064 ], [ 27.0005, -30.5946 ], [ 26.9494, -30.6069 ], [ 26.9293, -30.6245 ], [ 26.9488, -30.6586 ], [ 26.9031, -30.6689 ], [ 26.8787, -30.6596 ], [ 26.8755, -30.6789 ], [ 26.8576, -30.6846 ], [ 26.8053, -30.6394 ], [ 26.7516, -30.6662 ], [ 26.7257, -30.6664 ], [ 26.7031, -30.6869 ], [ 26.6857, -30.686 ], [ 26.6753, -30.6675 ], [ 26.6535, -30.6901 ], [ 26.6295, -30.6939 ], [ 26.6292, -30.6618 ], [ 26.5579, -30.6641 ], [ 26.4834, -30.6296 ], [ 26.489, -30.5931 ], [ 26.4324, -30.5659 ], [ 26.356, -30.595 ], [ 26.3172, -30.5826 ], [ 26.2775, -30.5879 ], [ 26.2696, -30.5715 ], [ 26.3236, -30.5024 ], [ 26.2603, -30.4285 ], [ 26.255, -30.3872 ], [ 26.2406, -30.3711 ], [ 26.2022, -30.3349 ], [ 26.143, -30.3079 ], [ 26.1539, -30.2757 ], [ 26.1671, -30.2723 ], [ 26.1595, -30.2119 ], [ 26.1413, -30.1752 ], [ 26.1581, -30.1534 ], [ 26.1446, -30.1503 ], [ 26.2031, -30.0863 ], [ 26.2422, -30.0786 ], [ 26.2602, -30.0357 ], [ 26.23, -29.9713 ], [ 26.1914, -29.9388 ], [ 26.237, -29.908 ], [ 26.2525, -29.8796 ], [ 26.1855, -29.8531 ], [ 26.2272, -29.8196 ], [ 26.2503, -29.8344 ], [ 26.2926, -29.817 ], [ 26.3157, -29.8007 ], [ 26.3107, -29.7784 ], [ 26.3378, -29.7759 ], [ 26.386, -29.7416 ], [ 26.3986, -29.701 ], [ 26.4236, -29.6942 ], [ 26.4243, -29.6612 ], [ 26.3811, -29.6206 ], [ 26.4007, -29.5851 ], [ 26.4201, -29.5727 ], [ 26.4542, -29.5848 ], [ 26.4746, -29.5758 ], [ 26.4916, -29.5972 ], [ 26.5116, -29.5691 ] ] ] } },
{ "type": "Feature", "properties": { "muni_code": "FS181" }, "geometry": { "type": "Polygon", "coordinates": [ [ [ 26.0439, -28.6666 ], [ 25.9886, -28.7494 ], [ 25.9648, -28.7358 ], [ 25.9564, -28.7584 ], [ 25.9308, -28.7711 ], [ 25.8785, -28.76 ], [ 25.9782, -28.6046 ], [ 26.0079, -28.5842 ], [ 26.0813, -28.589 ], [ 26.1479, -28.5579 ], [ 26.1532, -28.5399 ], [ 26.1663, -28.5465 ], [ 26.1835, -28.5232 ], [ 26.2011, -28.5309 ], [ 26.2186, -28.5077 ], [ 26.2191, -28.4688 ], [ 26.2551, -28.4862 ], [ 26.288, -28.4686 ], [ 26.3202, -28.4197 ], [ 26.3547, -28.4051 ], [ 26.3855, -28.3946 ], [ 26.4358, -28.4357 ], [ 26.4301, -28.4034 ], [ 26.4025, -28.3876 ], [ 26.433, -28.3769 ], [ 26.4098, -28.3742 ], [ 26.4128, -28.3613 ], [ 26.4348, -28.369 ], [ 26.4422, -28.3376 ], [ 26.4057, -28.3361 ], [ 26.4232, -28.3127 ], [ 26.538, -28.291 ], [ 26.5489, -28.2902 ], [ 26.5494, -28.3109 ], [ 26.6019, -28.2985 ], [ 26.6025, -28.3305 ], [ 26.627, -28.3313 ], [ 26.6431, -28.3647 ], [ 26.6659, -28.3325 ], [ 26.6548, -28.3322 ], [ 26.646, -28.2861 ], [ 26.613, -28.2681 ], [ 26.6202, -28.2578 ], [ 26.5984, -28.2442 ], [ 26.6394, -28.2181 ], [ 26.6889, -28.2346 ], [ 26.6836, -28.256 ], [ 26.7121, -28.257 ], [ 26.7083, -28.2946 ], [ 26.7412, -28.2858 ], [ 26.7653, -28.2982 ], [ 26.7675, -28.2291 ], [ 26.8323, -28.1992 ], [ 26.8572, -28.1641 ], [ 26.8768, -28.1689 ], [ 26.885, -28.2228 ], [ 26.9633, -28.2762 ], [ 26.9786, -28.3452 ], [ 26.9716, -28.3678 ], [ 26.9491, -28.3828 ], [ 26.96, -28.4053 ], [ 27.0372, -28.3989 ], [ 27.0709, -28.4155 ], [ 27.1065, -28.4018 ], [ 27.1104, -28.4283 ], [ 27.0983, -28.4395 ], [ 27.1174, -28.4453 ], [ 27.1137, -28.4565 ], [ 27.1373, -28.4767 ], [ 27.1874, -28.4823 ], [ 27.1659, -28.5242 ], [ 27.1483, -28.5202 ], [ 27.1567, -28.5583 ], [ 27.2122, -28.578 ], [ 27.2087, -28.5969 ], [ 27.2189, -28.5992 ], [ 27.214, -28.6158 ], [ 27.1929, -28.6247 ], [ 27.2127, -28.6265 ], [ 27.1901, -28.6676 ], [ 27.2026, -28.6762 ], [ 27.1926, -28.6977 ], [ 27.2087, -28.7056 ], [ 27.1985, -28.7342 ], [ 27.1702, -28.7597 ], [ 27.1917, -28.7796 ], [ 27.2146, -28.7742 ], [ 27.1863, -28.8053 ], [ 27.1599, -28.7791 ], [ 27.1496, -28.7252 ], [ 27.1074, -28.7683 ], [ 27.0999, -28.7567 ], [ 27.0463, -28.7699 ], [ 27.0297, -28.7439 ], [ 26.947, -28.7482 ], [ 26.9106, -28.7622 ], [ 26.8537, -28.8863 ], [ 26.7527, -29.003 ], [ 26.779, -29.0158 ], [ 26.718, -29.0902 ], [ 26.7079, -29.0872 ], [ 26.7164, -29.0724 ], [ 26.6934, -29.0656 ], [ 26.6665, -29.0893 ], [ 26.6343, -29.0597 ], [ 26.6176, -29.0062 ], [ 26.5651, -28.9852 ], [ 26.5669, -28.9681 ], [ 26.5249, -29.0012 ], [ 26.5141, -28.979 ], [ 26.4719, -28.948 ], [ 26.4346, -28.9633 ], [ 26.4309, -28.991 ], [ 26.4031, -28.9892 ], [ 26.3532, -28.9597 ], [ 26.3657, -28.9419 ], [ 26.362, -28.9194 ], [ 26.335, -28.9012 ], [ 26.3032, -28.9419 ], [ 26.28, -28.9402 ], [ 26.2349, -28.8812 ], [ 26.1995, -28.8623 ], [ 26.1948, -28.8432 ], [ 26.1556, -28.8502 ], [ 26.1529, -28.8287 ], [ 26.1404, -28.8237 ], [ 26.1491, -28.8109 ], [ 26.128, -28.8159 ], [ 26.1251, -28.8055 ], [ 26.1007, -28.8037 ], [ 26.0929, -28.8144 ], [ 26.0796, -28.7823 ], [ 26.1489, -28.7607 ], [ 26.0984, -28.6651 ], [ 26.0771, -28.6657 ], [ 26.0758, -28.651 ], [ 26.0387, -28.6512 ], [ 26.0439, -28.6666 ] ] ] } },
{ "type": "Feature", "properties": { "muni_code": "FS182" }, "geometry": { "type": "Polygon", "coordinates": [ [ [ 25.2755, -27.7961 ], [ 25.3235, -27.7938 ], [ 25.3492, -27.8502 ], [ 25.3978, -27.896 ], [ 25.4347, -27.9115 ], [ 25.4194, -27.9191 ], [ 25.4688, -27.9607 ], [ 25.5068, -27.9598 ], [ 25.5175, -27.9864 ], [ 25.6261, -28.0388 ], [ 25.6289, -28.0531 ], [ 25.5864, -28.1057 ], [ 25.6378, -28.1199 ], [ 25.6597, -28.1356 ], [ 25.6469, -28.1426 ], [ 25.707, -28.1278 ], [ 25.7337, -28.1782 ], [ 25.6878, -28.2142 ], [ 25.7641, -28.2531 ], [ 25.7424, -28.2901 ], [ 25.7068, -28.2775 ], [ 25.7204, -28.3295 ], [ 25.7083, -28.3333 ], [ 25.7649, -28.4148 ], [ 25.8434, -28.4799 ], [ 25.8901, -28.4921 ], [ 25.9445, -28.5271 ], [ 25.9541, -28.5092 ], [ 25.9952, -28.4974 ], [ 26.0331, -28.5058 ], [ 26.0367, -28.5383 ], [ 26.0162, -28.5528 ], [ 26.0369, -28.5576 ], [ 26.0336, -28.5863 ], [ 26.0079, -28.5842 ], [ 25.9782, -28.6046 ], [ 25.8644, -28.7812 ], [ 25.8563, -28.8676 ], [ 25.8089, -28.8535 ], [ 25.8046, -28.8939 ], [ 25.7956, -28.8868 ], [ 25.7641, -28.9044 ], [ 25.7054, -28.9092 ], [ 25.6615, -28.8888 ], [ 25.6213, -28.8962 ], [ 25.5939, -28.8708 ], [ 25.5889, -28.883 ], [ 25.553, -28.8821 ], [ 25.5288, -28.8525 ], [ 25.4504, -28.9002 ], [ 25.4177, -28.8968 ], [ 25.4066, -28.9172 ], [ 25.3361, -28.8945 ], [ 25.2822, -28.9019 ], [ 25.2704, -28.8924 ], [ 25.2423, -28.9075 ], [ 25.2235, -28.8943 ], [ 25.2025, -28.9072 ], [ 25.206, -28.9225 ], [ 25.1927, -28.9377 ], [ 25.1489, -28.9435 ], [ 25.1141, -28.9654 ], [ 25.0878, -28.9062 ], [ 24.9925, -28.9032 ], [ 24.9745, -28.9485 ], [ 24.8691, -28.8947 ], [ 24.811, -28.9131 ], [ 24.8018, -28.8283 ], [ 24.9018, -28.648 ], [ 24.8277, -28.627 ], [ 24.8678, -28.5171 ], [ 24.8469, -28.5038 ], [ 24.8868, -28.465 ], [ 24.9376, -28.3249 ], [ 24.8903, -28.3102 ], [ 24.8705, -28.2704 ], [ 24.9053, -28.2748 ], [ 24.9267, -28.2469 ], [ 24.9646, -28.2507 ], [ 25.0281, -28.0735 ], [ 25.0739, -28.0659 ], [ 25.1074, -28.0119 ], [ 25.0906, -27.984 ], [ 25.131, -27.9506 ], [ 25.132, -27.927 ], [ 25.1606, -27.9271 ], [ 25.1977, -27.8885 ], [ 25.2521, -27.867 ], [ 25.2578, -27.8551 ], [ 25.2393, -27.8327 ], [ 25.2755, -27.7961 ] ] ] } },
{ "type": "Feature", "properties": { "muni_code": "FS183" }, "geometry": { "type": "Polygon", "coordinates": [ [ [ 25.828, -27.5665 ], [ 25.861, -27.6248 ], [ 25.8913, -27.6261 ], [ 25.8957, -27.61 ], [ 25.9243, -27.6035 ], [ 25.9473, -27.6329 ], [ 25.9819, -27.6272 ], [ 26.0053, -27.653 ], [ 26.0027, -27.7066 ], [ 26.0262, -27.7347 ], [ 26.0758, -27.7107 ], [ 26.1455, -27.8409 ], [ 26.1228, -27.8753 ], [ 26.1409, -27.8867 ], [ 26.1629, -27.8603 ], [ 26.2216, -27.8879 ], [ 26.1832, -27.9418 ], [ 26.2007, -27.9597 ], [ 26.1904, -28.0043 ], [ 26.2403, -28.0248 ], [ 26.2993, -28.0305 ], [ 26.2957, -28.0437 ], [ 26.3344, -28.0523 ], [ 26.3434, -28.0619 ], [ 26.3339, -28.0958 ], [ 26.3476, -28.0751 ], [ 26.3547, -28.086 ], [ 26.3654, -28.0792 ], [ 26.3658, -28.0914 ], [ 26.409, -28.0755 ], [ 26.4095, -28.1058 ], [ 26.4198, -28.1098 ], [ 26.4083, -28.1239 ], [ 26.4226, -28.1261 ], [ 26.4118, -28.1318 ], [ 26.4222, -28.1533 ], [ 26.4461, -28.1664 ], [ 26.4423, -28.1836 ], [ 26.4682, -28.2134 ], [ 26.4364, -28.2356 ], [ 26.417, -28.2298 ], [ 26.411, -28.2454 ], [ 26.4231, -28.2557 ], [ 26.4415, -28.2508 ], [ 26.4455, -28.2624 ], [ 26.4086, -28.2595 ], [ 26.3959, -28.2917 ], [ 26.4054, -28.292 ], [ 26.4071, -28.3125 ], [ 26.4232, -28.3127 ], [ 26.4057, -28.3361 ], [ 26.4422, -28.3376 ], [ 26.4348, -28.369 ], [ 26.4128, -28.3613 ], [ 26.4098, -28.3742 ], [ 26.433, -28.3769 ], [ 26.4025, -28.3876 ], [ 26.4301, -28.4034 ], [ 26.4358, -28.4357 ], [ 26.3855, -28.3946 ], [ 26.3547, -28.4051 ], [ 26.3202, -28.4197 ], [ 26.288, -28.4686 ], [ 26.2551, -28.4862 ], [ 26.2191, -28.4688 ], [ 26.2186, -28.5077 ], [ 26.2011, -28.5309 ], [ 26.1835, -28.5232 ], [ 26.1663, -28.5465 ], [ 26.1532, -28.5399 ], [ 26.1479, -28.5579 ], [ 26.0813, -28.589 ], [ 26.0336, -28.5863 ], [ 26.0369, -28.5576 ], [ 26.0162, -28.5528 ], [ 26.0367, -28.5383 ], [ 26.0331, -28.5058 ], [ 25.9952, -28.4974 ], [ 25.9541, -28.5092 ], [ 25.9445, -28.5271 ], [ 25.8901, -28.4921 ], [ 25.8434, -28.4799 ], [ 25.7649, -28.4148 ], [ 25.7083, -28.3333 ], [ 25.7204, -28.3295 ], [ 25.7068, -28.2775 ], [ 25.7424, -28.2901 ], [ 25.7641, -28.2531 ], [ 25.6878, -28.2142 ], [ 25.7337, -28.1782 ], [ 25.707, -28.1278 ], [ 25.6469, -28.1426 ], [ 25.6597, -28.1356 ], [ 25.6378, -28.1199 ], [ 25.5864, -28.1057 ], [ 25.6289, -28.0531 ], [ 25.6261, -28.0388 ], [ 25.5175, -27.9864 ], [ 25.5068, -27.9598 ], [ 25.4688, -27.9607 ], [ 25.4194, -27.9191 ], [ 25.4347, -27.9115 ], [ 25.3978, -27.896 ], [ 25.3492, -27.8502 ], [ 25.3235, -27.7938 ], [ 25.3408, -27.7926 ], [ 25.364, -27.7505 ], [ 25.3945, -27.7287 ], [ 25.4693, -27.7106 ], [ 25.4809, -27.6925 ], [ 25.5558, -27.6867 ], [ 25.5919, -27.6549 ], [ 25.6639, -27.6942 ], [ 25.6785, -27.677 ], [ 25.6827, -27.6272 ], [ 25.7099, -27.6246 ], [ 25.828, -27.5665 ] ] ] } },
{ "type": "Feature", "properties": { "muni_code": "FS184" }, "geometry": { "type": "Polygon", "coordinates": [ [ [ 26.9501, -27.5225 ], [ 26.9335, -27.5578 ], [ 26.9633, -27.5492 ], [ 27.0163, -27.5982 ], [ 26.9745, -27.6429 ], [ 27.0062, -27.6655 ], [ 26.9699, -27.6944 ], [ 27.0015, -27.7157 ], [ 27.0202, -27.707 ], [ 27.0308, -27.7168 ], [ 27.0168, -27.7271 ], [ 27.0771, -27.7891 ], [ 27.0409, -27.8091 ], [ 27.0525, -27.8593 ], [ 27.0757, -27.8905 ], [ 27.0938, -27.8859 ], [ 27.1409, -27.9227 ], [ 27.1594, -27.9151 ], [ 27.1578, -27.9333 ], [ 27.1728, -27.9347 ], [ 27.1716, -27.911 ], [ 27.1796, -27.9222 ], [ 27.1928, -27.8997 ], [ 27.2152, -27.9151 ], [ 27.2386, -27.9086 ], [ 27.2922, -27.923 ], [ 27.3008, -27.9607 ], [ 27.359, -27.9325 ], [ 27.3736, -28.0196 ], [ 27.4263, -28.0231 ], [ 27.423, -28.037 ], [ 27.4718, -28.1071 ], [ 27.4068, -28.105 ], [ 27.3867, -28.1588 ], [ 27.3701, -28.1703 ], [ 27.3879, -28.2141 ], [ 27.3262, -28.2265 ], [ 27.3197, -28.2685 ], [ 27.3058, -28.2627 ], [ 27.2768, -28.2828 ], [ 27.2659, -28.377 ], [ 27.289, -28.4575 ], [ 27.2463, -28.4912 ], [ 27.2712, -28.5097 ], [ 27.2318, -28.5724 ], [ 27.2122, -28.578 ], [ 27.1567, -28.5583 ], [ 27.1483, -28.5202 ], [ 27.1659, -28.5242 ], [ 27.1874, -28.4823 ], [ 27.1373, -28.4767 ], [ 27.1137, -28.4565 ], [ 27.1174, -28.4453 ], [ 27.0983, -28.4395 ], [ 27.1104, -28.4283 ], [ 27.1065, -28.4018 ], [ 27.0709, -28.4155 ], [ 27.0372, -28.3989 ], [ 26.96, -28.4053 ], [ 26.9491, -28.3828 ], [ 26.9716, -28.3678 ], [ 26.9741, -28.3051 ], [ 26.9605, -28.2736 ], [ 26.885, -28.2228 ], [ 26.8768, -28.1689 ], [ 26.8572, -28.1641 ], [ 26.8323, -28.1992 ], [ 26.7675, -28.2291 ], [ 26.7653, -28.2982 ], [ 26.7412, -28.2858 ], [ 26.7083, -28.2946 ], [ 26.7121, -28.257 ], [ 26.6836, -28.256 ], [ 26.6889, -28.2346 ], [ 26.6394, -28.2181 ], [ 26.5984, -28.2442 ], [ 26.6202, -28.2578 ], [ 26.613, -28.2681 ], [ 26.646, -28.2861 ], [ 26.6548, -28.3322 ], [ 26.6659, -28.3325 ], [ 26.6431, -28.3647 ], [ 26.627, -28.3313 ], [ 26.6025, -28.3305 ], [ 26.6019, -28.2985 ], [ 26.5494, -28.3109 ], [ 26.5489, -28.2902 ], [ 26.538, -28.291 ], [ 26.4071, -28.3125 ], [ 26.4054, -28.292 ], [ 26.3959, -28.2917 ], [ 26.4086, -28.2595 ], [ 26.4455, -28.2624 ], [ 26.4415, -28.2508 ], [ 26.4231, -28.2557 ], [ 26.411, -28.2454 ], [ 26.417, -28.2298 ], [ 26.4364, -28.2356 ], [ 26.4682, -28.2144 ], [ 26.4423, -28.1836 ], [ 26.4461, -28.1664 ], [ 26.4152, -28.1394 ], [ 26.4226, -28.1261 ], [ 26.4083, -28.1239 ], [ 26.4198, -28.1098 ], [ 26.41, -28.0951 ], [ 26.4451, -28.0815 ], [ 26.4456, -28.0395 ], [ 26.4564, -28.0459 ], [ 26.457, -28.0784 ], [ 26.4912, -28.0984 ], [ 26.5065, -28.0414 ], [ 26.4912, -28.0366 ], [ 26.5097, -27.9932 ], [ 26.5055, -27.9521 ], [ 26.5598, -27.9392 ], [ 26.4911, -27.9128 ], [ 26.5147, -27.8954 ], [ 26.4926, -27.8643 ], [ 26.5488, -27.874 ], [ 26.5576, -27.8341 ], [ 26.5557, -27.7905 ], [ 26.5152, -27.787 ], [ 26.5445, -27.7464 ], [ 26.5229, -27.7328 ], [ 26.5609, -27.7241 ], [ 26.6363, -27.6591 ], [ 26.7419, -27.6936 ], [ 26.8466, -27.6236 ], [ 26.8577, -27.586 ], [ 26.8739, -27.5896 ], [ 26.8854, -27.5759 ], [ 26.8704, -27.5338 ], [ 26.9227, -27.5161 ], [ 26.9501, -27.5225 ] ] ] } },
{ "type": "Feature", "properties": { "muni_code": "FS185" }, "geometry": { "type": "Polygon", "coordinates": [ [ [ 26.8577, -27.586 ], [ 26.8466, -27.6236 ], [ 26.7419, -27.6936 ], [ 26.6363, -27.6591 ], [ 26.5609, -27.7241 ], [ 26.5229, -27.7328 ], [ 26.5445, -27.7464 ], [ 26.5152, -27.787 ], [ 26.5557, -27.7905 ], [ 26.5576, -27.8341 ], [ 26.5488, -27.874 ], [ 26.4926, -27.8643 ], [ 26.5147, -27.8954 ], [ 26.4911, -27.9128 ], [ 26.5598, -27.9392 ], [ 26.5055, -27.9521 ], [ 26.5097, -27.9932 ], [ 26.4912, -28.0366 ], [ 26.5065, -28.0414 ], [ 26.4912, -28.0984 ], [ 26.457, -28.0784 ], [ 26.4564, -28.0459 ], [ 26.4456, -28.0395 ], [ 26.4452, -28.0814 ], [ 26.4211, -28.0943 ], [ 26.406, -28.0908 ], [ 26.4057, -28.0739 ], [ 26.3658, -28.0914 ], [ 26.3654, -28.0792 ], [ 26.3547, -28.086 ], [ 26.3476, -28.0751 ], [ 26.3339, -28.0958 ], [ 26.3434, -28.0619 ], [ 26.3344, -28.0523 ], [ 26.2957, -28.0437 ], [ 26.2993, -28.0305 ], [ 26.2403, -28.0248 ], [ 26.19, -28.004 ], [ 26.2007, -27.9597 ], [ 26.1832, -27.9418 ], [ 26.2216, -27.8879 ], [ 26.1629, -27.8603 ], [ 26.1409, -27.8867 ], [ 26.1228, -27.8753 ], [ 26.1455, -27.8409 ], [ 26.0758, -27.7107 ], [ 26.0948, -27.6846 ], [ 26.0547, -27.6692 ], [ 26.0862, -27.648 ], [ 26.0749, -27.6205 ], [ 26.0845, -27.5951 ], [ 26.1133, -27.5933 ], [ 26.134, -27.5585 ], [ 26.1536, -27.564 ], [ 26.1701, -27.5361 ], [ 26.229, -27.5122 ], [ 26.22, -27.4739 ], [ 26.2416, -27.432 ], [ 26.2635, -27.4169 ], [ 26.3088, -27.4178 ], [ 26.3241, -27.4329 ], [ 26.3272, -27.4058 ], [ 26.3467, -27.3852 ], [ 26.3724, -27.3838 ], [ 26.4231, -27.4069 ], [ 26.4519, -27.3858 ], [ 26.5104, -27.3962 ], [ 26.5128, -27.3848 ], [ 26.4847, -27.3799 ], [ 26.4464, -27.3497 ], [ 26.4755, -27.3083 ], [ 26.4848, -27.3091 ], [ 26.4808, -27.3232 ], [ 26.4934, -27.3191 ], [ 26.4972, -27.2678 ], [ 26.4426, -27.2163 ], [ 26.4198, -27.1705 ], [ 26.4286, -27.1503 ], [ 26.4731, -27.1542 ], [ 26.4829, -27.1317 ], [ 26.5029, -27.1307 ], [ 26.5216, -27.1044 ], [ 26.5754, -27.1833 ], [ 26.6352, -27.1716 ], [ 26.6452, -27.1909 ], [ 26.6831, -27.1903 ], [ 26.7032, -27.2188 ], [ 26.7374, -27.2135 ], [ 26.7229, -27.264 ], [ 26.7099, -27.2682 ], [ 26.7159, -27.2806 ], [ 26.7568, -27.2835 ], [ 26.7613, -27.2988 ], [ 26.7432, -27.3037 ], [ 26.7434, -27.3173 ], [ 26.7577, -27.3482 ], [ 26.696, -27.3498 ], [ 26.699, -27.4008 ], [ 26.7463, -27.3953 ], [ 26.7568, -27.4356 ], [ 26.7898, -27.4477 ], [ 26.7735, -27.4565 ], [ 26.7931, -27.515 ], [ 26.7537, -27.514 ], [ 26.7633, -27.5643 ], [ 26.8185, -27.5855 ], [ 26.8577, -27.586 ] ] ] } },
{ "type": "Feature", "properties": { "muni_code": "FS191" }, "geometry": { "type": "Polygon", "coordinates": [ [ [ 28.0411, -28.6421 ], [ 28.0338, -28.6692 ], [ 28.0538, -28.6895 ], [ 28.0566, -28.7199 ], [ 28.0979, -28.7495 ], [ 28.1017, -28.7671 ], [ 28.0749, -28.815 ], [ 28.0508, -28.8181 ], [ 28.0543, -28.842 ], [ 28.024, -28.8594 ], [ 28.034, -28.8742 ], [ 27.995, -28.8721 ], [ 27.9906, -28.883 ], [ 27.9384, -28.8483 ], [ 27.9187, -28.8603 ], [ 27.92, -28.8775 ], [ 27.8931, -28.8792 ], [ 27.8878, -28.8884 ], [ 27.9001, -28.8941 ], [ 27.8884, -28.9167 ], [ 27.8689, -28.9198 ], [ 27.8515, -28.903 ], [ 27.8398, -28.9153 ], [ 27.8299, -28.9035 ], [ 27.8163, -28.9211 ], [ 27.7543, -28.8971 ], [ 27.7667, -28.917 ], [ 27.7619, -28.938 ], [ 27.7231, -28.9494 ], [ 27.7229, -28.9756 ], [ 27.7074, -28.9824 ], [ 27.7136, -29.0101 ], [ 27.6851, -29.0036 ], [ 27.688, -29.0232 ], [ 27.6701, -29.0273 ], [ 27.673, -29.044 ], [ 27.6414, -29.0458 ], [ 27.6765, -29.0668 ], [ 27.6613, -29.0861 ], [ 27.6405, -29.0816 ], [ 27.6502, -29.11 ], [ 27.6032, -29.1012 ], [ 27.6132, -29.0888 ], [ 27.5921, -29.072 ], [ 27.6041, -29.0543 ], [ 27.5965, -29.03 ], [ 27.5593, -29.0386 ], [ 27.5277, -29.0128 ], [ 27.548, -28.9921 ], [ 27.5055, -28.9714 ], [ 27.511, -28.9336 ], [ 27.4784, -28.8733 ], [ 27.4433, -28.8795 ], [ 27.44, -28.8521 ], [ 27.4018, -28.8708 ], [ 27.3456, -28.8306 ], [ 27.3369, -28.8431 ], [ 27.3176, -28.8389 ], [ 27.3233, -28.8182 ], [ 27.3005, -28.8076 ], [ 27.268, -28.8387 ], [ 27.2344, -28.8289 ], [ 27.2766, -28.7965 ], [ 27.239, -28.7916 ], [ 27.2049, -28.8242 ], [ 27.1863, -28.8052 ], [ 27.2146, -28.7742 ], [ 27.1917, -28.7796 ], [ 27.1702, -28.7597 ], [ 27.1985, -28.7342 ], [ 27.2087, -28.7056 ], [ 27.1926, -28.6977 ], [ 27.2026, -28.6762 ], [ 27.1901, -28.6676 ], [ 27.2127, -28.6265 ], [ 27.1929, -28.6247 ], [ 27.214, -28.6158 ], [ 27.2129, -28.5742 ], [ 27.2318, -28.5724 ], [ 27.2712, -28.5097 ], [ 27.2463, -28.4912 ], [ 27.289, -28.4575 ], [ 27.2659, -28.377 ], [ 27.2768, -28.2828 ], [ 27.3058, -28.2627 ], [ 27.3197, -28.2685 ], [ 27.3262, -28.2265 ], [ 27.3879, -28.2141 ], [ 27.3908, -28.2395 ], [ 27.4452, -28.2387 ], [ 27.4701, -28.2732 ], [ 27.4811, -28.2718 ], [ 27.4832, -28.2488 ], [ 27.5031, -28.2491 ], [ 27.5107, -28.2744 ], [ 27.5272, -28.267 ], [ 27.5695, -28.2842 ], [ 27.5958, -28.2595 ], [ 27.605, -28.2664 ], [ 27.6169, -28.2511 ], [ 27.5963, -28.176 ], [ 27.6277, -28.1711 ], [ 27.6458, -28.1922 ], [ 27.6617, -28.1862 ], [ 27.6538, -28.1266 ], [ 27.6932, -28.124 ], [ 27.689, -28.0962 ], [ 27.655, -28.0599 ], [ 27.7372, -28.0293 ], [ 27.7599, -28.0619 ], [ 27.8181, -28.0637 ], [ 27.7976, -28.094 ], [ 27.7662, -28.0988 ], [ 27.7621, -28.1509 ], [ 27.8006, -28.1568 ], [ 27.7965, -28.1992 ], [ 27.809, -28.2036 ], [ 27.7811, -28.2237 ], [ 27.79, -28.2538 ], [ 27.8306, -28.2831 ], [ 27.8272, -28.3234 ], [ 27.8658, -28.3145 ], [ 27.8654, -28.3308 ], [ 27.8439, -28.3458 ], [ 27.8605, -28.3612 ], [ 27.8085, -28.4582 ], [ 27.846, -28.4762 ], [ 27.8339, -28.5508 ], [ 27.873, -28.5701 ], [ 27.9013, -28.5559 ], [ 27.93, -28.5579 ], [ 27.9316, -28.5759 ], [ 27.9641, -28.5827 ], [ 27.9784, -28.5691 ], [ 27.9832, -28.5702 ], [ 27.971, -28.5889 ], [ 28.0016, -28.6066 ], [ 28.0294, -28.6034 ], [ 28.0411, -28.6421 ] ] ] } },
{ "type": "Feature", "properties": { "muni_code": "FS192" }, "geometry": { "type": "Polygon", "coordinates": [ [ [ 28.6352, -28.0306 ], [ 28.6313, -28.0579 ], [ 28.5997, -28.1036 ], [ 28.6228, -28.1547 ], [ 28.6418, -28.1465 ], [ 28.7135, -28.1773 ], [ 28.7276, -28.1558 ], [ 28.7232, -28.2051 ], [ 28.7364, -28.2209 ], [ 28.7112, -28.2173 ], [ 28.7156, -28.2357 ], [ 28.6464, -28.2605 ], [ 28.6503, -28.2933 ], [ 28.6314, -28.343 ], [ 28.6495, -28.3912 ], [ 28.604, -28.3769 ], [ 28.5828, -28.3913 ], [ 28.5966, -28.4111 ], [ 28.6113, -28.4039 ], [ 28.6121, -28.4122 ], [ 28.5804, -28.4175 ], [ 28.5824, -28.4494 ], [ 28.6013, -28.4491 ], [ 28.6047, -28.4791 ], [ 28.6231, -28.4789 ], [ 28.6551, -28.5064 ], [ 28.6391, -28.5198 ], [ 28.6315, -28.5825 ], [ 28.6128, -28.5975 ], [ 28.575, -28.6104 ], [ 28.5241, -28.6012 ], [ 28.5075, -28.6181 ], [ 28.5026, -28.6078 ], [ 28.4721, -28.6054 ], [ 28.4536, -28.6193 ], [ 28.4019, -28.6243 ], [ 28.4028, -28.6443 ], [ 28.3659, -28.6654 ], [ 28.372, -28.6837 ], [ 28.3496, -28.7034 ], [ 28.3049, -28.6924 ], [ 28.2812, -28.7149 ], [ 28.2335, -28.6951 ], [ 28.1964, -28.7112 ], [ 28.1902, -28.6968 ], [ 28.1834, -28.6937 ], [ 28.184, -28.7088 ], [ 28.167, -28.7055 ], [ 28.1579, -28.7306 ], [ 28.1505, -28.7227 ], [ 28.1309, -28.7458 ], [ 28.1193, -28.7414 ], [ 28.1198, -28.7578 ], [ 28.1017, -28.7671 ], [ 28.0979, -28.7495 ], [ 28.0606, -28.7275 ], [ 28.0536, -28.6891 ], [ 28.0344, -28.6712 ], [ 28.046, -28.6504 ], [ 28.0298, -28.6036 ], [ 28.0016, -28.6066 ], [ 27.971, -28.5889 ], [ 27.9832, -28.5702 ], [ 27.9641, -28.5827 ], [ 27.9316, -28.5759 ], [ 27.93, -28.5579 ], [ 27.9013, -28.5559 ], [ 27.873, -28.5701 ], [ 27.8339, -28.5508 ], [ 27.846, -28.4762 ], [ 27.8085, -28.4582 ], [ 27.8605, -28.3612 ], [ 27.8439, -28.3458 ], [ 27.8654, -28.3308 ], [ 27.8658, -28.3145 ], [ 27.8272, -28.3234 ], [ 27.8306, -28.2831 ], [ 27.7887, -28.248 ], [ 27.8376, -28.2294 ], [ 27.8868, -28.2434 ], [ 27.8958, -28.2286 ], [ 27.963, -28.2243 ], [ 27.9652, -28.2344 ], [ 28.0279, -28.2421 ], [ 28.0391, -28.2138 ], [ 28.028, -28.1767 ], [ 28.1136, -28.1301 ], [ 28.1319, -28.14 ], [ 28.1445, -28.1202 ], [ 28.1816, -28.1082 ], [ 28.2218, -28.1285 ], [ 28.2383, -28.1148 ], [ 28.2776, -28.1192 ], [ 28.3122, -28.0602 ], [ 28.3377, -28.1019 ], [ 28.3725, -28.0641 ], [ 28.4152, -28.048 ], [ 28.4475, -27.9906 ], [ 28.4689, -28.0255 ], [ 28.4838, -28.0189 ], [ 28.4834, -28.0358 ], [ 28.5262, -28.0388 ], [ 28.5353, -28.0556 ], [ 28.5669, -28.0178 ], [ 28.6352, -28.0306 ] ] ] } },
{ "type": "Feature", "properties": { "muni_code": "FS193" }, "geometry": { "type": "Polygon", "coordinates": [ [ [ 28.2074, -27.4969 ], [ 28.2509, -27.4978 ], [ 28.2581, -27.5723 ], [ 28.2842, -27.567 ], [ 28.294, -27.5426 ], [ 28.3073, -27.5541 ], [ 28.3702, -27.5214 ], [ 28.3961, -27.5464 ], [ 28.3996, -27.5234 ], [ 28.427, -27.5064 ], [ 28.4748, -27.5328 ], [ 28.4671, -27.5628 ], [ 28.5112, -27.5969 ], [ 28.5517, -27.5795 ], [ 28.5497, -27.5551 ], [ 28.567, -27.5375 ], [ 28.5775, -27.5645 ], [ 28.5915, -27.5721 ], [ 28.5975, -27.5624 ], [ 28.6201, -27.5896 ], [ 28.6028, -27.6025 ], [ 28.6255, -27.6114 ], [ 28.6756, -27.5809 ], [ 28.675, -27.5905 ], [ 28.7438, -27.5997 ], [ 28.7162, -27.6215 ], [ 28.7361, -27.6211 ], [ 28.7324, -27.6415 ], [ 28.7506, -27.6452 ], [ 28.7589, -27.672 ], [ 28.7828, -27.6905 ], [ 28.7388, -27.7092 ], [ 28.754, -27.7106 ], [ 28.7466, -27.738 ], [ 28.7653, -27.7375 ], [ 28.7611, -27.7543 ], [ 28.7812, -27.772 ], [ 28.7534, -27.789 ], [ 28.7843, -27.8226 ], [ 28.8077, -27.8162 ], [ 28.7924, -27.8387 ], [ 28.7683, -27.8402 ], [ 28.7842, -27.8454 ], [ 28.7766, -27.8777 ], [ 28.7961, -27.8879 ], [ 28.7877, -27.8988 ], [ 28.7679, -27.8887 ], [ 28.7214, -27.9182 ], [ 28.7414, -27.9509 ], [ 28.7282, -28.0229 ], [ 28.6352, -28.0306 ], [ 28.5669, -28.0178 ], [ 28.5353, -28.0556 ], [ 28.5262, -28.0388 ], [ 28.4834, -28.0358 ], [ 28.4838, -28.0189 ], [ 28.4689, -28.0255 ], [ 28.4475, -27.9906 ], [ 28.4152, -28.048 ], [ 28.3725, -28.0641 ], [ 28.3377, -28.1019 ], [ 28.3122, -28.0602 ], [ 28.2776, -28.1192 ], [ 28.2383, -28.1148 ], [ 28.2218, -28.1285 ], [ 28.1816, -28.1082 ], [ 28.1445, -28.1202 ], [ 28.1319, -28.14 ], [ 28.1136, -28.1301 ], [ 28.028, -28.1767 ], [ 28.0391, -28.2138 ], [ 28.0279, -28.2421 ], [ 27.9652, -28.2344 ], [ 27.963, -28.2243 ], [ 27.8958, -28.2286 ], [ 27.8868, -28.2434 ], [ 27.8376, -28.2294 ], [ 27.7871, -28.2475 ], [ 27.7811, -28.2232 ], [ 27.809, -28.2036 ], [ 27.7965, -28.1992 ], [ 27.8006, -28.1568 ], [ 27.7621, -28.1509 ], [ 27.7592, -28.1298 ], [ 27.771, -28.125 ], [ 27.7662, -28.0988 ], [ 27.7976, -28.094 ], [ 27.8181, -28.0637 ], [ 27.7599, -28.0619 ], [ 27.7372, -28.0293 ], [ 27.7035, -28.0404 ], [ 27.6954, -28.0026 ], [ 27.7187, -27.9848 ], [ 27.7047, -27.9836 ], [ 27.7585, -27.9048 ], [ 27.7862, -27.9132 ], [ 27.7883, -27.9308 ], [ 27.8108, -27.9503 ], [ 27.823, -27.9337 ], [ 27.8726, -27.9338 ], [ 27.8628, -27.7895 ], [ 27.8381, -27.6726 ], [ 27.8828, -27.657 ], [ 27.8819, -27.6385 ], [ 27.9886, -27.6322 ], [ 27.9825, -27.6121 ], [ 28.0143, -27.5825 ], [ 28.0078, -27.5638 ], [ 28.0569, -27.5642 ], [ 28.0614, -27.5752 ], [ 28.155, -27.4989 ], [ 28.1887, -27.4818 ], [ 28.2074, -27.4969 ] ] ] } },
{ "type": "Feature", "properties": { "muni_code": "FS194" }, "geometry": { "type": "Polygon", "coordinates": [ [ [ 29.2318, -28.0042 ], [ 29.2592, -28.0246 ], [ 29.2708, -27.9967 ], [ 29.2964, -27.9966 ], [ 29.3035, -27.9851 ], [ 29.3138, -27.9927 ], [ 29.3145, -28.0728 ], [ 29.331, -28.096 ], [ 29.3805, -28.1203 ], [ 29.4051, -28.078 ], [ 29.564, -28.1891 ], [ 29.52, -28.2206 ], [ 29.5099, -28.2654 ], [ 29.4829, -28.2722 ], [ 29.4793, -28.2907 ], [ 29.4376, -28.3211 ], [ 29.4143, -28.3759 ], [ 29.3734, -28.3719 ], [ 29.3201, -28.4068 ], [ 29.3226, -28.424 ], [ 29.2901, -28.4379 ], [ 29.2487, -28.4249 ], [ 29.1915, -28.4938 ], [ 29.2162, -28.519 ], [ 29.1964, -28.545 ], [ 29.171, -28.53 ], [ 29.135, -28.5663 ], [ 29.0963, -28.5451 ], [ 28.974, -28.5746 ], [ 28.966, -28.6053 ], [ 28.9443, -28.6226 ], [ 28.9428, -28.6509 ], [ 28.8972, -28.6909 ], [ 28.8921, -28.7449 ], [ 28.8736, -28.7707 ], [ 28.8576, -28.756 ], [ 28.8112, -28.7735 ], [ 28.8004, -28.743 ], [ 28.8062, -28.7099 ], [ 28.7535, -28.6838 ], [ 28.7261, -28.6877 ], [ 28.7046, -28.6713 ], [ 28.7064, -28.6523 ], [ 28.6948, -28.6444 ], [ 28.7038, -28.6183 ], [ 28.6821, -28.5899 ], [ 28.6514, -28.5708 ], [ 28.6315, -28.5825 ], [ 28.63, -28.5497 ], [ 28.6391, -28.5198 ], [ 28.6544, -28.5126 ], [ 28.6518, -28.4965 ], [ 28.6047, -28.4791 ], [ 28.61, -28.456 ], [ 28.5824, -28.4494 ], [ 28.5804, -28.4175 ], [ 28.6121, -28.4122 ], [ 28.6113, -28.4039 ], [ 28.5966, -28.4111 ], [ 28.5828, -28.3913 ], [ 28.604, -28.3769 ], [ 28.6495, -28.3912 ], [ 28.6314, -28.343 ], [ 28.6503, -28.2933 ], [ 28.6464, -28.2605 ], [ 28.7156, -28.2357 ], [ 28.7112, -28.2173 ], [ 28.7364, -28.2209 ], [ 28.7232, -28.2051 ], [ 28.7276, -28.1558 ], [ 28.7135, -28.1773 ], [ 28.6418, -28.1465 ], [ 28.6228, -28.1547 ], [ 28.5997, -28.1036 ], [ 28.6313, -28.0579 ], [ 28.6352, -28.0306 ], [ 28.7282, -28.0229 ], [ 28.738, -27.9761 ], [ 28.7551, -27.9904 ], [ 28.7521, -28.0073 ], [ 28.8047, -28.0198 ], [ 28.7787, -28.0783 ], [ 28.7919, -28.1092 ], [ 28.7698, -28.1246 ], [ 28.8477, -28.1247 ], [ 28.8791, -28.1377 ], [ 28.8838, -28.1245 ], [ 28.9118, -28.1248 ], [ 28.9039, -28.113 ], [ 28.9394, -28.1045 ], [ 28.9374, -28.0905 ], [ 28.963, -28.0834 ], [ 28.9616, -28.0745 ], [ 28.9989, -28.0745 ], [ 29.0078, -28.02 ], [ 29.0659, -28.0222 ], [ 29.114, -28.0601 ], [ 29.1328, -28.0261 ], [ 29.1611, -28.0118 ], [ 29.1969, -28.0165 ], [ 29.2135, -27.9729 ], [ 29.2404, -27.9897 ], [ 29.2318, -28.0042 ] ] ] } },
{ "type": "Feature", "properties": { "muni_code": "FS195" }, "geometry": { "type": "Polygon", "coordinates": [ [ [ 29.0555, -27.008 ], [ 29.0742, -27.0635 ], [ 29.056, -27.0819 ], [ 29.0718, -27.0857 ], [ 29.104, -27.1303 ], [ 29.1169, -27.1724 ], [ 29.1594, -27.1431 ], [ 29.2239, -27.1447 ], [ 29.2463, -27.192 ], [ 29.2563, -27.1946 ], [ 29.2604, -27.1813 ], [ 29.2682, -27.1983 ], [ 29.2864, -27.1903 ], [ 29.309, -27.2162 ], [ 29.3351, -27.2074 ], [ 29.3312, -27.2634 ], [ 29.3427, -27.2485 ], [ 29.3909, -27.2427 ], [ 29.4282, -27.2539 ], [ 29.4637, -27.2877 ], [ 29.4694, -27.3248 ], [ 29.4864, -27.3274 ], [ 29.4828, -27.36 ], [ 29.5029, -27.3582 ], [ 29.5119, -27.3796 ], [ 29.5304, -27.3828 ], [ 29.5271, -27.3941 ], [ 29.5381, -27.387 ], [ 29.552, -27.3988 ], [ 29.5465, -27.4311 ], [ 29.6007, -27.4701 ], [ 29.6189, -27.506 ], [ 29.7014, -27.4939 ], [ 29.6991, -27.4508 ], [ 29.7214, -27.4328 ], [ 29.7587, -27.4426 ], [ 29.7084, -27.4618 ], [ 29.7032, -27.472 ], [ 29.7319, -27.4879 ], [ 29.7105, -27.4987 ], [ 29.7092, -27.5136 ], [ 29.7584, -27.5271 ], [ 29.7804, -27.5595 ], [ 29.7851, -27.5967 ], [ 29.7489, -27.6137 ], [ 29.7348, -27.6071 ], [ 29.7183, -27.6295 ], [ 29.6712, -27.6505 ], [ 29.6701, -27.6701 ], [ 29.709, -27.6985 ], [ 29.7035, -27.7667 ], [ 29.7175, -27.7875 ], [ 29.7108, -27.7956 ], [ 29.7313, -27.8081 ], [ 29.697, -27.8245 ], [ 29.7028, -27.8566 ], [ 29.6871, -27.8585 ], [ 29.6903, -27.8957 ], [ 29.6538, -27.9233 ], [ 29.6797, -27.9574 ], [ 29.6508, -27.9667 ], [ 29.6359, -27.9945 ], [ 29.6394, -28.0156 ], [ 29.6169, -28.0468 ], [ 29.6555, -28.09 ], [ 29.6541, -28.1383 ], [ 29.6633, -28.142 ], [ 29.6628, -28.1773 ], [ 29.6263, -28.1857 ], [ 29.6096, -28.215 ], [ 29.6244, -28.2249 ], [ 29.6198, -28.2412 ], [ 29.5587, -28.2583 ], [ 29.5506, -28.2472 ], [ 29.5099, -28.2654 ], [ 29.52, -28.2206 ], [ 29.564, -28.1891 ], [ 29.4051, -28.078 ], [ 29.3805, -28.1203 ], [ 29.331, -28.096 ], [ 29.3145, -28.0728 ], [ 29.3138, -27.9927 ], [ 29.3018, -27.9845 ], [ 29.2964, -27.9966 ], [ 29.2708, -27.9967 ], [ 29.2592, -28.0246 ], [ 29.2318, -28.0042 ], [ 29.2404, -27.9897 ], [ 29.2135, -27.9729 ], [ 29.1969, -28.0165 ], [ 29.1611, -28.0118 ], [ 29.1328, -28.0261 ], [ 29.1143, -28.0601 ], [ 29.0659, -28.0222 ], [ 29.0078, -28.02 ], [ 28.9989, -28.0745 ], [ 28.9616, -28.0745 ], [ 28.963, -28.0834 ], [ 28.9374, -28.0905 ], [ 28.9394, -28.1045 ], [ 28.9039, -28.113 ], [ 28.9113, -28.1253 ], [ 28.8838, -28.1245 ], [ 28.8791, -28.1377 ], [ 28.8477, -28.1247 ], [ 28.7698, -28.1246 ], [ 28.7919, -28.1092 ], [ 28.7787, -28.0783 ], [ 28.8047, -28.0198 ], [ 28.7521, -28.0073 ], [ 28.7551, -27.9904 ], [ 28.738, -27.9761 ], [ 28.7414, -27.9509 ], [ 28.7214, -27.9182 ], [ 28.7679, -27.8887 ], [ 28.7877, -27.8988 ], [ 28.7961, -27.8879 ], [ 28.7766, -27.8777 ], [ 28.7842, -27.8454 ], [ 28.7683, -27.8402 ], [ 28.7927, -27.8385 ], [ 28.8077, -27.8155 ], [ 28.7843, -27.8226 ], [ 28.7537, -27.7897 ], [ 28.7673, -27.7713 ], [ 28.7812, -27.772 ], [ 28.7611, -27.7543 ], [ 28.7653, -27.7375 ], [ 28.7466, -27.738 ], [ 28.754, -27.7106 ], [ 28.7388, -27.7092 ], [ 28.7827, -27.6899 ], [ 28.7589, -27.672 ], [ 28.7506, -27.6452 ], [ 28.7324, -27.6415 ], [ 28.7361, -27.6211 ], [ 28.7164, -27.6186 ], [ 28.747, -27.6044 ], [ 28.736, -27.5948 ], [ 28.7455, -27.5635 ], [ 28.7374, -27.5464 ], [ 28.7456, -27.5337 ], [ 28.7739, -27.5315 ], [ 28.7711, -27.4839 ], [ 28.7855, -27.4625 ], [ 28.8356, -27.4799 ], [ 28.8302, -27.4523 ], [ 28.8644, -27.4468 ], [ 28.8677, -27.4348 ], [ 28.8808, -27.4435 ], [ 28.8912, -27.4075 ], [ 28.9228, -27.4199 ], [ 28.916, -27.3461 ], [ 28.9368, -27.2879 ], [ 28.967, -27.28 ], [ 28.9674, -27.2573 ], [ 29.0027, -27.2611 ], [ 29.0057, -27.2498 ], [ 28.9819, -27.2357 ], [ 28.9942, -27.2176 ], [ 28.9787, -27.2063 ], [ 29.0056, -27.1669 ], [ 29.004, -27.0414 ], [ 29.0151, -27.01 ], [ 29.0312, -27.029 ], [ 29.0388, -27.0048 ], [ 29.0555, -27.008 ] ] ] } },
{ "type": "Feature", "properties": { "muni_code": "FS196" }, "geometry": { "type": "Polygon", "coordinates": [ [ [ 27.1496, -28.7252 ], [ 27.1599, -28.7791 ], [ 27.2049, -28.8242 ], [ 27.239, -28.7916 ], [ 27.2766, -28.7965 ], [ 27.2344, -28.8289 ], [ 27.268, -28.8387 ], [ 27.3005, -28.8076 ], [ 27.3233, -28.8182 ], [ 27.3176, -28.8389 ], [ 27.3369, -28.8431 ], [ 27.3456, -28.8306 ], [ 27.4018, -28.8708 ], [ 27.44, -28.8521 ], [ 27.4433, -28.8795 ], [ 27.4784, -28.8733 ], [ 27.511, -28.9336 ], [ 27.5055, -28.9714 ], [ 27.548, -28.9921 ], [ 27.5277, -29.0128 ], [ 27.5593, -29.0386 ], [ 27.5965, -29.03 ], [ 27.6041, -29.0543 ], [ 27.5921, -29.072 ], [ 27.6132, -29.0888 ], [ 27.6032, -29.1012 ], [ 27.6502, -29.11 ], [ 27.6317, -29.116 ], [ 27.6326, -29.1317 ], [ 27.6014, -29.1371 ], [ 27.6142, -29.1642 ], [ 27.5806, -29.1663 ], [ 27.5748, -29.1848 ], [ 27.5149, -29.2244 ], [ 27.5223, -29.2407 ], [ 27.5476, -29.2464 ], [ 27.5409, -29.2599 ], [ 27.4949, -29.284 ], [ 27.4893, -29.302 ], [ 27.4546, -29.2977 ], [ 27.4723, -29.3203 ], [ 27.4363, -29.3342 ], [ 27.4323, -29.373 ], [ 27.406, -29.3649 ], [ 27.4246, -29.4041 ], [ 27.3958, -29.4112 ], [ 27.3801, -29.4408 ], [ 27.3567, -29.4527 ], [ 27.3613, -29.4856 ], [ 27.3294, -29.4807 ], [ 27.3064, -29.4968 ], [ 27.3052, -29.5339 ], [ 27.2769, -29.5263 ], [ 27.2451, -29.5543 ], [ 27.2255, -29.5435 ], [ 27.2072, -29.5671 ], [ 27.1584, -29.5596 ], [ 27.1407, -29.5754 ], [ 27.1115, -29.5531 ], [ 27.0814, -29.5592 ], [ 27.0607, -29.5228 ], [ 26.999, -29.5198 ], [ 26.9786, -29.4837 ], [ 27.0039, -29.4569 ], [ 26.9629, -29.428 ], [ 27.011, -29.3951 ], [ 27.0677, -29.4416 ], [ 27.0945, -29.3904 ], [ 27.0534, -29.3436 ], [ 27.0235, -29.3551 ], [ 27.0227, -29.3805 ], [ 26.9558, -29.3793 ], [ 26.9596, -29.347 ], [ 26.9334, -29.3206 ], [ 26.9633, -29.2569 ], [ 26.9282, -29.2558 ], [ 26.936, -29.2377 ], [ 26.9174, -29.2198 ], [ 26.9172, -29.1821 ], [ 26.9741, -29.14 ], [ 27.0117, -29.1281 ], [ 27.0137, -29.1122 ], [ 26.9998, -29.1053 ], [ 27.02, -29.0818 ], [ 27.0412, -29.0858 ], [ 27.0513, -29.0706 ], [ 27.0449, -29.0563 ], [ 27.0298, -29.0558 ], [ 26.9949, -29.0219 ], [ 26.9624, -29.0219 ], [ 26.9406, -28.9646 ], [ 26.9463, -28.9397 ], [ 26.9135, -28.9177 ], [ 26.8927, -28.9341 ], [ 26.8181, -28.9271 ], [ 26.8537, -28.8863 ], [ 26.9106, -28.7622 ], [ 26.947, -28.7482 ], [ 27.0297, -28.7439 ], [ 27.0463, -28.7699 ], [ 27.0999, -28.7567 ], [ 27.1074, -28.7683 ], [ 27.1496, -28.7252 ] ] ] } },
{ "type": "Feature", "properties": { "muni_code": "FS201" }, "geometry": { "type": "Polygon", "coordinates": [ [ [ 27.3895, -26.9064 ], [ 27.3515, -26.9423 ], [ 27.3421, -26.9718 ], [ 27.3408, -27.0193 ], [ 27.3585, -27.0541 ], [ 27.3456, -27.0611 ], [ 27.3936, -27.1097 ], [ 27.3845, -27.1315 ], [ 27.393, -27.137 ], [ 27.3741, -27.1498 ], [ 27.4295, -27.1689 ], [ 27.4266, -27.1873 ], [ 27.3876, -27.195 ], [ 27.3938, -27.2383 ], [ 27.3787, -27.2913 ], [ 27.2145, -27.2786 ], [ 27.1753, -27.264 ], [ 27.1873, -27.2872 ], [ 27.1472, -27.297 ], [ 27.1703, -27.3168 ], [ 27.1717, -27.3407 ], [ 27.1291, -27.3426 ], [ 27.1434, -27.3637 ], [ 27.1718, -27.3722 ], [ 27.1718, -27.3976 ], [ 27.1937, -27.4013 ], [ 27.1861, -27.4201 ], [ 27.2321, -27.4746 ], [ 27.2978, -27.4642 ], [ 27.29, -27.5092 ], [ 27.3034, -27.5088 ], [ 27.3111, -27.4882 ], [ 27.3349, -27.4846 ], [ 27.3648, -27.4946 ], [ 27.3706, -27.4863 ], [ 27.3842, -27.5066 ], [ 27.3939, -27.4974 ], [ 27.3788, -27.4794 ], [ 27.397, -27.4587 ], [ 27.4434, -27.4829 ], [ 27.4341, -27.4924 ], [ 27.4532, -27.5212 ], [ 27.436, -27.5705 ], [ 27.4686, -27.6194 ], [ 27.434, -27.6157 ], [ 27.4267, -27.631 ], [ 27.5768, -27.6185 ], [ 27.6251, -27.6577 ], [ 27.6394, -27.6816 ], [ 27.5668, -27.738 ], [ 27.5904, -27.7536 ], [ 27.5823, -27.7781 ], [ 27.6325, -27.8022 ], [ 27.6477, -27.8308 ], [ 27.6806, -27.8014 ], [ 27.7418, -27.8064 ], [ 27.8028, -27.7862 ], [ 27.8628, -27.7895 ], [ 27.8726, -27.9338 ], [ 27.823, -27.9337 ], [ 27.8108, -27.9503 ], [ 27.7883, -27.9308 ], [ 27.7862, -27.9132 ], [ 27.7586, -27.9048 ], [ 27.7377, -27.9282 ], [ 27.7047, -27.9836 ], [ 27.7187, -27.9848 ], [ 27.6954, -28.0026 ], [ 27.7035, -28.0404 ], [ 27.655, -28.0599 ], [ 27.689, -28.0962 ], [ 27.6932, -28.124 ], [ 27.6538, -28.1266 ], [ 27.6617, -28.1862 ], [ 27.6458, -28.1922 ], [ 27.6277, -28.1711 ], [ 27.5963, -28.176 ], [ 27.6169, -28.2511 ], [ 27.5695, -28.2842 ], [ 27.5272, -28.267 ], [ 27.5107, -28.2744 ], [ 27.5031, -28.2491 ], [ 27.4832, -28.2488 ], [ 27.4811, -28.2718 ], [ 27.4701, -28.2732 ], [ 27.4452, -28.2387 ], [ 27.3908, -28.2395 ], [ 27.3701, -28.1703 ], [ 27.3867, -28.1588 ], [ 27.4068, -28.105 ], [ 27.4718, -28.1071 ], [ 27.423, -28.037 ], [ 27.4263, -28.0231 ], [ 27.3736, -28.0196 ], [ 27.359, -27.9325 ], [ 27.3008, -27.9607 ], [ 27.2922, -27.923 ], [ 27.2386, -27.9086 ], [ 27.2152, -27.9151 ], [ 27.1928, -27.8997 ], [ 27.1796, -27.9222 ], [ 27.1716, -27.911 ], [ 27.1728, -27.9347 ], [ 27.1578, -27.9333 ], [ 27.1594, -27.9151 ], [ 27.1409, -27.9227 ], [ 27.0938, -27.8859 ], [ 27.0757, -27.8905 ], [ 27.0525, -27.8593 ], [ 27.0409, -27.8091 ], [ 27.0771, -27.7891 ], [ 27.0168, -27.7271 ], [ 27.0308, -27.7168 ], [ 27.0202, -27.707 ], [ 27.0015, -27.7157 ], [ 26.9699, -27.6944 ], [ 27.0062, -27.6655 ], [ 26.9745, -27.6429 ], [ 27.0163, -27.5982 ], [ 26.9633, -27.5492 ], [ 26.9335, -27.5578 ], [ 26.9501, -27.5225 ], [ 26.9227, -27.5161 ], [ 26.8704, -27.5338 ], [ 26.8854, -27.5759 ], [ 26.8739, -27.5896 ], [ 26.8185, -27.5855 ], [ 26.7633, -27.5643 ], [ 26.7537, -27.514 ], [ 26.7931, -27.515 ], [ 26.7735, -27.4565 ], [ 26.7898, -27.4477 ], [ 26.7568, -27.4356 ], [ 26.7463, -27.3953 ], [ 26.699, -27.4008 ], [ 26.696, -27.3498 ], [ 26.7577, -27.3482 ], [ 26.7434, -27.3173 ], [ 26.7432, -27.3037 ], [ 26.7613, -27.2988 ], [ 26.7568, -27.2835 ], [ 26.7159, -27.2806 ], [ 26.7099, -27.2682 ], [ 26.7229, -27.264 ], [ 26.7374, -27.2135 ], [ 26.7032, -27.2188 ], [ 26.6831, -27.1903 ], [ 26.6452, -27.1909 ], [ 26.6352, -27.1716 ], [ 26.5754, -27.1833 ], [ 26.5216, -27.1044 ], [ 26.5369, -27.0901 ], [ 26.5851, -27.1066 ], [ 26.5938, -27.0793 ], [ 26.5814, -27.0544 ], [ 26.6135, -27.0271 ], [ 26.619, -27.0036 ], [ 26.6625, -26.9934 ], [ 26.6912, -27.0171 ], [ 26.7131, -26.9755 ], [ 26.805, -26.932 ], [ 26.8188, -26.9531 ], [ 26.8677, -26.9195 ], [ 26.9076, -26.9445 ], [ 26.9204, -26.9733 ], [ 26.9202, -26.906 ], [ 26.94, -26.8715 ], [ 26.9561, -26.9002 ], [ 27.0282, -26.9359 ], [ 27.0868, -26.9385 ], [ 27.113, -26.9263 ], [ 27.1435, -26.9419 ], [ 27.1764, -26.9249 ], [ 27.1832, -26.9503 ], [ 27.174, -26.9685 ], [ 27.2033, -26.9805 ], [ 27.2175, -26.9461 ], [ 27.303, -26.8543 ], [ 27.3328, -26.8542 ], [ 27.3709, -26.9042 ], [ 27.3895, -26.9064 ] ] ] } },
{ "type": "Feature", "properties": { "muni_code": "FS203" }, "geometry": { "type": "Polygon", "coordinates": [ [ [ 27.8025, -26.9969 ], [ 27.7566, -27.0145 ], [ 27.744, -27.0348 ], [ 27.7592, -27.0554 ], [ 27.7331, -27.102 ], [ 27.7418, -27.1429 ], [ 27.7684, -27.1503 ], [ 27.7931, -27.1755 ], [ 27.7992, -27.2056 ], [ 27.7735, -27.2217 ], [ 27.7859, -27.2507 ], [ 27.765, -27.2569 ], [ 27.7777, -27.3126 ], [ 27.7334, -27.3267 ], [ 27.7568, -27.3907 ], [ 27.7359, -27.3973 ], [ 27.7383, -27.4215 ], [ 27.6883, -27.4364 ], [ 27.6899, -27.4743 ], [ 27.748, -27.4834 ], [ 27.7443, -27.5721 ], [ 27.6304, -27.6032 ], [ 27.6545, -27.6645 ], [ 27.6191, -27.6604 ], [ 27.5768, -27.6185 ], [ 27.4267, -27.631 ], [ 27.434, -27.6157 ], [ 27.4686, -27.6194 ], [ 27.436, -27.5705 ], [ 27.4532, -27.5212 ], [ 27.4341, -27.4924 ], [ 27.4434, -27.4829 ], [ 27.397, -27.4587 ], [ 27.3788, -27.4794 ], [ 27.3939, -27.4974 ], [ 27.3842, -27.5066 ], [ 27.3706, -27.4863 ], [ 27.3648, -27.4946 ], [ 27.3349, -27.4846 ], [ 27.3111, -27.4882 ], [ 27.3034, -27.5088 ], [ 27.29, -27.5092 ], [ 27.2978, -27.4642 ], [ 27.2321, -27.4746 ], [ 27.1861, -27.4201 ], [ 27.1937, -27.4013 ], [ 27.1718, -27.3976 ], [ 27.1718, -27.3722 ], [ 27.1434, -27.3637 ], [ 27.1291, -27.3426 ], [ 27.1717, -27.3407 ], [ 27.1703, -27.3168 ], [ 27.1472, -27.297 ], [ 27.1873, -27.2872 ], [ 27.1753, -27.264 ], [ 27.2145, -27.2786 ], [ 27.3787, -27.2913 ], [ 27.3938, -27.2383 ], [ 27.3876, -27.195 ], [ 27.4266, -27.1873 ], [ 27.4295, -27.1689 ], [ 27.3741, -27.1498 ], [ 27.393, -27.137 ], [ 27.3845, -27.1315 ], [ 27.3936, -27.1097 ], [ 27.3456, -27.0611 ], [ 27.3585, -27.0541 ], [ 27.3408, -27.0193 ], [ 27.3515, -26.9423 ], [ 27.3895, -26.9064 ], [ 27.4143, -26.9257 ], [ 27.476, -26.8835 ], [ 27.4875, -26.8494 ], [ 27.5118, -26.8365 ], [ 27.5091, -26.7861 ], [ 27.5756, -26.7787 ], [ 27.5826, -26.7689 ], [ 27.5702, -26.747 ], [ 27.6295, -26.7323 ], [ 27.6323, -26.7719 ], [ 27.7163, -26.7617 ], [ 27.7021, -26.7669 ], [ 27.6805, -26.829 ], [ 27.7105, -26.8423 ], [ 27.7727, -26.9249 ], [ 27.8025, -26.9969 ] ] ] } },
{ "type": "Feature", "properties": { "muni_code": "FS204" }, "geometry": { "type": "Polygon", "coordinates": [ [ [ 27.977, -26.6714 ], [ 27.9998, -26.6967 ], [ 27.992, -26.7275 ], [ 28.0067, -26.7684 ], [ 28.0284, -26.7805 ], [ 28.0146, -26.7936 ], [ 28.0455, -26.8 ], [ 28.0763, -26.8323 ], [ 28.1148, -26.8444 ], [ 28.1191, -26.8893 ], [ 28.1687, -26.89 ], [ 28.1538, -26.8506 ], [ 28.1717, -26.8458 ], [ 28.2034, -26.9119 ], [ 28.2262, -26.9238 ], [ 28.24, -26.9168 ], [ 28.2273, -26.8972 ], [ 28.2365, -26.8811 ], [ 28.2626, -26.9148 ], [ 28.2815, -26.9061 ], [ 28.3017, -26.9409 ], [ 28.3301, -26.9239 ], [ 28.3245, -26.949 ], [ 28.3526, -26.9317 ], [ 28.3921, -26.9314 ], [ 28.429, -26.9896 ], [ 28.4133, -27.0069 ], [ 28.3537, -27.0251 ], [ 28.3541, -27.0412 ], [ 28.3142, -27.0362 ], [ 28.2928, -27.0569 ], [ 28.3159, -27.0912 ], [ 28.2897, -27.1138 ], [ 28.2613, -27.174 ], [ 28.2623, -27.1947 ], [ 28.2871, -27.2041 ], [ 28.2526, -27.2461 ], [ 28.264, -27.2562 ], [ 28.2274, -27.2876 ], [ 28.2635, -27.3468 ], [ 28.2899, -27.3561 ], [ 28.2796, -27.3692 ], [ 28.2834, -27.4151 ], [ 28.2668, -27.4182 ], [ 28.2509, -27.4978 ], [ 28.1946, -27.4954 ], [ 28.1887, -27.4818 ], [ 28.1048, -27.5333 ], [ 28.0614, -27.5752 ], [ 28.0569, -27.5642 ], [ 28.0078, -27.5638 ], [ 28.0143, -27.5825 ], [ 27.9825, -27.6121 ], [ 27.9886, -27.6322 ], [ 27.8819, -27.6385 ], [ 27.8828, -27.657 ], [ 27.8381, -27.6726 ], [ 27.8628, -27.7895 ], [ 27.8028, -27.7862 ], [ 27.7418, -27.8064 ], [ 27.6806, -27.8014 ], [ 27.6477, -27.8308 ], [ 27.6325, -27.8022 ], [ 27.5823, -27.7781 ], [ 27.5904, -27.7536 ], [ 27.5668, -27.738 ], [ 27.6394, -27.6816 ], [ 27.6254, -27.6573 ], [ 27.6545, -27.6645 ], [ 27.6304, -27.6032 ], [ 27.7443, -27.5721 ], [ 27.748, -27.4834 ], [ 27.6899, -27.4743 ], [ 27.6883, -27.4364 ], [ 27.7383, -27.4215 ], [ 27.7359, -27.3973 ], [ 27.7568, -27.3907 ], [ 27.7334, -27.3267 ], [ 27.7777, -27.3126 ], [ 27.765, -27.2569 ], [ 27.7859, -27.2507 ], [ 27.7735, -27.2217 ], [ 27.7992, -27.2056 ], [ 27.7931, -27.1755 ], [ 27.7684, -27.1503 ], [ 27.7418, -27.1429 ], [ 27.7331, -27.102 ], [ 27.7592, -27.0554 ], [ 27.744, -27.0348 ], [ 27.7566, -27.0145 ], [ 27.8025, -26.9969 ], [ 27.7727, -26.9249 ], [ 27.7105, -26.8423 ], [ 27.6805, -26.829 ], [ 27.7021, -26.7669 ], [ 27.7315, -26.7621 ], [ 27.7702, -26.7992 ], [ 27.7682, -26.7652 ], [ 27.7824, -26.7508 ], [ 27.88, -26.7462 ], [ 27.8935, -26.7107 ], [ 27.9256, -26.7038 ], [ 27.9442, -26.6738 ], [ 27.977, -26.6714 ] ] ] } },
{ "type": "Feature", "properties": { "muni_code": "FS205" }, "geometry": { "type": "Polygon", "coordinates": [ [ [ 28.4777, -26.9502 ], [ 28.5109, -26.9905 ], [ 28.5036, -27.008 ], [ 28.5497, -27.0416 ], [ 28.5344, -27.067 ], [ 28.5546, -27.0604 ], [ 28.5608, -27.0394 ], [ 28.6089, -27.0207 ], [ 28.6083, -27.0082 ], [ 28.6444, -27.0203 ], [ 28.6535, -26.9953 ], [ 28.605, -26.9932 ], [ 28.6455, -26.9527 ], [ 28.6834, -26.9752 ], [ 28.7109, -26.9692 ], [ 28.7365, -27.0017 ], [ 28.7707, -27.003 ], [ 28.7738, -27.019 ], [ 28.795, -27.0289 ], [ 28.8049, -27.0115 ], [ 28.814, -27.0426 ], [ 28.839, -27.0416 ], [ 28.8579, -27.0249 ], [ 28.8886, -27.0593 ], [ 28.9005, -27.0481 ], [ 28.898, -27.0296 ], [ 28.8853, -27.0248 ], [ 28.8936, -27.0134 ], [ 28.9543, -27.0117 ], [ 28.9675, -26.9915 ], [ 29.0151, -27.01 ], [ 28.9965, -27.0797 ], [ 29.0035, -27.1797 ], [ 28.9787, -27.2063 ], [ 28.9942, -27.2176 ], [ 28.9819, -27.2357 ], [ 29.0057, -27.2498 ], [ 29.0027, -27.2611 ], [ 28.9674, -27.2573 ], [ 28.967, -27.28 ], [ 28.9368, -27.2879 ], [ 28.916, -27.3461 ], [ 28.9228, -27.4199 ], [ 28.8912, -27.4075 ], [ 28.8808, -27.4435 ], [ 28.8677, -27.4348 ], [ 28.8644, -27.4468 ], [ 28.8302, -27.4523 ], [ 28.8356, -27.4799 ], [ 28.7855, -27.4625 ], [ 28.7711, -27.4839 ], [ 28.7739, -27.5315 ], [ 28.7378, -27.5452 ], [ 28.7429, -27.599 ], [ 28.675, -27.5905 ], [ 28.6756, -27.5809 ], [ 28.6255, -27.6114 ], [ 28.6028, -27.6025 ], [ 28.6201, -27.5896 ], [ 28.5975, -27.5624 ], [ 28.5915, -27.5721 ], [ 28.5775, -27.5645 ], [ 28.567, -27.5375 ], [ 28.5497, -27.5551 ], [ 28.5517, -27.5795 ], [ 28.5112, -27.5969 ], [ 28.4671, -27.5628 ], [ 28.4748, -27.5328 ], [ 28.427, -27.5064 ], [ 28.3996, -27.5234 ], [ 28.3961, -27.5464 ], [ 28.3702, -27.5214 ], [ 28.3073, -27.5541 ], [ 28.294, -27.5426 ], [ 28.2842, -27.567 ], [ 28.2581, -27.5723 ], [ 28.2507, -27.4791 ], [ 28.2668, -27.4182 ], [ 28.2834, -27.4151 ], [ 28.2796, -27.3692 ], [ 28.2899, -27.3561 ], [ 28.2635, -27.3468 ], [ 28.2274, -27.2876 ], [ 28.264, -27.2562 ], [ 28.2526, -27.2461 ], [ 28.2871, -27.2041 ], [ 28.2623, -27.1947 ], [ 28.2613, -27.174 ], [ 28.2897, -27.1138 ], [ 28.3159, -27.0912 ], [ 28.2955, -27.0728 ], [ 28.2943, -27.0528 ], [ 28.3142, -27.0362 ], [ 28.3541, -27.0412 ], [ 28.3537, -27.0251 ], [ 28.43, -27.007 ], [ 28.4514, -26.9811 ], [ 28.4359, -26.966 ], [ 28.4434, -26.9604 ], [ 28.4665, -26.9831 ], [ 28.4777, -26.9502 ] ] ] } },
{ "type": "Feature", "properties": { "muni_code": "EKU" }, "geometry": { "type": "Polygon", "coordinates": [ [ [ 28.2566, -25.9241 ], [ 28.3195, -25.9137 ], [ 28.3381, -25.95 ], [ 28.3524, -25.9546 ], [ 28.4072, -25.9241 ], [ 28.4178, -25.9505 ], [ 28.468, -25.9633 ], [ 28.4444, -25.9911 ], [ 28.4457, -26.0181 ], [ 28.4644, -26.0114 ], [ 28.4643, -26.0256 ], [ 28.4405, -26.0477 ], [ 28.4687, -26.0781 ], [ 28.5031, -26.0638 ], [ 28.5158, -26.0812 ], [ 28.5012, -26.0896 ], [ 28.4905, -26.1264 ], [ 28.5213, -26.1445 ], [ 28.5272, -26.1787 ], [ 28.5136, -26.2214 ], [ 28.525, -26.3324 ], [ 28.5078, -26.3805 ], [ 28.5231, -26.4656 ], [ 28.5008, -26.4644 ], [ 28.4991, -26.4393 ], [ 28.4515, -26.4413 ], [ 28.4147, -26.4228 ], [ 28.3808, -26.4472 ], [ 28.3718, -26.4354 ], [ 28.4067, -26.4088 ], [ 28.4017, -26.4005 ], [ 28.3868, -26.4039 ], [ 28.3827, -26.3857 ], [ 28.3549, -26.407 ], [ 28.3091, -26.3679 ], [ 28.2936, -26.3843 ], [ 28.274, -26.3587 ], [ 28.2442, -26.3766 ], [ 28.2711, -26.4137 ], [ 28.2637, -26.435 ], [ 28.2087, -26.434 ], [ 28.1877, -26.4531 ], [ 28.1781, -26.4437 ], [ 28.196, -26.4292 ], [ 28.1811, -26.4292 ], [ 28.183, -26.4192 ], [ 28.1603, -26.438 ], [ 28.1472, -26.4239 ], [ 28.1257, -26.4307 ], [ 28.1179, -26.4191 ], [ 28.0761, -26.4154 ], [ 28.0975, -26.3603 ], [ 28.0812, -26.3357 ], [ 28.0665, -26.3371 ], [ 28.0815, -26.3343 ], [ 28.0948, -26.3047 ], [ 28.0781, -26.3038 ], [ 28.0656, -26.2682 ], [ 28.1229, -26.2479 ], [ 28.1142, -26.1619 ], [ 28.1342, -26.1495 ], [ 28.1384, -26.118 ], [ 28.1639, -26.1221 ], [ 28.1688, -26.1056 ], [ 28.1805, -26.1194 ], [ 28.1843, -26.0786 ], [ 28.1582, -26.0383 ], [ 28.1737, -26.0281 ], [ 28.188, -26.0362 ], [ 28.1799, -26.0208 ], [ 28.2145, -25.9945 ], [ 28.2053, -25.9769 ], [ 28.1665, -25.9793 ], [ 28.185, -25.9034 ], [ 28.2566, -25.9241 ] ] ] } },
{ "type": "Feature", "properties": { "muni_code": "JHB" }, "geometry": { "type": "Polygon", "coordinates": [ [ [ 27.9848, -25.9097 ], [ 27.9879, -25.934 ], [ 28.0299, -25.9111 ], [ 28.0457, -25.9315 ], [ 28.1055, -25.9249 ], [ 28.1102, -25.9449 ], [ 28.181, -25.9195 ], [ 28.1665, -25.9793 ], [ 28.2053, -25.9769 ], [ 28.2145, -25.9945 ], [ 28.1799, -26.0208 ], [ 28.188, -26.0362 ], [ 28.1737, -26.0281 ], [ 28.1582, -26.0383 ], [ 28.1843, -26.0786 ], [ 28.1805, -26.1194 ], [ 28.1688, -26.1056 ], [ 28.1639, -26.1221 ], [ 28.1384, -26.118 ], [ 28.1342, -26.1495 ], [ 28.1142, -26.1619 ], [ 28.1229, -26.2479 ], [ 28.0656, -26.2682 ], [ 28.0781, -26.3038 ], [ 28.0948, -26.3047 ], [ 28.0815, -26.3343 ], [ 28.0478, -26.3596 ], [ 28.0396, -26.3424 ], [ 28.0114, -26.3392 ], [ 28.009, -26.3506 ], [ 27.9569, -26.3352 ], [ 27.9534, -26.3532 ], [ 27.9122, -26.3589 ], [ 27.8975, -26.3756 ], [ 27.8932, -26.4043 ], [ 27.9356, -26.3998 ], [ 27.9175, -26.4586 ], [ 27.9148, -26.441 ], [ 27.8691, -26.4448 ], [ 27.8707, -26.4756 ], [ 27.882, -26.4895 ], [ 27.8874, -26.5263 ], [ 27.8351, -26.4904 ], [ 27.8277, -26.5044 ], [ 27.8245, -26.4799 ], [ 27.7597, -26.4839 ], [ 27.7592, -26.4447 ], [ 27.7803, -26.4526 ], [ 27.7946, -26.4289 ], [ 27.7613, -26.4192 ], [ 27.7519, -26.362 ], [ 27.8116, -26.3645 ], [ 27.8105, -26.3329 ], [ 27.8245, -26.3375 ], [ 27.8218, -26.3041 ], [ 27.8142, -26.2847 ], [ 27.7923, -26.2875 ], [ 27.7828, -26.3043 ], [ 27.7765, -26.2853 ], [ 27.7438, -26.2872 ], [ 27.7535, -26.258 ], [ 27.7292, -26.2463 ], [ 27.7143, -26.2139 ], [ 27.7183, -26.1989 ], [ 27.772, -26.2132 ], [ 27.7861, -26.1819 ], [ 27.8196, -26.1744 ], [ 27.8122, -26.1669 ], [ 27.8388, -26.1202 ], [ 27.8422, -26.0723 ], [ 27.8665, -26.0751 ], [ 27.8496, -26.0624 ], [ 27.8646, -26.0566 ], [ 27.8701, -26.0701 ], [ 27.8963, -26.0619 ], [ 27.9235, -25.9983 ], [ 27.9227, -25.9707 ], [ 27.8976, -25.9544 ], [ 27.9084, -25.9269 ], [ 27.9408, -25.9284 ], [ 27.932, -25.9163 ], [ 27.9502, -25.9062 ], [ 27.9848, -25.9097 ] ] ] } },
{ "type": "Feature", "properties": { "muni_code": "TSH" }, "geometry": { "type": "Polygon", "coordinates": [ [ [ 28.7446, -25.1096 ], [ 28.7846, -25.2287 ], [ 28.7638, -25.2211 ], [ 28.7324, -25.2692 ], [ 28.7396, -25.2885 ], [ 28.6956, -25.2945 ], [ 28.6226, -25.3336 ], [ 28.6389, -25.394 ], [ 28.6198, -25.4114 ], [ 28.6295, -25.4594 ], [ 28.6154, -25.4679 ], [ 28.6321, -25.4884 ], [ 28.6267, -25.5311 ], [ 28.6727, -25.665 ], [ 28.7088, -25.6828 ], [ 28.7239, -25.6318 ], [ 28.7663, -25.647 ], [ 28.7572, -25.7059 ], [ 28.847, -25.6824 ], [ 28.81, -25.6591 ], [ 28.8115, -25.643 ], [ 28.836, -25.6374 ], [ 28.8416, -25.6545 ], [ 28.8693, -25.6581 ], [ 28.872, -25.6416 ], [ 28.8584, -25.6348 ], [ 28.8431, -25.5664 ], [ 28.8085, -25.5732 ], [ 28.7971, -25.542 ], [ 28.8518, -25.5018 ], [ 28.8741, -25.5271 ], [ 28.8582, -25.5691 ], [ 28.9101, -25.5245 ], [ 28.9152, -25.558 ], [ 28.9465, -25.5998 ], [ 29.0078, -25.5742 ], [ 28.9869, -25.5402 ], [ 29.019, -25.5278 ], [ 29.0137, -25.5132 ], [ 29.0587, -25.5272 ], [ 29.08, -25.4946 ], [ 29.0984, -25.5377 ], [ 29.0343, -25.5634 ], [ 29.0456, -25.5808 ], [ 29.04, -25.6176 ], [ 29.0642, -25.6207 ], [ 29.0646, -25.6424 ], [ 28.9688, -25.6733 ], [ 28.9507, -25.7283 ], [ 28.9813, -25.7425 ], [ 28.9382, -25.8233 ], [ 28.9504, -25.8374 ], [ 28.9382, -25.8886 ], [ 28.8868, -25.8714 ], [ 28.885, -25.9744 ], [ 28.8674, -26.0071 ], [ 28.7739, -26.0137 ], [ 28.7624, -25.9831 ], [ 28.7108, -25.9906 ], [ 28.6323, -25.9708 ], [ 28.5909, -26.0025 ], [ 28.5789, -26.0596 ], [ 28.5386, -26.0478 ], [ 28.5308, -26.0616 ], [ 28.4687, -26.0781 ], [ 28.4405, -26.0477 ], [ 28.4643, -26.0256 ], [ 28.4644, -26.0114 ], [ 28.4457, -26.0181 ], [ 28.4444, -25.9911 ], [ 28.468, -25.9633 ], [ 28.4178, -25.9505 ], [ 28.4072, -25.9241 ], [ 28.3524, -25.9546 ], [ 28.3381, -25.95 ], [ 28.3195, -25.9137 ], [ 28.2435, -25.9232 ], [ 28.185, -25.9034 ], [ 28.181, -25.9195 ], [ 28.1102, -25.9449 ], [ 28.1055, -25.9249 ], [ 28.0457, -25.9315 ], [ 28.0299, -25.9111 ], [ 27.9879, -25.934 ], [ 27.984, -25.9028 ], [ 27.9225, -25.9176 ], [ 27.8938, -25.9057 ], [ 27.9005, -25.8408 ], [ 27.9395, -25.8368 ], [ 27.9258, -25.8241 ], [ 27.9602, -25.816 ], [ 27.9632, -25.7871 ], [ 27.9493, -25.7598 ], [ 27.9795, -25.7515 ], [ 27.9482, -25.6952 ], [ 27.9575, -25.6937 ], [ 27.9571, -25.6437 ], [ 27.9806, -25.6328 ], [ 27.9722, -25.5979 ], [ 27.9576, -25.5926 ], [ 27.9815, -25.5428 ], [ 28.0495, -25.5596 ], [ 28.0524, -25.5358 ], [ 27.9924, -25.518 ], [ 28.0075, -25.4841 ], [ 28.036, -25.4706 ], [ 27.9917, -25.4245 ], [ 27.9697, -25.4391 ], [ 27.9456, -25.4067 ], [ 27.9708, -25.3629 ], [ 28.0004, -25.3594 ], [ 28.0447, -25.4017 ], [ 28.108, -25.367 ], [ 28.1107, -25.3789 ], [ 28.1767, -25.3659 ], [ 28.1768, -25.3286 ], [ 28.2015, -25.3237 ], [ 28.2283, -25.3542 ], [ 28.2981, -25.3393 ], [ 28.2982, -25.3104 ], [ 28.3792, -25.2921 ], [ 28.3826, -25.3212 ], [ 28.5036, -25.3088 ], [ 28.5012, -25.2654 ], [ 28.5133, -25.2561 ], [ 28.5948, -25.2494 ], [ 28.6326, -25.28 ], [ 28.6593, -25.2348 ], [ 28.6712, -25.2477 ], [ 28.6791, -25.212 ], [ 28.6553, -25.2135 ], [ 28.6159, -25.1516 ], [ 28.7446, -25.1096 ] ] ] } },
{ "type": "Feature", "properties": { "muni_code": "GT421" }, "geometry": { "type": "Polygon", "coordinates": [ [ [ 27.7514, -26.4192 ], [ 27.7946, -26.4289 ], [ 27.7803, -26.4526 ], [ 27.7592, -26.4447 ], [ 27.7597, -26.4839 ], [ 27.8245, -26.4799 ], [ 27.8277, -26.5044 ], [ 27.8351, -26.4904 ], [ 27.8867, -26.5224 ], [ 27.888, -26.5352 ], [ 27.8937, -26.5077 ], [ 27.9088, -26.5127 ], [ 27.9028, -26.5248 ], [ 27.983, -26.5558 ], [ 27.9456, -26.5963 ], [ 27.9855, -26.6024 ], [ 27.9496, -26.6495 ], [ 28.0137, -26.6524 ], [ 28.0208, -26.6725 ], [ 28.0038, -26.6645 ], [ 28.0022, -26.6747 ], [ 28.0217, -26.6783 ], [ 28.0173, -26.7161 ], [ 28.0048, -26.7145 ], [ 27.9752, -26.6702 ], [ 27.9445, -26.6737 ], [ 27.9256, -26.7038 ], [ 27.8932, -26.7109 ], [ 27.88, -26.7462 ], [ 27.7708, -26.7587 ], [ 27.7698, -26.7993 ], [ 27.7288, -26.761 ], [ 27.6328, -26.7721 ], [ 27.6334, -26.7337 ], [ 27.6061, -26.7413 ], [ 27.5814, -26.731 ], [ 27.6022, -26.7229 ], [ 27.6028, -26.6924 ], [ 27.5742, -26.7158 ], [ 27.5699, -26.6221 ], [ 27.5796, -26.6075 ], [ 27.6679, -26.6105 ], [ 27.676, -26.5244 ], [ 27.7101, -26.53 ], [ 27.7134, -26.4424 ], [ 27.7275, -26.4312 ], [ 27.7452, -26.4378 ], [ 27.7514, -26.4192 ] ] ] } },
{ "type": "Feature", "properties": { "muni_code": "GT422" }, "geometry": { "type": "Polygon", "coordinates": [ [ [ 27.9903, -26.3463 ], [ 28.0396, -26.3424 ], [ 28.0478, -26.3596 ], [ 28.0812, -26.3357 ], [ 28.0975, -26.3603 ], [ 28.0772, -26.4173 ], [ 28.1179, -26.4191 ], [ 28.1257, -26.4307 ], [ 28.1472, -26.4239 ], [ 28.1603, -26.438 ], [ 28.183, -26.4192 ], [ 28.1811, -26.4292 ], [ 28.196, -26.4292 ], [ 28.1781, -26.4437 ], [ 28.1877, -26.4531 ], [ 28.2205, -26.4356 ], [ 28.1988, -26.4636 ], [ 28.2252, -26.4726 ], [ 28.2372, -26.494 ], [ 28.2714, -26.503 ], [ 28.2964, -26.4781 ], [ 28.3386, -26.4967 ], [ 28.3084, -26.4994 ], [ 28.294, -26.5174 ], [ 28.2983, -26.5366 ], [ 28.2841, -26.5456 ], [ 28.2223, -26.5462 ], [ 28.1795, -26.5794 ], [ 28.2249, -26.6499 ], [ 28.2355, -26.6307 ], [ 28.2598, -26.6214 ], [ 28.2817, -26.676 ], [ 28.3514, -26.6641 ], [ 28.3926, -26.6362 ], [ 28.4001, -26.655 ], [ 28.383, -26.7175 ], [ 28.394, -26.7168 ], [ 28.4069, -26.7617 ], [ 28.3482, -26.7729 ], [ 28.3194, -26.7927 ], [ 28.325, -26.8411 ], [ 28.3096, -26.8794 ], [ 28.2835, -26.8771 ], [ 28.2843, -26.8644 ], [ 28.2435, -26.8737 ], [ 28.2484, -26.8841 ], [ 28.2274, -26.8939 ], [ 28.2402, -26.9154 ], [ 28.2308, -26.9229 ], [ 28.185, -26.8907 ], [ 28.1735, -26.8467 ], [ 28.1538, -26.8506 ], [ 28.1687, -26.89 ], [ 28.1211, -26.8903 ], [ 28.1148, -26.8444 ], [ 28.0763, -26.8323 ], [ 28.0455, -26.8 ], [ 28.0151, -26.7942 ], [ 28.0284, -26.7805 ], [ 28.0071, -26.7693 ], [ 27.992, -26.7275 ], [ 28.0005, -26.7033 ], [ 28.0173, -26.7161 ], [ 28.0249, -26.6954 ], [ 28.0217, -26.6783 ], [ 28.0022, -26.6747 ], [ 28.0038, -26.6645 ], [ 28.0208, -26.6725 ], [ 28.0137, -26.6524 ], [ 27.9496, -26.6495 ], [ 27.9855, -26.6024 ], [ 27.9456, -26.5963 ], [ 27.983, -26.5558 ], [ 27.9028, -26.5248 ], [ 27.9088, -26.5127 ], [ 27.8937, -26.5077 ], [ 27.888, -26.5352 ], [ 27.8691, -26.4448 ], [ 27.9148, -26.441 ], [ 27.9175, -26.4586 ], [ 27.9356, -26.3998 ], [ 27.8932, -26.4043 ], [ 27.8975, -26.3756 ], [ 27.9122, -26.3589 ], [ 27.9534, -26.3532 ], [ 27.9569, -26.3352 ], [ 27.9903, -26.3463 ] ] ] } },
{ "type": "Feature", "properties": { "muni_code": "GT423" }, "geometry": { "type": "Polygon", "coordinates": [ [ [ 28.7086, -26.3404 ], [ 28.8051, -26.3066 ], [ 28.8178, -26.3457 ], [ 28.8384, -26.3408 ], [ 28.8613, -26.3986 ], [ 28.7899, -26.4265 ], [ 28.7659, -26.4714 ], [ 28.7639, -26.518 ], [ 28.6416, -26.5076 ], [ 28.6312, -26.5246 ], [ 28.6382, -26.5473 ], [ 28.5849, -26.5386 ], [ 28.5866, -26.52 ], [ 28.569, -26.525 ], [ 28.5738, -26.5161 ], [ 28.5277, -26.5022 ], [ 28.533, -26.5779 ], [ 28.4798, -26.6175 ], [ 28.4903, -26.6353 ], [ 28.4431, -26.6392 ], [ 28.4438, -26.6544 ], [ 28.415, -26.6562 ], [ 28.4001, -26.655 ], [ 28.3926, -26.6362 ], [ 28.3514, -26.6641 ], [ 28.2817, -26.676 ], [ 28.2598, -26.6214 ], [ 28.2355, -26.6307 ], [ 28.2249, -26.6499 ], [ 28.1795, -26.5794 ], [ 28.2223, -26.5462 ], [ 28.2841, -26.5456 ], [ 28.2983, -26.5366 ], [ 28.294, -26.5174 ], [ 28.3084, -26.4994 ], [ 28.3386, -26.4967 ], [ 28.2964, -26.4781 ], [ 28.2714, -26.503 ], [ 28.2372, -26.494 ], [ 28.2252, -26.4726 ], [ 28.1988, -26.4636 ], [ 28.2235, -26.4324 ], [ 28.2637, -26.435 ], [ 28.2711, -26.4137 ], [ 28.2442, -26.3766 ], [ 28.274, -26.3587 ], [ 28.2936, -26.3843 ], [ 28.3091, -26.3679 ], [ 28.3549, -26.407 ], [ 28.3827, -26.3857 ], [ 28.3868, -26.4039 ], [ 28.4017, -26.4005 ], [ 28.4067, -26.4088 ], [ 28.3718, -26.4354 ], [ 28.3808, -26.4472 ], [ 28.4147, -26.4228 ], [ 28.4515, -26.4413 ], [ 28.4991, -26.4393 ], [ 28.5008, -26.4644 ], [ 28.5231, -26.4656 ], [ 28.5078, -26.3805 ], [ 28.525, -26.3324 ], [ 28.5136, -26.2214 ], [ 28.5343, -26.1722 ], [ 28.5305, -26.2253 ], [ 28.6223, -26.2484 ], [ 28.6269, -26.2924 ], [ 28.7086, -26.3404 ] ] ] } },
{ "type": "Feature", "properties": { "muni_code": "GT481" }, "geometry": { "type": "Polygon", "coordinates": [ [ [ 27.6435, -25.7959 ], [ 27.6471, -25.8406 ], [ 27.6639, -25.84 ], [ 27.6849, -25.8754 ], [ 27.7427, -25.8502 ], [ 27.7445, -25.8946 ], [ 27.8315, -25.8602 ], [ 27.8518, -25.8464 ], [ 27.8587, -25.8188 ], [ 27.8917, -25.8229 ], [ 27.8826, -25.8619 ], [ 27.8982, -25.8597 ], [ 27.8938, -25.9057 ], [ 27.9408, -25.9284 ], [ 27.9084, -25.9269 ], [ 27.8976, -25.9544 ], [ 27.9256, -25.9786 ], [ 27.8963, -26.0619 ], [ 27.8775, -26.0712 ], [ 27.8646, -26.0566 ], [ 27.8516, -26.0598 ], [ 27.8665, -26.0751 ], [ 27.8426, -26.0718 ], [ 27.8353, -26.0846 ], [ 27.8388, -26.1202 ], [ 27.8122, -26.1669 ], [ 27.8196, -26.1744 ], [ 27.7861, -26.1819 ], [ 27.772, -26.2132 ], [ 27.7183, -26.1989 ], [ 27.7505, -26.1656 ], [ 27.7196, -26.1548 ], [ 27.7363, -26.1279 ], [ 27.6906, -26.1196 ], [ 27.6814, -26.0955 ], [ 27.6818, -26.1169 ], [ 27.6134, -26.1104 ], [ 27.6143, -26.0625 ], [ 27.6124, -26.0868 ], [ 27.5512, -26.1047 ], [ 27.5413, -26.0511 ], [ 27.5357, -26.0793 ], [ 27.4252, -26.0894 ], [ 27.434, -26.0225 ], [ 27.4498, -26.0163 ], [ 27.457, -25.9818 ], [ 27.457, -25.8883 ], [ 27.47, -25.8881 ], [ 27.4619, -25.8676 ], [ 27.5474, -25.8514 ], [ 27.6056, -25.8082 ], [ 27.6435, -25.7959 ] ] ] } },
{ "type": "Feature", "properties": { "muni_code": "GT484" }, "geometry": { "type": "Polygon", "coordinates": [ [ [ 27.4691, -26.0925 ], [ 27.49, -26.128 ], [ 27.4741, -26.2018 ], [ 27.4659, -26.2005 ], [ 27.4715, -26.245 ], [ 27.4819, -26.2844 ], [ 27.5261, -26.3026 ], [ 27.5252, -26.3473 ], [ 27.5478, -26.3433 ], [ 27.5503, -26.3864 ], [ 27.5369, -26.4019 ], [ 27.5451, -26.4268 ], [ 27.5353, -26.4331 ], [ 27.5571, -26.4564 ], [ 27.6136, -26.443 ], [ 27.6299, -26.4527 ], [ 27.6263, -26.4938 ], [ 27.6072, -26.4916 ], [ 27.6044, -26.592 ], [ 27.5457, -26.5744 ], [ 27.5827, -26.5958 ], [ 27.5691, -26.6472 ], [ 27.5065, -26.6462 ], [ 27.4548, -26.6303 ], [ 27.4347, -26.6318 ], [ 27.4258, -26.6495 ], [ 27.3783, -26.6107 ], [ 27.3854, -26.6043 ], [ 27.3658, -26.5738 ], [ 27.3386, -26.5717 ], [ 27.3315, -26.5903 ], [ 27.3442, -26.6131 ], [ 27.2419, -26.6365 ], [ 27.2284, -26.5711 ], [ 27.1826, -26.5746 ], [ 27.1563, -26.5243 ], [ 27.1882, -26.5258 ], [ 27.2314, -26.5055 ], [ 27.2248, -26.444 ], [ 27.188, -26.3779 ], [ 27.3301, -26.2818 ], [ 27.2914, -26.1446 ], [ 27.3583, -26.1546 ], [ 27.3617, -26.1157 ], [ 27.4194, -26.1175 ], [ 27.4224, -26.0892 ], [ 27.4691, -26.0925 ] ] ] } },
{ "type": "Feature", "properties": { "muni_code": "GT485" }, "geometry": { "type": "Polygon", "coordinates": [ [ [ 27.5503, -26.0999 ], [ 27.6124, -26.0868 ], [ 27.6143, -26.0625 ], [ 27.6134, -26.1104 ], [ 27.6818, -26.1169 ], [ 27.6814, -26.0955 ], [ 27.6906, -26.1196 ], [ 27.7363, -26.1279 ], [ 27.7196, -26.1548 ], [ 27.7505, -26.1656 ], [ 27.7451, -26.1801 ], [ 27.7219, -26.1861 ], [ 27.7143, -26.2139 ], [ 27.7292, -26.2463 ], [ 27.7535, -26.258 ], [ 27.7438, -26.2872 ], [ 27.7765, -26.2853 ], [ 27.7828, -26.3043 ], [ 27.7923, -26.2875 ], [ 27.8142, -26.2847 ], [ 27.8218, -26.3041 ], [ 27.8245, -26.3375 ], [ 27.8105, -26.3329 ], [ 27.8116, -26.3645 ], [ 27.7519, -26.362 ], [ 27.7613, -26.4192 ], [ 27.749, -26.4192 ], [ 27.7452, -26.4378 ], [ 27.7275, -26.4312 ], [ 27.7134, -26.4424 ], [ 27.7101, -26.53 ], [ 27.676, -26.5244 ], [ 27.6789, -26.5606 ], [ 27.6578, -26.6177 ], [ 27.5796, -26.6075 ], [ 27.5827, -26.5958 ], [ 27.5457, -26.5744 ], [ 27.6044, -26.592 ], [ 27.6072, -26.4916 ], [ 27.6263, -26.4938 ], [ 27.6299, -26.4527 ], [ 27.6136, -26.443 ], [ 27.5571, -26.4564 ], [ 27.5353, -26.4331 ], [ 27.5451, -26.4268 ], [ 27.5369, -26.4019 ], [ 27.5503, -26.3864 ], [ 27.5478, -26.3433 ], [ 27.5252, -26.3473 ], [ 27.5261, -26.3026 ], [ 27.4819, -26.2844 ], [ 27.4715, -26.245 ], [ 27.4659, -26.2005 ], [ 27.4741, -26.2018 ], [ 27.49, -26.128 ], [ 27.4674, -26.092 ], [ 27.5357, -26.0793 ], [ 27.5413, -26.0511 ], [ 27.5503, -26.0999 ] ] ] } },
{ "type": "Feature", "properties": { "muni_code": "ETH" }, "geometry": { "type": "Polygon", "coordinates": [ [ [ 31.1451, -29.5064 ], [ 31.1831, -29.528 ], [ 31.1682, -29.5473 ], [ 31.1862, -29.572 ], [ 31.047, -29.7963 ], [ 31.0387, -29.8483 ], [ 31.0492, -29.8674 ], [ 31.064, -29.8654 ], [ 31.0596, -29.8795 ], [ 30.8921, -30.049 ], [ 30.7818, -30.2506 ], [ 30.7561, -30.2677 ], [ 30.7354, -30.2294 ], [ 30.6924, -30.1985 ], [ 30.703, -30.1878 ], [ 30.6951, -30.1525 ], [ 30.6733, -30.1318 ], [ 30.5897, -30.1353 ], [ 30.6424, -30.0701 ], [ 30.6628, -30.0747 ], [ 30.6564, -30.0951 ], [ 30.6759, -30.091 ], [ 30.6653, -30.0619 ], [ 30.6742, -30.0278 ], [ 30.6626, -30.0144 ], [ 30.701, -29.9866 ], [ 30.6884, -29.978 ], [ 30.6565, -29.9847 ], [ 30.6753, -29.9222 ], [ 30.6585, -29.9217 ], [ 30.6579, -29.8951 ], [ 30.6461, -29.9044 ], [ 30.6214, -29.8851 ], [ 30.6086, -29.8347 ], [ 30.589, -29.8349 ], [ 30.6098, -29.8201 ], [ 30.5989, -29.8033 ], [ 30.5813, -29.8056 ], [ 30.5845, -29.7592 ], [ 30.56, -29.7283 ], [ 30.5838, -29.6543 ], [ 30.6222, -29.6683 ], [ 30.6363, -29.6434 ], [ 30.6346, -29.6609 ], [ 30.6474, -29.6641 ], [ 30.6505, -29.643 ], [ 30.6712, -29.6475 ], [ 30.6443, -29.6317 ], [ 30.67, -29.6292 ], [ 30.6741, -29.6047 ], [ 30.7286, -29.6042 ], [ 30.7257, -29.5663 ], [ 30.7796, -29.5752 ], [ 30.7888, -29.5653 ], [ 30.8144, -29.6234 ], [ 30.8292, -29.6276 ], [ 30.8314, -29.6154 ], [ 30.8458, -29.6271 ], [ 30.8746, -29.6177 ], [ 30.8926, -29.5879 ], [ 30.9076, -29.5869 ], [ 30.9068, -29.6034 ], [ 30.9551, -29.5836 ], [ 31.0007, -29.5947 ], [ 31.0207, -29.556 ], [ 31.1082, -29.5432 ], [ 31.1142, -29.5094 ], [ 31.1451, -29.5064 ] ] ] } },
{ "type": "Feature", "properties": { "muni_code": "KZN212" }, "geometry": { "type": "Polygon", "coordinates": [ [ [ 30.6356, -30.4854 ], [ 30.5905, -30.4643 ], [ 30.5822, -30.4033 ], [ 30.5214, -30.4151 ], [ 30.5328, -30.3892 ], [ 30.5057, -30.3761 ], [ 30.4837, -30.3204 ], [ 30.4017, -30.3168 ], [ 30.4094, -30.3296 ], [ 30.3679, -30.343 ], [ 30.3507, -30.3233 ], [ 30.3241, -30.3279 ], [ 30.3658, -30.2483 ], [ 30.3808, -30.2506 ], [ 30.3877, -30.2014 ], [ 30.4038, -30.2115 ], [ 30.4137, -30.1888 ], [ 30.4411, -30.1778 ], [ 30.4167, -30.1429 ], [ 30.4455, -30.0844 ], [ 30.4784, -30.1058 ], [ 30.4834, -30.0881 ], [ 30.5053, -30.1134 ], [ 30.5124, -30.0874 ], [ 30.5381, -30.094 ], [ 30.5619, -30.1208 ], [ 30.5348, -30.1222 ], [ 30.575, -30.1447 ], [ 30.5907, -30.1179 ], [ 30.5912, -30.1369 ], [ 30.6732, -30.1317 ], [ 30.6951, -30.1525 ], [ 30.703, -30.1878 ], [ 30.6924, -30.1985 ], [ 30.7649, -30.2688 ], [ 30.7357, -30.3388 ], [ 30.6356, -30.4854 ] ] ] } },
{ "type": "Feature", "properties": { "muni_code": "KZN213" }, "geometry": { "type": "Polygon", "coordinates": [ [ [ 30.4711, -30.583 ], [ 30.4055, -30.5733 ], [ 30.3813, -30.5895 ], [ 30.382, -30.5759 ], [ 30.3554, -30.5878 ], [ 30.3478, -30.5787 ], [ 30.3588, -30.6375 ], [ 30.3436, -30.6449 ], [ 30.3345, -30.6246 ], [ 30.3194, -30.6217 ], [ 30.2779, -30.6418 ], [ 30.2367, -30.6106 ], [ 30.251, -30.637 ], [ 30.2183, -30.6554 ], [ 30.1996, -30.6535 ], [ 30.1939, -30.6201 ], [ 30.1788, -30.6274 ], [ 30.1701, -30.6126 ], [ 30.134, -30.6373 ], [ 30.1725, -30.5817 ], [ 30.1585, -30.5761 ], [ 30.162, -30.5505 ], [ 30.1341, -30.5653 ], [ 30.1024, -30.5415 ], [ 30.0793, -30.5426 ], [ 30.0997, -30.5161 ], [ 30.0718, -30.5034 ], [ 30.0937, -30.4886 ], [ 30.1128, -30.4924 ], [ 30.1102, -30.4844 ], [ 30.0781, -30.4835 ], [ 30.0416, -30.5133 ], [ 30.036, -30.5021 ], [ 30.0571, -30.4676 ], [ 30.0402, -30.4389 ], [ 30.0495, -30.4307 ], [ 30.0736, -30.4472 ], [ 30.1006, -30.4167 ], [ 30.1176, -30.4248 ], [ 30.1145, -30.402 ], [ 30.1723, -30.4025 ], [ 30.1872, -30.4364 ], [ 30.1779, -30.4575 ], [ 30.2284, -30.4743 ], [ 30.2392, -30.4685 ], [ 30.2207, -30.4352 ], [ 30.2303, -30.3829 ], [ 30.2576, -30.3618 ], [ 30.2945, -30.3761 ], [ 30.3241, -30.3279 ], [ 30.3464, -30.3219 ], [ 30.3679, -30.343 ], [ 30.4094, -30.3296 ], [ 30.4017, -30.3168 ], [ 30.4837, -30.3204 ], [ 30.5057, -30.3761 ], [ 30.5328, -30.3892 ], [ 30.5214, -30.4151 ], [ 30.5822, -30.4033 ], [ 30.5905, -30.4643 ], [ 30.6346, -30.4913 ], [ 30.5835, -30.5607 ], [ 30.5495, -30.5388 ], [ 30.5075, -30.5395 ], [ 30.5086, -30.5919 ], [ 30.4864, -30.5849 ], [ 30.4752, -30.5938 ], [ 30.4711, -30.583 ] ] ] } },
{ "type": "Feature", "properties": { "muni_code": "KZN214" }, "geometry": { "type": "Polygon", "coordinates": [ [ [ 30.0437, -30.5136 ], [ 30.0457, -30.5001 ], [ 30.0781, -30.4835 ], [ 30.1121, -30.4852 ], [ 30.0718, -30.5034 ], [ 30.0997, -30.5161 ], [ 30.0791, -30.5422 ], [ 30.1024, -30.5415 ], [ 30.1341, -30.5653 ], [ 30.1608, -30.549 ], [ 30.1585, -30.5761 ], [ 30.1725, -30.5817 ], [ 30.1361, -30.6249 ], [ 30.0731, -30.6501 ], [ 30.0667, -30.6385 ], [ 30.0199, -30.6461 ], [ 30.0367, -30.6714 ], [ 30.0797, -30.6553 ], [ 30.0835, -30.6655 ], [ 30.0674, -30.6766 ], [ 30.0821, -30.6967 ], [ 30.0458, -30.7057 ], [ 30.0509, -30.7205 ], [ 30.0352, -30.7303 ], [ 30.0363, -30.7194 ], [ 30.0184, -30.7131 ], [ 30.008, -30.7327 ], [ 30.021, -30.7383 ], [ 29.9828, -30.8281 ], [ 29.9697, -30.8277 ], [ 29.9642, -30.8253 ], [ 29.9612, -30.8232 ], [ 29.9724, -30.8022 ], [ 29.9326, -30.8079 ], [ 29.9556, -30.789 ], [ 29.9489, -30.7705 ], [ 29.922, -30.7689 ], [ 29.9293, -30.792 ], [ 29.9081, -30.7982 ], [ 29.9147, -30.771 ], [ 29.8867, -30.7847 ], [ 29.8926, -30.7589 ], [ 29.8519, -30.7617 ], [ 29.8477, -30.7365 ], [ 29.8299, -30.7439 ], [ 29.8251, -30.7206 ], [ 29.8088, -30.7303 ], [ 29.8108, -30.6985 ], [ 29.8003, -30.7089 ], [ 29.7805, -30.6954 ], [ 29.7861, -30.71 ], [ 29.7722, -30.7054 ], [ 29.7591, -30.7192 ], [ 29.7525, -30.707 ], [ 29.7403, -30.7233 ], [ 29.7336, -30.7074 ], [ 29.7008, -30.7053 ], [ 29.6737, -30.6692 ], [ 29.6515, -30.6858 ], [ 29.5995, -30.6895 ], [ 29.5927, -30.6644 ], [ 29.5713, -30.6577 ], [ 29.5862, -30.6171 ], [ 29.6407, -30.562 ], [ 29.6526, -30.5231 ], [ 29.7822, -30.5105 ], [ 29.8133, -30.5351 ], [ 29.855, -30.5448 ], [ 29.8575, -30.5587 ], [ 29.9207, -30.5495 ], [ 29.9534, -30.5861 ], [ 29.9545, -30.5656 ], [ 29.996, -30.5376 ], [ 29.9894, -30.5286 ], [ 30.0011, -30.5225 ], [ 30.0088, -30.4829 ], [ 30.057, -30.4673 ], [ 30.036, -30.5021 ], [ 30.0437, -30.5136 ] ] ] } },
{ "type": "Feature", "properties": { "muni_code": "KZN216" }, "geometry": { "type": "Polygon", "coordinates": [ [ [ 30.5365, -30.5376 ], [ 30.5847, -30.5568 ], [ 30.5473, -30.6274 ], [ 30.3938, -30.8437 ], [ 30.3077, -30.9369 ], [ 30.2275, -31.0583 ], [ 30.1966, -31.0821 ], [ 30.1634, -31.0499 ], [ 30.1697, -31.025 ], [ 30.1398, -31.022 ], [ 30.1412, -30.9874 ], [ 30.1564, -30.9752 ], [ 30.1345, -30.9638 ], [ 30.1464, -30.9225 ], [ 30.1201, -30.9101 ], [ 30.1203, -30.8887 ], [ 30.0757, -30.8823 ], [ 30.0704, -30.8713 ], [ 30.0927, -30.8782 ], [ 30.0953, -30.863 ], [ 30.0727, -30.8656 ], [ 30.0622, -30.8481 ], [ 30.0387, -30.8445 ], [ 30.0215, -30.8565 ], [ 30.0077, -30.8258 ], [ 30.0003, -30.8375 ], [ 29.9767, -30.8381 ], [ 29.9589, -30.8261 ], [ 29.9828, -30.8281 ], [ 30.021, -30.7383 ], [ 30.008, -30.7327 ], [ 30.0184, -30.7131 ], [ 30.0363, -30.7194 ], [ 30.0352, -30.7303 ], [ 30.0509, -30.7205 ], [ 30.0458, -30.7057 ], [ 30.0821, -30.6967 ], [ 30.0674, -30.6766 ], [ 30.0835, -30.6655 ], [ 30.0797, -30.6553 ], [ 30.0367, -30.6714 ], [ 30.0199, -30.6461 ], [ 30.0296, -30.6406 ], [ 30.0667, -30.6385 ], [ 30.0731, -30.6501 ], [ 30.1363, -30.6244 ], [ 30.135, -30.6373 ], [ 30.1701, -30.6126 ], [ 30.1788, -30.6274 ], [ 30.1939, -30.6201 ], [ 30.1996, -30.6535 ], [ 30.2183, -30.6554 ], [ 30.251, -30.637 ], [ 30.2367, -30.6106 ], [ 30.2779, -30.6418 ], [ 30.3194, -30.6217 ], [ 30.3345, -30.6246 ], [ 30.3436, -30.6449 ], [ 30.3588, -30.6375 ], [ 30.3478, -30.5787 ], [ 30.3554, -30.5878 ], [ 30.382, -30.5759 ], [ 30.3813, -30.5895 ], [ 30.4205, -30.5701 ], [ 30.4711, -30.583 ], [ 30.4752, -30.5938 ], [ 30.4864, -30.5849 ], [ 30.5086, -30.5919 ], [ 30.5075, -30.5395 ], [ 30.5365, -30.5376 ] ] ] } },
{ "type": "Feature", "properties": { "muni_code": "KZN221" }, "geometry": { "type": "Polygon", "coordinates": [ [ [ 30.8819, -29.3699 ], [ 30.9195, -29.3847 ], [ 30.8887, -29.4155 ], [ 30.8501, -29.4037 ], [ 30.7935, -29.4495 ], [ 30.7903, -29.4763 ], [ 30.7662, -29.488 ], [ 30.7681, -29.455 ], [ 30.7481, -29.4534 ], [ 30.7226, -29.5277 ], [ 30.7097, -29.5272 ], [ 30.704, -29.5455 ], [ 30.7048, -29.5685 ], [ 30.7272, -29.5709 ], [ 30.7286, -29.6042 ], [ 30.684, -29.6004 ], [ 30.6738, -29.6199 ], [ 30.6551, -29.6253 ], [ 30.6429, -29.6237 ], [ 30.6357, -29.6017 ], [ 30.6456, -29.585 ], [ 30.6156, -29.5726 ], [ 30.6268, -29.564 ], [ 30.6181, -29.55 ], [ 30.5512, -29.5494 ], [ 30.5423, -29.5356 ], [ 30.5129, -29.5506 ], [ 30.5118, -29.5653 ], [ 30.4977, -29.5569 ], [ 30.4989, -29.5838 ], [ 30.5189, -29.5869 ], [ 30.5057, -29.604 ], [ 30.4849, -29.5988 ], [ 30.4838, -29.5876 ], [ 30.4583, -29.5871 ], [ 30.4317, -29.5434 ], [ 30.4324, -29.5228 ], [ 30.4194, -29.5174 ], [ 30.4118, -29.5374 ], [ 30.3917, -29.5365 ], [ 30.3801, -29.5519 ], [ 30.3647, -29.5429 ], [ 30.3606, -29.5153 ], [ 30.3705, -29.506 ], [ 30.3555, -29.498 ], [ 30.3566, -29.4853 ], [ 30.3396, -29.4865 ], [ 30.3378, -29.506 ], [ 30.3276, -29.5054 ], [ 30.3255, -29.4653 ], [ 30.2737, -29.4676 ], [ 30.2985, -29.4498 ], [ 30.2688, -29.4313 ], [ 30.2805, -29.4223 ], [ 30.2701, -29.4162 ], [ 30.2795, -29.3988 ], [ 30.3011, -29.4382 ], [ 30.3195, -29.4436 ], [ 30.3195, -29.4165 ], [ 30.3061, -29.4022 ], [ 30.3266, -29.3757 ], [ 30.3272, -29.3376 ], [ 30.3145, -29.3173 ], [ 30.2973, -29.3359 ], [ 30.2763, -29.3091 ], [ 30.3063, -29.24 ], [ 30.3345, -29.2354 ], [ 30.3276, -29.2139 ], [ 30.314, -29.2193 ], [ 30.3115, -29.2094 ], [ 30.3359, -29.1639 ], [ 30.3486, -29.1699 ], [ 30.3486, -29.1929 ], [ 30.376, -29.1862 ], [ 30.398, -29.2193 ], [ 30.42, -29.2176 ], [ 30.4188, -29.2627 ], [ 30.5106, -29.2208 ], [ 30.5228, -29.22 ], [ 30.556, -29.2554 ], [ 30.6415, -29.2467 ], [ 30.6603, -29.2242 ], [ 30.7149, -29.2088 ], [ 30.7329, -29.2221 ], [ 30.7691, -29.1763 ], [ 30.7666, -29.198 ], [ 30.7823, -29.2101 ], [ 30.801, -29.2024 ], [ 30.7964, -29.2158 ], [ 30.829, -29.2445 ], [ 30.8237, -29.2531 ], [ 30.8524, -29.2448 ], [ 30.8638, -29.2212 ], [ 30.8856, -29.2185 ], [ 30.8962, -29.2489 ], [ 30.8546, -29.3161 ], [ 30.8846, -29.3457 ], [ 30.8819, -29.3699 ] ] ] } },
{ "type": "Feature", "properties": { "muni_code": "KZN222" }, "geometry": { "type": "Polygon", "coordinates": [ [ [ 30.1371, -29.2462 ], [ 30.2082, -29.2516 ], [ 30.205, -29.3049 ], [ 30.2329, -29.293 ], [ 30.2763, -29.3091 ], [ 30.2973, -29.3359 ], [ 30.3145, -29.3173 ], [ 30.3272, -29.3376 ], [ 30.3266, -29.3757 ], [ 30.3061, -29.4022 ], [ 30.3195, -29.4165 ], [ 30.3195, -29.4436 ], [ 30.3011, -29.4382 ], [ 30.2795, -29.3988 ], [ 30.2701, -29.4162 ], [ 30.2805, -29.4223 ], [ 30.2688, -29.4313 ], [ 30.2985, -29.4498 ], [ 30.2737, -29.4676 ], [ 30.3255, -29.4653 ], [ 30.3276, -29.5054 ], [ 30.3378, -29.506 ], [ 30.3396, -29.4865 ], [ 30.3566, -29.4853 ], [ 30.3555, -29.498 ], [ 30.3705, -29.506 ], [ 30.3606, -29.5153 ], [ 30.3647, -29.5429 ], [ 30.3125, -29.561 ], [ 30.3349, -29.5886 ], [ 30.308, -29.5817 ], [ 30.2795, -29.5933 ], [ 30.2809, -29.5824 ], [ 30.2584, -29.58 ], [ 30.2018, -29.6114 ], [ 30.1639, -29.609 ], [ 30.1181, -29.6398 ], [ 30.0805, -29.6132 ], [ 30.0845, -29.5986 ], [ 30.0471, -29.6024 ], [ 30.0176, -29.5898 ], [ 30.0062, -29.5364 ], [ 29.9189, -29.5336 ], [ 29.872, -29.487 ], [ 29.8663, -29.4499 ], [ 29.8216, -29.4567 ], [ 29.8093, -29.4361 ], [ 29.7783, -29.4426 ], [ 29.6958, -29.4274 ], [ 29.6894, -29.4033 ], [ 29.7106, -29.3922 ], [ 29.8417, -29.358 ], [ 29.8634, -29.3405 ], [ 29.8925, -29.3525 ], [ 29.9143, -29.3302 ], [ 29.9178, -29.3409 ], [ 29.9273, -29.3363 ], [ 29.9358, -29.3162 ], [ 29.965, -29.3227 ], [ 29.9946, -29.3482 ], [ 30.0084, -29.3188 ], [ 29.9985, -29.3139 ], [ 30.0481, -29.2646 ], [ 30.0566, -29.2879 ], [ 30.1371, -29.2462 ] ] ] } },
{ "type": "Feature", "properties": { "muni_code": "KZN223" }, "geometry": { "type": "Polygon", "coordinates": [ [ [ 30.2917, -28.9179 ], [ 30.3239, -28.9391 ], [ 30.3277, -28.9467 ], [ 30.2868, -28.953 ], [ 30.2928, -28.9747 ], [ 30.3152, -28.9802 ], [ 30.3118, -29.0258 ], [ 30.3365, -29.0091 ], [ 30.3334, -29.031 ], [ 30.3678, -29.0404 ], [ 30.3488, -29.0368 ], [ 30.3138, -29.0733 ], [ 30.309, -29.0978 ], [ 30.3364, -29.1082 ], [ 30.3659, -29.0997 ], [ 30.3636, -29.123 ], [ 30.3162, -29.1838 ], [ 30.314, -29.2193 ], [ 30.3276, -29.2139 ], [ 30.3345, -29.2354 ], [ 30.3063, -29.24 ], [ 30.2867, -29.3045 ], [ 30.2214, -29.2921 ], [ 30.205, -29.3049 ], [ 30.2082, -29.2516 ], [ 30.1227, -29.2451 ], [ 30.0566, -29.2879 ], [ 30.0481, -29.2646 ], [ 29.9985, -29.3139 ], [ 30.0084, -29.3188 ], [ 29.9946, -29.3482 ], [ 29.965, -29.3227 ], [ 29.9358, -29.3162 ], [ 29.9273, -29.3363 ], [ 29.9178, -29.3409 ], [ 29.9143, -29.3302 ], [ 29.8925, -29.3525 ], [ 29.8634, -29.3405 ], [ 29.8417, -29.358 ], [ 29.7637, -29.3704 ], [ 29.7644, -29.3804 ], [ 29.7106, -29.3922 ], [ 29.6765, -29.4154 ], [ 29.6385, -29.3999 ], [ 29.6133, -29.4085 ], [ 29.5548, -29.369 ], [ 29.5268, -29.3714 ], [ 29.5068, -29.3398 ], [ 29.5152, -29.3261 ], [ 29.5401, -29.3513 ], [ 29.5786, -29.3355 ], [ 29.5693, -29.2892 ], [ 29.6097, -29.2486 ], [ 29.6303, -29.2688 ], [ 29.6661, -29.2549 ], [ 29.628, -29.2854 ], [ 29.6406, -29.2979 ], [ 29.6857, -29.3026 ], [ 29.7538, -29.2833 ], [ 29.7535, -29.2421 ], [ 29.768, -29.2207 ], [ 29.7306, -29.227 ], [ 29.7972, -29.1882 ], [ 29.8001, -29.2171 ], [ 29.8549, -29.2181 ], [ 29.9269, -29.1218 ], [ 29.9498, -29.1312 ], [ 29.9623, -29.0997 ], [ 29.9858, -29.0864 ], [ 30.0258, -29.0896 ], [ 30.028, -29.0593 ], [ 30.0633, -29.056 ], [ 30.0503, -29.0272 ], [ 30.0718, -29.0119 ], [ 30.0862, -28.9665 ], [ 30.1501, -28.9956 ], [ 30.155, -28.9793 ], [ 30.1737, -28.9776 ], [ 30.1859, -28.9612 ], [ 30.1977, -28.9801 ], [ 30.2151, -28.9806 ], [ 30.2185, -28.9982 ], [ 30.2302, -28.979 ], [ 30.2237, -28.9457 ], [ 30.2609, -28.9276 ], [ 30.2552, -28.9212 ], [ 30.2917, -28.9179 ] ] ] } },
{ "type": "Feature", "properties": { "muni_code": "KZN224" }, "geometry": { "type": "Polygon", "coordinates": [ [ [ 29.5167, -29.3453 ], [ 29.5268, -29.3714 ], [ 29.5548, -29.369 ], [ 29.6133, -29.4085 ], [ 29.6385, -29.3999 ], [ 29.6765, -29.4154 ], [ 29.6891, -29.4023 ], [ 29.6958, -29.4274 ], [ 29.7783, -29.4426 ], [ 29.8093, -29.4361 ], [ 29.8216, -29.4567 ], [ 29.8663, -29.4499 ], [ 29.872, -29.487 ], [ 29.9189, -29.5336 ], [ 30.0062, -29.5364 ], [ 30.0176, -29.5898 ], [ 30.0471, -29.6024 ], [ 30.0845, -29.5986 ], [ 30.0897, -29.6237 ], [ 30.1073, -29.6237 ], [ 30.0771, -29.6706 ], [ 30.0865, -29.6951 ], [ 30.0694, -29.701 ], [ 30.0692, -29.724 ], [ 30.0241, -29.7101 ], [ 30.0158, -29.7291 ], [ 29.9803, -29.7194 ], [ 29.9574, -29.7808 ], [ 29.9277, -29.8052 ], [ 29.9028, -29.7926 ], [ 29.9186, -29.7706 ], [ 29.9031, -29.7574 ], [ 29.9102, -29.74 ], [ 29.8924, -29.7512 ], [ 29.8841, -29.735 ], [ 29.8775, -29.7455 ], [ 29.864, -29.7342 ], [ 29.8369, -29.7368 ], [ 29.827, -29.703 ], [ 29.7868, -29.7144 ], [ 29.7634, -29.6742 ], [ 29.6872, -29.6756 ], [ 29.7028, -29.6357 ], [ 29.6362, -29.6317 ], [ 29.6477, -29.6098 ], [ 29.6161, -29.6119 ], [ 29.6255, -29.5975 ], [ 29.602, -29.5829 ], [ 29.6055, -29.5745 ], [ 29.5769, -29.5837 ], [ 29.5566, -29.5616 ], [ 29.5448, -29.5719 ], [ 29.529, -29.5637 ], [ 29.5162, -29.5662 ], [ 29.5258, -29.5758 ], [ 29.4937, -29.5869 ], [ 29.4497, -29.56 ], [ 29.4547, -29.5431 ], [ 29.437, -29.5476 ], [ 29.4339, -29.5325 ], [ 29.2946, -29.4935 ], [ 29.4034, -29.4445 ], [ 29.4066, -29.4207 ], [ 29.4226, -29.4141 ], [ 29.4195, -29.3968 ], [ 29.4359, -29.3961 ], [ 29.447, -29.3763 ], [ 29.442, -29.3453 ], [ 29.5167, -29.3453 ] ] ] } },
{ "type": "Feature", "properties": { "muni_code": "KZN225" }, "geometry": { "type": "Polygon", "coordinates": [ [ [ 30.4172, -29.7343 ], [ 30.3932, -29.7214 ], [ 30.241, -29.7315 ], [ 30.1534, -29.7214 ], [ 30.1137, -29.752 ], [ 30.0924, -29.7473 ], [ 30.0706, -29.7655 ], [ 30.0785, -29.7801 ], [ 30.0454, -29.83 ], [ 30.0101, -29.8055 ], [ 29.9764, -29.8171 ], [ 29.9526, -29.7957 ], [ 29.9803, -29.7194 ], [ 30.0158, -29.7291 ], [ 30.0241, -29.7101 ], [ 30.0692, -29.724 ], [ 30.0694, -29.701 ], [ 30.0865, -29.6951 ], [ 30.0771, -29.6706 ], [ 30.1061, -29.6297 ], [ 30.1181, -29.6398 ], [ 30.1639, -29.609 ], [ 30.2018, -29.6114 ], [ 30.2584, -29.58 ], [ 30.2809, -29.5824 ], [ 30.2795, -29.5933 ], [ 30.308, -29.5817 ], [ 30.3349, -29.5886 ], [ 30.3125, -29.561 ], [ 30.3647, -29.5429 ], [ 30.3801, -29.5519 ], [ 30.3917, -29.5365 ], [ 30.4118, -29.5374 ], [ 30.4194, -29.5174 ], [ 30.4324, -29.5228 ], [ 30.4317, -29.5434 ], [ 30.4583, -29.5871 ], [ 30.5157, -29.5989 ], [ 30.5439, -29.629 ], [ 30.4777, -29.6288 ], [ 30.4832, -29.6465 ], [ 30.466, -29.6722 ], [ 30.4977, -29.7195 ], [ 30.4172, -29.7343 ] ] ] } },
{ "type": "Feature", "properties": { "muni_code": "KZN227" }, "geometry": { "type": "Polygon", "coordinates": [ [ [ 30.4982, -30.03 ], [ 30.5254, -30.0511 ], [ 30.5061, -30.1133 ], [ 30.4834, -30.0881 ], [ 30.4784, -30.1058 ], [ 30.4416, -30.0822 ], [ 30.4311, -30.0928 ], [ 30.4255, -30.0765 ], [ 30.422, -30.0966 ], [ 30.397, -30.1024 ], [ 30.3735, -30.0924 ], [ 30.3823, -30.078 ], [ 30.3579, -30.0706 ], [ 30.3658, -30.0613 ], [ 30.352, -30.0586 ], [ 30.3543, -30.0379 ], [ 30.3409, -30.0487 ], [ 30.3277, -30.0322 ], [ 30.3172, -30.0459 ], [ 30.3125, -30.0192 ], [ 30.2879, -30.0178 ], [ 30.2818, -30.0044 ], [ 30.2739, -30.0219 ], [ 30.2426, -30.0078 ], [ 30.2124, -30.0173 ], [ 30.1503, -29.9822 ], [ 30.1073, -29.976 ], [ 30.119, -29.9487 ], [ 30.104, -29.9403 ], [ 30.0881, -29.9478 ], [ 30.0832, -29.9252 ], [ 30.1009, -29.9115 ], [ 30.061, -29.8974 ], [ 30.0669, -29.8597 ], [ 30.0363, -29.8663 ], [ 30.0363, -29.8475 ], [ 30.0523, -29.8404 ], [ 30.0534, -29.8048 ], [ 30.0785, -29.7801 ], [ 30.0706, -29.7655 ], [ 30.0924, -29.7473 ], [ 30.1137, -29.752 ], [ 30.1534, -29.7214 ], [ 30.241, -29.7315 ], [ 30.3932, -29.7214 ], [ 30.4174, -29.7327 ], [ 30.3968, -29.7643 ], [ 30.4307, -29.8046 ], [ 30.4412, -29.791 ], [ 30.4495, -29.8137 ], [ 30.4092, -29.8387 ], [ 30.4038, -29.8651 ], [ 30.4349, -29.8804 ], [ 30.4616, -29.8706 ], [ 30.4529, -29.8885 ], [ 30.493, -29.8996 ], [ 30.484, -29.9276 ], [ 30.5031, -29.9664 ], [ 30.5144, -29.9672 ], [ 30.5085, -29.9716 ], [ 30.4818, -29.9617 ], [ 30.4888, -29.9809 ], [ 30.4715, -29.9945 ], [ 30.478, -30.0187 ], [ 30.4822, -30.0073 ], [ 30.4998, -30.0069 ], [ 30.4982, -30.03 ] ] ] } },
{ "type": "Feature", "properties": { "muni_code": "KZN235" }, "geometry": { "type": "Polygon", "coordinates": [ [ [ 29.5201, -28.9988 ], [ 29.5015, -29.0418 ], [ 29.4695, -29.0626 ], [ 29.4745, -29.0912 ], [ 29.4245, -29.113 ], [ 29.4352, -29.1324 ], [ 29.42, -29.1492 ], [ 29.3571, -29.1343 ], [ 29.3078, -29.0766 ], [ 29.2791, -29.0757 ], [ 29.2558, -29.09 ], [ 29.2119, -29.0461 ], [ 29.2153, -29.0261 ], [ 29.1245, -28.9803 ], [ 29.1267, -28.9639 ], [ 29.0933, -28.9367 ], [ 29.0739, -28.9377 ], [ 29.0778, -28.918 ], [ 29.0413, -28.9151 ], [ 29.0176, -28.8816 ], [ 28.9908, -28.9143 ], [ 28.9728, -28.9072 ], [ 28.962, -28.8688 ], [ 28.9391, -28.8605 ], [ 28.953, -28.8534 ], [ 28.9483, -28.8286 ], [ 28.9219, -28.8125 ], [ 28.949, -28.8043 ], [ 28.9322, -28.7919 ], [ 28.9438, -28.7827 ], [ 28.9064, -28.759 ], [ 28.8883, -28.775 ], [ 28.8735, -28.7721 ], [ 28.8921, -28.7449 ], [ 28.8972, -28.6909 ], [ 28.9428, -28.6509 ], [ 28.9443, -28.6226 ], [ 28.966, -28.6053 ], [ 28.974, -28.5746 ], [ 29.0963, -28.5451 ], [ 29.135, -28.5663 ], [ 29.171, -28.53 ], [ 29.1964, -28.545 ], [ 29.2162, -28.519 ], [ 29.1915, -28.4938 ], [ 29.2487, -28.4249 ], [ 29.2901, -28.4379 ], [ 29.3226, -28.424 ], [ 29.3201, -28.4068 ], [ 29.3734, -28.3719 ], [ 29.4383, -28.4231 ], [ 29.4854, -28.4026 ], [ 29.5358, -28.4795 ], [ 29.5195, -28.4718 ], [ 29.4903, -28.4898 ], [ 29.4919, -28.5288 ], [ 29.5154, -28.5513 ], [ 29.5362, -28.5691 ], [ 29.5656, -28.5708 ], [ 29.6104, -28.5329 ], [ 29.67, -28.5623 ], [ 29.6345, -28.5909 ], [ 29.6509, -28.6093 ], [ 29.617, -28.6125 ], [ 29.5788, -28.6396 ], [ 29.5959, -28.6473 ], [ 29.556, -28.6903 ], [ 29.5727, -28.6846 ], [ 29.596, -28.6961 ], [ 29.59, -28.6802 ], [ 29.6052, -28.6597 ], [ 29.6155, -28.666 ], [ 29.6046, -28.6796 ], [ 29.6209, -28.6835 ], [ 29.626, -28.707 ], [ 29.61, -28.7091 ], [ 29.6071, -28.7168 ], [ 29.6382, -28.7224 ], [ 29.6555, -28.7486 ], [ 29.6468, -28.7561 ], [ 29.7612, -28.7379 ], [ 29.7619, -28.7789 ], [ 29.7384, -28.7918 ], [ 29.705, -28.8417 ], [ 29.7299, -28.8827 ], [ 29.7073, -28.8887 ], [ 29.6772, -28.8664 ], [ 29.6319, -28.8687 ], [ 29.6068, -28.9114 ], [ 29.5781, -28.909 ], [ 29.5811, -28.9411 ], [ 29.5406, -28.9375 ], [ 29.5311, -28.9751 ], [ 29.5193, -28.9639 ], [ 29.5201, -28.9988 ] ] ] } },
{ "type": "Feature", "properties": { "muni_code": "KZN237" }, "geometry": { "type": "Polygon", "coordinates": [ [ [ 29.9905, -28.6412 ], [ 30.0123, -28.6774 ], [ 30.0446, -28.6804 ], [ 30.0407, -28.704 ], [ 30.0597, -28.7048 ], [ 30.0668, -28.7209 ], [ 30.1194, -28.733 ], [ 30.1307, -28.7186 ], [ 30.147, -28.7224 ], [ 30.1365, -28.7416 ], [ 30.1535, -28.7615 ], [ 30.1707, -28.7637 ], [ 30.1709, -28.7465 ], [ 30.1858, -28.7539 ], [ 30.2787, -28.7318 ], [ 30.2832, -28.8111 ], [ 30.2681, -28.9053 ], [ 30.2812, -28.9118 ], [ 30.2237, -28.9457 ], [ 30.2296, -28.984 ], [ 30.2185, -28.9982 ], [ 30.2151, -28.9806 ], [ 30.1977, -28.9801 ], [ 30.1859, -28.9612 ], [ 30.1737, -28.9776 ], [ 30.155, -28.9793 ], [ 30.1501, -28.9956 ], [ 30.0862, -28.9665 ], [ 30.0718, -29.0119 ], [ 30.0503, -29.0272 ], [ 30.0633, -29.056 ], [ 30.028, -29.0593 ], [ 30.0258, -29.0896 ], [ 29.9858, -29.0864 ], [ 29.9623, -29.0997 ], [ 29.9498, -29.1312 ], [ 29.9269, -29.1218 ], [ 29.8549, -29.2181 ], [ 29.8001, -29.2171 ], [ 29.7972, -29.1882 ], [ 29.7306, -29.227 ], [ 29.768, -29.2207 ], [ 29.7535, -29.2421 ], [ 29.7538, -29.2833 ], [ 29.6857, -29.3026 ], [ 29.6406, -29.2979 ], [ 29.628, -29.2854 ], [ 29.6661, -29.2549 ], [ 29.6303, -29.2688 ], [ 29.6097, -29.2486 ], [ 29.5693, -29.2892 ], [ 29.5786, -29.3355 ], [ 29.5401, -29.3513 ], [ 29.5152, -29.3261 ], [ 29.5068, -29.3398 ], [ 29.4618, -29.3483 ], [ 29.4383, -29.3093 ], [ 29.4399, -29.2691 ], [ 29.4185, -29.2581 ], [ 29.426, -29.2498 ], [ 29.4069, -29.2288 ], [ 29.4083, -29.2123 ], [ 29.3628, -29.2051 ], [ 29.3446, -29.1875 ], [ 29.3534, -29.1378 ], [ 29.42, -29.1492 ], [ 29.4352, -29.1324 ], [ 29.4245, -29.113 ], [ 29.4745, -29.0912 ], [ 29.4695, -29.0626 ], [ 29.5015, -29.0418 ], [ 29.5201, -28.9988 ], [ 29.5193, -28.9639 ], [ 29.5311, -28.9751 ], [ 29.5406, -28.9375 ], [ 29.5811, -28.9411 ], [ 29.5781, -28.909 ], [ 29.6068, -28.9114 ], [ 29.6319, -28.8687 ], [ 29.6772, -28.8664 ], [ 29.7073, -28.8887 ], [ 29.7299, -28.8827 ], [ 29.705, -28.8417 ], [ 29.7384, -28.7918 ], [ 29.7619, -28.7789 ], [ 29.7612, -28.7379 ], [ 29.7888, -28.7405 ], [ 29.7833, -28.7278 ], [ 29.8184, -28.7421 ], [ 29.8231, -28.7706 ], [ 29.8483, -28.7612 ], [ 29.8294, -28.6985 ], [ 29.8803, -28.6694 ], [ 29.9059, -28.6834 ], [ 29.9588, -28.6724 ], [ 29.9674, -28.6516 ], [ 29.9905, -28.6412 ] ] ] } },
{ "type": "Feature", "properties": { "muni_code": "KZN238" }, "geometry": { "type": "Polygon", "coordinates": [ [ [ 29.8803, -28.6694 ], [ 29.8287, -28.7046 ], [ 29.8458, -28.7268 ], [ 29.8395, -28.7592 ], [ 29.8483, -28.7612 ], [ 29.8231, -28.7706 ], [ 29.8184, -28.7421 ], [ 29.7837, -28.7278 ], [ 29.7885, -28.7407 ], [ 29.7383, -28.7335 ], [ 29.734, -28.7475 ], [ 29.7126, -28.7386 ], [ 29.6457, -28.7553 ], [ 29.6555, -28.7486 ], [ 29.6382, -28.7224 ], [ 29.6071, -28.7168 ], [ 29.626, -28.707 ], [ 29.6209, -28.6835 ], [ 29.6046, -28.6796 ], [ 29.6155, -28.666 ], [ 29.6052, -28.6597 ], [ 29.59, -28.6802 ], [ 29.596, -28.6961 ], [ 29.5557, -28.689 ], [ 29.5959, -28.6473 ], [ 29.5788, -28.6396 ], [ 29.617, -28.6125 ], [ 29.6509, -28.6093 ], [ 29.6345, -28.5909 ], [ 29.67, -28.5623 ], [ 29.6104, -28.5329 ], [ 29.5656, -28.5708 ], [ 29.5362, -28.5691 ], [ 29.4919, -28.5288 ], [ 29.4903, -28.4898 ], [ 29.5195, -28.4718 ], [ 29.5358, -28.4795 ], [ 29.4854, -28.4026 ], [ 29.4383, -28.4231 ], [ 29.3756, -28.3721 ], [ 29.4143, -28.3759 ], [ 29.4376, -28.3211 ], [ 29.4793, -28.2907 ], [ 29.4829, -28.2722 ], [ 29.5506, -28.2472 ], [ 29.5587, -28.2583 ], [ 29.6198, -28.2412 ], [ 29.6244, -28.2249 ], [ 29.6096, -28.215 ], [ 29.6263, -28.1857 ], [ 29.6628, -28.1773 ], [ 29.6633, -28.142 ], [ 29.6851, -28.1218 ], [ 29.7276, -28.1256 ], [ 29.765, -28.1583 ], [ 29.804, -28.1679 ], [ 29.7887, -28.1743 ], [ 29.7966, -28.1958 ], [ 29.8103, -28.1913 ], [ 29.7968, -28.2055 ], [ 29.8141, -28.215 ], [ 29.9904, -28.1849 ], [ 29.9768, -28.2396 ], [ 30.0342, -28.2712 ], [ 30.0654, -28.3051 ], [ 30.0755, -28.3578 ], [ 30.0989, -28.3673 ], [ 30.1251, -28.3438 ], [ 30.1597, -28.3458 ], [ 30.153, -28.36 ], [ 30.1754, -28.3711 ], [ 30.175, -28.3872 ], [ 30.1622, -28.3888 ], [ 30.1627, -28.4228 ], [ 30.1781, -28.4397 ], [ 30.2152, -28.3928 ], [ 30.2714, -28.4414 ], [ 30.3378, -28.4741 ], [ 30.3183, -28.507 ], [ 30.3198, -28.5302 ], [ 30.3007, -28.5341 ], [ 30.2325, -28.5019 ], [ 30.2466, -28.5502 ], [ 30.2215, -28.5773 ], [ 30.2364, -28.5896 ], [ 30.244, -28.6444 ], [ 30.2843, -28.693 ], [ 30.2717, -28.6957 ], [ 30.2674, -28.7312 ], [ 30.1858, -28.7539 ], [ 30.1709, -28.7465 ], [ 30.1707, -28.7637 ], [ 30.1535, -28.7615 ], [ 30.1365, -28.7416 ], [ 30.147, -28.7224 ], [ 30.1307, -28.7186 ], [ 30.1194, -28.733 ], [ 30.0668, -28.7209 ], [ 30.0597, -28.7048 ], [ 30.0407, -28.704 ], [ 30.0446, -28.6804 ], [ 30.0123, -28.6774 ], [ 29.9913, -28.6412 ], [ 29.9674, -28.6516 ], [ 29.9588, -28.6724 ], [ 29.9059, -28.6834 ], [ 29.8803, -28.6694 ] ] ] } },
{ "type": "Feature", "properties": { "muni_code": "KZN241" }, "geometry": { "type": "Polygon", "coordinates": [ [ [ 30.5697, -28.009 ], [ 30.5677, -28.0395 ], [ 30.5796, -28.0508 ], [ 30.5661, -28.069 ], [ 30.5413, -28.0725 ], [ 30.5352, -28.0944 ], [ 30.5499, -28.1353 ], [ 30.5288, -28.1403 ], [ 30.5134, -28.1716 ], [ 30.53, -28.195 ], [ 30.5433, -28.1844 ], [ 30.543, -28.1956 ], [ 30.5302, -28.2073 ], [ 30.5356, -28.2207 ], [ 30.5089, -28.2311 ], [ 30.5163, -28.2416 ], [ 30.5057, -28.2627 ], [ 30.4612, -28.2617 ], [ 30.4492, -28.2819 ], [ 30.4204, -28.2806 ], [ 30.4096, -28.2927 ], [ 30.3926, -28.2752 ], [ 30.3609, -28.2943 ], [ 30.3519, -28.2665 ], [ 30.3187, -28.2707 ], [ 30.3057, -28.3327 ], [ 30.2932, -28.3259 ], [ 30.2776, -28.3643 ], [ 30.2336, -28.4087 ], [ 30.2152, -28.3928 ], [ 30.1781, -28.4397 ], [ 30.1627, -28.4228 ], [ 30.1622, -28.3888 ], [ 30.175, -28.3872 ], [ 30.1754, -28.3711 ], [ 30.153, -28.36 ], [ 30.1597, -28.3458 ], [ 30.1251, -28.3438 ], [ 30.0989, -28.3673 ], [ 30.0755, -28.3578 ], [ 30.0654, -28.3051 ], [ 30.0342, -28.2712 ], [ 29.9768, -28.2396 ], [ 29.9859, -28.2204 ], [ 29.9781, -28.2065 ], [ 30.0156, -28.1531 ], [ 30.1321, -28.1774 ], [ 30.1292, -28.1536 ], [ 30.1182, -28.1533 ], [ 30.1238, -28.1294 ], [ 30.1581, -28.1449 ], [ 30.1657, -28.1617 ], [ 30.1842, -28.1615 ], [ 30.1889, -28.1088 ], [ 30.2013, -28.1034 ], [ 30.1901, -28.0956 ], [ 30.1977, -28.0715 ], [ 30.2558, -28.0779 ], [ 30.2841, -28.0419 ], [ 30.2553, -28.0352 ], [ 30.2453, -27.9953 ], [ 30.2584, -27.9787 ], [ 30.2823, -27.9825 ], [ 30.3159, -27.9646 ], [ 30.2953, -27.9575 ], [ 30.2965, -27.9309 ], [ 30.3862, -27.9306 ], [ 30.4572, -27.9862 ], [ 30.5697, -28.009 ] ] ] } },
{ "type": "Feature", "properties": { "muni_code": "KZN242" }, "geometry": { "type": "Polygon", "coordinates": [ [ [ 30.5914, -27.9404 ], [ 30.6388, -27.9321 ], [ 30.6857, -27.9779 ], [ 30.6128, -28.0352 ], [ 30.6684, -28.1024 ], [ 30.634, -28.1452 ], [ 30.7339, -28.1226 ], [ 30.79, -28.1415 ], [ 30.8656, -28.1164 ], [ 30.8834, -28.1389 ], [ 30.8775, -28.1473 ], [ 30.9135, -28.1699 ], [ 30.9406, -28.1716 ], [ 30.9361, -28.1542 ], [ 30.9505, -28.1436 ], [ 30.9717, -28.1686 ], [ 30.9941, -28.1541 ], [ 31.0116, -28.1912 ], [ 31.0177, -28.184 ], [ 31.0476, -28.2001 ], [ 30.9287, -28.3385 ], [ 30.9207, -28.3592 ], [ 30.961, -28.3409 ], [ 30.9654, -28.4063 ], [ 30.8327, -28.4637 ], [ 30.804, -28.5178 ], [ 30.7714, -28.5175 ], [ 30.7573, -28.5418 ], [ 30.8214, -28.5816 ], [ 30.8383, -28.5749 ], [ 30.7885, -28.6289 ], [ 30.7533, -28.6288 ], [ 30.7339, -28.642 ], [ 30.7324, -28.6652 ], [ 30.6604, -28.6396 ], [ 30.6646, -28.6219 ], [ 30.6295, -28.6364 ], [ 30.6157, -28.6273 ], [ 30.6018, -28.568 ], [ 30.6726, -28.5515 ], [ 30.6817, -28.5408 ], [ 30.6669, -28.5283 ], [ 30.6762, -28.5097 ], [ 30.6609, -28.4919 ], [ 30.6317, -28.4927 ], [ 30.6203, -28.5094 ], [ 30.6142, -28.4729 ], [ 30.6445, -28.4629 ], [ 30.6247, -28.4439 ], [ 30.6168, -28.4534 ], [ 30.5914, -28.4428 ], [ 30.5901, -28.4278 ], [ 30.6132, -28.4091 ], [ 30.6361, -28.4142 ], [ 30.6266, -28.3899 ], [ 30.5821, -28.3818 ], [ 30.5877, -28.3669 ], [ 30.5679, -28.3403 ], [ 30.5415, -28.3485 ], [ 30.4957, -28.3211 ], [ 30.5308, -28.3092 ], [ 30.5089, -28.2838 ], [ 30.5298, -28.2689 ], [ 30.5013, -28.2548 ], [ 30.5162, -28.2419 ], [ 30.5089, -28.2311 ], [ 30.5358, -28.2205 ], [ 30.5301, -28.2074 ], [ 30.544, -28.1857 ], [ 30.53, -28.195 ], [ 30.5134, -28.1716 ], [ 30.5288, -28.1403 ], [ 30.5498, -28.1354 ], [ 30.5351, -28.0908 ], [ 30.5424, -28.0711 ], [ 30.578, -28.0571 ], [ 30.563, -28.0145 ], [ 30.5856, -27.9958 ], [ 30.5836, -27.9662 ], [ 30.601, -27.9525 ], [ 30.5914, -27.9404 ] ] ] } },
{ "type": "Feature", "properties": { "muni_code": "KZN244" }, "geometry": { "type": "Polygon", "coordinates": [ [ [ 30.4612, -28.2617 ], [ 30.5298, -28.2689 ], [ 30.5089, -28.2838 ], [ 30.5309, -28.309 ], [ 30.5008, -28.3141 ], [ 30.5045, -28.3313 ], [ 30.5301, -28.3335 ], [ 30.5415, -28.3485 ], [ 30.5679, -28.3403 ], [ 30.5877, -28.3669 ], [ 30.5821, -28.3818 ], [ 30.6253, -28.3891 ], [ 30.6362, -28.4091 ], [ 30.6134, -28.4089 ], [ 30.5896, -28.4303 ], [ 30.5943, -28.4468 ], [ 30.6175, -28.4534 ], [ 30.6247, -28.4439 ], [ 30.6445, -28.4629 ], [ 30.6142, -28.4729 ], [ 30.6202, -28.5092 ], [ 30.6317, -28.4927 ], [ 30.6609, -28.4919 ], [ 30.6763, -28.5101 ], [ 30.6669, -28.5283 ], [ 30.6817, -28.5408 ], [ 30.6726, -28.5515 ], [ 30.6018, -28.568 ], [ 30.6157, -28.6273 ], [ 30.6295, -28.6364 ], [ 30.6646, -28.6219 ], [ 30.6595, -28.6383 ], [ 30.6846, -28.6624 ], [ 30.67, -28.6845 ], [ 30.6249, -28.699 ], [ 30.6207, -28.7103 ], [ 30.6496, -28.7203 ], [ 30.6649, -28.7467 ], [ 30.6937, -28.7324 ], [ 30.7148, -28.7385 ], [ 30.7298, -28.7607 ], [ 30.6878, -28.7736 ], [ 30.682, -28.7997 ], [ 30.6463, -28.8122 ], [ 30.6254, -28.8045 ], [ 30.5981, -28.8245 ], [ 30.6054, -28.8422 ], [ 30.564, -28.8793 ], [ 30.5388, -28.8631 ], [ 30.4979, -28.9042 ], [ 30.4978, -28.8886 ], [ 30.4514, -28.8765 ], [ 30.441, -28.9032 ], [ 30.417, -28.9047 ], [ 30.4257, -28.9102 ], [ 30.4183, -28.9203 ], [ 30.3912, -28.906 ], [ 30.3877, -28.926 ], [ 30.364, -28.9429 ], [ 30.3435, -28.9284 ], [ 30.3292, -28.9474 ], [ 30.2681, -28.9053 ], [ 30.2832, -28.8111 ], [ 30.2787, -28.7318 ], [ 30.2675, -28.731 ], [ 30.2645, -28.7142 ], [ 30.2843, -28.693 ], [ 30.244, -28.6444 ], [ 30.2364, -28.5896 ], [ 30.2207, -28.5733 ], [ 30.2466, -28.5502 ], [ 30.2325, -28.5019 ], [ 30.3007, -28.5341 ], [ 30.3198, -28.5302 ], [ 30.3183, -28.507 ], [ 30.3378, -28.4741 ], [ 30.2336, -28.4087 ], [ 30.2776, -28.3643 ], [ 30.2932, -28.3259 ], [ 30.3057, -28.3327 ], [ 30.3187, -28.2707 ], [ 30.3519, -28.2665 ], [ 30.3609, -28.2943 ], [ 30.3926, -28.2752 ], [ 30.4096, -28.2927 ], [ 30.4204, -28.2806 ], [ 30.4492, -28.2819 ], [ 30.4612, -28.2617 ] ] ] } },
{ "type": "Feature", "properties": { "muni_code": "KZN245" }, "geometry": { "type": "Polygon", "coordinates": [ [ [ 30.7654, -28.7221 ], [ 30.8228, -28.7342 ], [ 30.804, -28.7764 ], [ 30.8612, -28.7814 ], [ 30.8904, -28.7636 ], [ 30.9134, -28.8031 ], [ 30.8995, -28.8365 ], [ 30.9074, -28.8457 ], [ 30.9401, -28.843 ], [ 30.9261, -28.8151 ], [ 30.9514, -28.7884 ], [ 30.9867, -28.8047 ], [ 30.9668, -28.8302 ], [ 30.9933, -28.8565 ], [ 30.9882, -28.8758 ], [ 30.9269, -28.8988 ], [ 30.9192, -28.9085 ], [ 30.929, -28.9259 ], [ 30.9115, -28.9474 ], [ 30.9395, -28.9623 ], [ 30.9564, -28.9548 ], [ 30.9471, -28.9698 ], [ 30.9802, -28.9699 ], [ 31.0238, -29.0788 ], [ 30.9511, -29.0921 ], [ 30.9367, -29.0802 ], [ 30.9053, -29.0997 ], [ 30.9111, -29.1158 ], [ 30.851, -29.1408 ], [ 30.8699, -29.1636 ], [ 30.9025, -29.1697 ], [ 30.8947, -29.1803 ], [ 30.9485, -29.1827 ], [ 30.9382, -29.1843 ], [ 30.9486, -29.1998 ], [ 30.9862, -29.2228 ], [ 30.9835, -29.2668 ], [ 30.9173, -29.2808 ], [ 30.905, -29.2704 ], [ 30.8947, -29.2875 ], [ 30.877, -29.2753 ], [ 30.8986, -29.2404 ], [ 30.8857, -29.2402 ], [ 30.8856, -29.2185 ], [ 30.8638, -29.2212 ], [ 30.8524, -29.2448 ], [ 30.8237, -29.2531 ], [ 30.829, -29.2445 ], [ 30.7964, -29.2158 ], [ 30.801, -29.2024 ], [ 30.7823, -29.2101 ], [ 30.7666, -29.198 ], [ 30.7691, -29.1763 ], [ 30.7329, -29.2221 ], [ 30.7149, -29.2088 ], [ 30.6603, -29.2242 ], [ 30.6415, -29.2467 ], [ 30.556, -29.2554 ], [ 30.5228, -29.22 ], [ 30.5106, -29.2208 ], [ 30.4188, -29.2627 ], [ 30.42, -29.2176 ], [ 30.398, -29.2193 ], [ 30.376, -29.1862 ], [ 30.3486, -29.1929 ], [ 30.3486, -29.1699 ], [ 30.3359, -29.1639 ], [ 30.3659, -29.0997 ], [ 30.3364, -29.1082 ], [ 30.309, -29.0978 ], [ 30.3308, -29.0499 ], [ 30.3495, -29.0366 ], [ 30.3678, -29.0404 ], [ 30.3334, -29.031 ], [ 30.3365, -29.0091 ], [ 30.3118, -29.0258 ], [ 30.3152, -28.9802 ], [ 30.2928, -28.9747 ], [ 30.2868, -28.953 ], [ 30.3292, -28.9474 ], [ 30.3435, -28.9284 ], [ 30.364, -28.9429 ], [ 30.3949, -28.905 ], [ 30.4183, -28.9203 ], [ 30.4257, -28.9102 ], [ 30.417, -28.9047 ], [ 30.441, -28.9032 ], [ 30.4514, -28.8765 ], [ 30.4978, -28.8886 ], [ 30.4979, -28.9042 ], [ 30.5388, -28.8631 ], [ 30.564, -28.8793 ], [ 30.6054, -28.8422 ], [ 30.5984, -28.8242 ], [ 30.6271, -28.8039 ], [ 30.6463, -28.8122 ], [ 30.682, -28.7997 ], [ 30.6956, -28.77 ], [ 30.6992, -28.7833 ], [ 30.7447, -28.8034 ], [ 30.7397, -28.775 ], [ 30.7665, -28.7543 ], [ 30.7536, -28.7314 ], [ 30.7654, -28.7221 ] ] ] } },
{ "type": "Feature", "properties": { "muni_code": "KZN252" }, "geometry": { "type": "Polygon", "coordinates": [ [ [ 29.8851, -27.3766 ], [ 29.916, -27.4133 ], [ 29.9006, -27.4392 ], [ 29.9154, -27.4538 ], [ 29.9043, -27.518 ], [ 29.9079, -27.5369 ], [ 29.9256, -27.5396 ], [ 29.9215, -27.5606 ], [ 29.9307, -27.5653 ], [ 29.9202, -27.5796 ], [ 29.9382, -27.5876 ], [ 29.931, -27.5977 ], [ 29.9816, -27.6357 ], [ 29.9871, -27.667 ], [ 30.0039, -27.6812 ], [ 30.0202, -27.6765 ], [ 30.0286, -27.6889 ], [ 30.0402, -27.678 ], [ 30.0686, -27.7125 ], [ 30.0806, -27.7084 ], [ 30.0842, -27.7261 ], [ 30.1161, -27.7078 ], [ 30.1405, -27.7233 ], [ 30.1463, -27.7121 ], [ 30.1674, -27.7233 ], [ 30.184, -27.7154 ], [ 30.1895, -27.7313 ], [ 30.2031, -27.7214 ], [ 30.213, -27.7482 ], [ 30.1881, -27.7779 ], [ 30.2099, -27.7863 ], [ 30.1708, -27.7895 ], [ 30.1621, -27.8054 ], [ 30.1086, -27.7974 ], [ 30.1195, -27.8216 ], [ 30.0567, -27.8226 ], [ 30.084, -27.8794 ], [ 30.0196, -27.8963 ], [ 30.0024, -27.8787 ], [ 29.9897, -27.8931 ], [ 30.0058, -27.9154 ], [ 29.9885, -27.9387 ], [ 29.9563, -27.9288 ], [ 29.9429, -27.9378 ], [ 29.9517, -27.9523 ], [ 29.9363, -27.9548 ], [ 29.9416, -27.9672 ], [ 29.8867, -28.0048 ], [ 29.8671, -27.9986 ], [ 29.8684, -28.009 ], [ 29.849, -28.0164 ], [ 29.8407, -27.9893 ], [ 29.7604, -27.9835 ], [ 29.7501, -27.9456 ], [ 29.7402, -27.96 ], [ 29.7522, -27.9626 ], [ 29.7439, -27.9964 ], [ 29.7204, -28.0097 ], [ 29.7067, -27.9702 ], [ 29.6768, -27.9595 ], [ 29.6538, -27.9233 ], [ 29.6903, -27.8957 ], [ 29.6871, -27.8585 ], [ 29.7028, -27.8566 ], [ 29.697, -27.8245 ], [ 29.7313, -27.8081 ], [ 29.7108, -27.7956 ], [ 29.7175, -27.7875 ], [ 29.7035, -27.7667 ], [ 29.709, -27.6985 ], [ 29.6701, -27.6701 ], [ 29.6712, -27.6505 ], [ 29.7183, -27.6295 ], [ 29.7348, -27.6071 ], [ 29.7489, -27.6137 ], [ 29.7851, -27.5967 ], [ 29.7804, -27.5595 ], [ 29.7584, -27.5271 ], [ 29.7124, -27.5184 ], [ 29.7105, -27.4987 ], [ 29.7319, -27.4879 ], [ 29.7032, -27.4718 ], [ 29.7587, -27.4426 ], [ 29.7962, -27.4577 ], [ 29.8226, -27.4273 ], [ 29.8402, -27.379 ], [ 29.8851, -27.3766 ] ] ] } },
{ "type": "Feature", "properties": { "muni_code": "KZN253" }, "geometry": { "type": "Polygon", "coordinates": [ [ [ 30.3676, -27.2674 ], [ 30.4264, -27.2698 ], [ 30.426, -27.315 ], [ 30.4484, -27.327 ], [ 30.4447, -27.3575 ], [ 30.4811, -27.3433 ], [ 30.4778, -27.3721 ], [ 30.5004, -27.3906 ], [ 30.4821, -27.4131 ], [ 30.5162, -27.4284 ], [ 30.5096, -27.4566 ], [ 30.5867, -27.4998 ], [ 30.5925, -27.5325 ], [ 30.6418, -27.6015 ], [ 30.615, -27.636 ], [ 30.6676, -27.6449 ], [ 30.6624, -27.6993 ], [ 30.6908, -27.7134 ], [ 30.6999, -27.7457 ], [ 30.6175, -27.7479 ], [ 30.6294, -27.8103 ], [ 30.603, -27.8283 ], [ 30.5922, -27.8671 ], [ 30.5819, -27.8669 ], [ 30.5913, -27.8798 ], [ 30.5801, -27.8898 ], [ 30.5789, -27.925 ], [ 30.604, -27.9315 ], [ 30.5914, -27.9404 ], [ 30.6007, -27.9532 ], [ 30.5833, -27.9669 ], [ 30.5856, -27.9958 ], [ 30.5697, -28.009 ], [ 30.4572, -27.9862 ], [ 30.3862, -27.9306 ], [ 30.2965, -27.9309 ], [ 30.2924, -27.9512 ], [ 30.2834, -27.9465 ], [ 30.2728, -27.9211 ], [ 30.3012, -27.9063 ], [ 30.3075, -27.8887 ], [ 30.278, -27.8404 ], [ 30.2936, -27.8396 ], [ 30.2931, -27.8277 ], [ 30.2241, -27.7989 ], [ 30.1927, -27.8135 ], [ 30.2099, -27.7862 ], [ 30.1881, -27.7779 ], [ 30.213, -27.7482 ], [ 30.2031, -27.7214 ], [ 30.1895, -27.7313 ], [ 30.184, -27.7154 ], [ 30.1674, -27.7233 ], [ 30.1463, -27.7121 ], [ 30.1405, -27.7233 ], [ 30.1161, -27.7078 ], [ 30.0844, -27.7262 ], [ 30.0806, -27.7084 ], [ 30.0686, -27.7125 ], [ 30.0402, -27.678 ], [ 30.0286, -27.6889 ], [ 30.0202, -27.6765 ], [ 30.0041, -27.6814 ], [ 29.9871, -27.667 ], [ 29.9816, -27.6357 ], [ 29.9309, -27.5976 ], [ 29.9382, -27.5876 ], [ 29.9202, -27.5796 ], [ 29.9307, -27.5653 ], [ 29.9215, -27.5606 ], [ 29.9256, -27.5396 ], [ 29.9074, -27.5359 ], [ 29.9154, -27.4538 ], [ 29.9006, -27.4392 ], [ 29.9161, -27.4142 ], [ 29.8979, -27.3907 ], [ 29.9172, -27.3544 ], [ 30.0162, -27.3976 ], [ 30.0683, -27.3659 ], [ 30.0868, -27.3685 ], [ 30.1434, -27.4134 ], [ 30.1502, -27.3922 ], [ 30.1981, -27.3552 ], [ 30.2286, -27.3653 ], [ 30.2347, -27.3807 ], [ 30.2799, -27.3686 ], [ 30.2825, -27.3144 ], [ 30.3022, -27.3174 ], [ 30.3284, -27.2996 ], [ 30.3667, -27.3117 ], [ 30.3676, -27.2674 ] ] ] } },
{ "type": "Feature", "properties": { "muni_code": "KZN254" }, "geometry": { "type": "Polygon", "coordinates": [ [ [ 30.2086, -27.7884 ], [ 30.1958, -27.8156 ], [ 30.2234, -27.7989 ], [ 30.2551, -27.8052 ], [ 30.2926, -27.8269 ], [ 30.2938, -27.8394 ], [ 30.278, -27.8404 ], [ 30.3071, -27.891 ], [ 30.2721, -27.924 ], [ 30.296, -27.9584 ], [ 30.3161, -27.9641 ], [ 30.2823, -27.9825 ], [ 30.2584, -27.9787 ], [ 30.2453, -27.9953 ], [ 30.2553, -28.0352 ], [ 30.2841, -28.0419 ], [ 30.2558, -28.0779 ], [ 30.1977, -28.0715 ], [ 30.1901, -28.0956 ], [ 30.2013, -28.1034 ], [ 30.1889, -28.1088 ], [ 30.1842, -28.1615 ], [ 30.1657, -28.1617 ], [ 30.1581, -28.1449 ], [ 30.1238, -28.1294 ], [ 30.1182, -28.1533 ], [ 30.1292, -28.1536 ], [ 30.1321, -28.1774 ], [ 30.0156, -28.1531 ], [ 29.9959, -28.1898 ], [ 29.8831, -28.1956 ], [ 29.8641, -28.2139 ], [ 29.8141, -28.215 ], [ 29.7968, -28.2055 ], [ 29.8103, -28.1913 ], [ 29.7966, -28.1958 ], [ 29.7887, -28.1743 ], [ 29.804, -28.1679 ], [ 29.765, -28.1583 ], [ 29.7312, -28.1274 ], [ 29.6851, -28.1218 ], [ 29.6709, -28.1387 ], [ 29.6541, -28.1383 ], [ 29.6555, -28.09 ], [ 29.6169, -28.0468 ], [ 29.6636, -27.9573 ], [ 29.7067, -27.9702 ], [ 29.7204, -28.0097 ], [ 29.7439, -27.9964 ], [ 29.7522, -27.9626 ], [ 29.7402, -27.96 ], [ 29.7501, -27.9456 ], [ 29.7604, -27.9835 ], [ 29.8407, -27.9893 ], [ 29.8496, -28.0164 ], [ 29.9416, -27.9672 ], [ 29.9363, -27.9548 ], [ 29.9517, -27.9523 ], [ 29.9429, -27.9378 ], [ 29.9565, -27.9287 ], [ 29.9885, -27.9387 ], [ 30.0058, -27.9154 ], [ 29.9897, -27.8931 ], [ 30.0024, -27.8787 ], [ 30.0196, -27.8963 ], [ 30.084, -27.8794 ], [ 30.0567, -27.8226 ], [ 30.1197, -27.8215 ], [ 30.1086, -27.7974 ], [ 30.1621, -27.8054 ], [ 30.1708, -27.7895 ], [ 30.2086, -27.7884 ] ] ] } },
{ "type": "Feature", "properties": { "muni_code": "KZN261" }, "geometry": { "type": "Polygon", "coordinates": [ [ [ 31.1014, -27.3327 ], [ 31.0764, -27.3556 ], [ 31.1017, -27.3615 ], [ 31.0786, -27.3796 ], [ 31.1353, -27.4034 ], [ 31.1174, -27.4205 ], [ 31.1307, -27.4143 ], [ 31.1434, -27.428 ], [ 31.1589, -27.4164 ], [ 31.2074, -27.4379 ], [ 31.1929, -27.4593 ], [ 31.1755, -27.4425 ], [ 31.1548, -27.451 ], [ 31.1704, -27.4567 ], [ 31.1591, -27.4668 ], [ 31.1426, -27.4556 ], [ 31.1407, -27.4815 ], [ 31.1144, -27.4864 ], [ 31.0891, -27.5192 ], [ 31.0755, -27.5109 ], [ 31.0734, -27.5399 ], [ 31.0351, -27.5134 ], [ 31.0398, -27.5914 ], [ 31.0102, -27.583 ], [ 31.0002, -27.6207 ], [ 30.9582, -27.6188 ], [ 30.9628, -27.6291 ], [ 30.82, -27.6562 ], [ 30.8118, -27.6481 ], [ 30.8141, -27.6581 ], [ 30.7985, -27.6633 ], [ 30.7321, -27.6654 ], [ 30.7335, -27.6848 ], [ 30.6642, -27.6792 ], [ 30.6676, -27.6449 ], [ 30.615, -27.636 ], [ 30.6418, -27.6015 ], [ 30.5925, -27.5325 ], [ 30.5867, -27.4998 ], [ 30.5096, -27.4566 ], [ 30.5162, -27.4284 ], [ 30.4821, -27.4131 ], [ 30.5004, -27.3906 ], [ 30.4778, -27.3721 ], [ 30.4811, -27.3433 ], [ 30.4447, -27.3575 ], [ 30.4495, -27.3264 ], [ 30.4963, -27.3125 ], [ 30.563, -27.327 ], [ 30.6606, -27.2879 ], [ 30.7068, -27.2833 ], [ 30.7287, -27.2995 ], [ 30.7405, -27.2946 ], [ 30.7433, -27.3061 ], [ 30.751, -27.2988 ], [ 30.771, -27.3264 ], [ 30.7889, -27.3128 ], [ 30.8082, -27.3389 ], [ 30.8282, -27.3433 ], [ 30.8224, -27.3542 ], [ 30.8576, -27.3433 ], [ 30.8659, -27.3127 ], [ 30.9084, -27.3053 ], [ 30.9237, -27.3058 ], [ 30.9427, -27.3682 ], [ 31.0084, -27.3488 ], [ 31.0205, -27.3606 ], [ 31.0309, -27.3463 ], [ 31.0437, -27.3533 ], [ 31.1014, -27.3327 ] ] ] } },
{ "type": "Feature", "properties": { "muni_code": "KZN262" }, "geometry": { "type": "Polygon", "coordinates": [ [ [ 32.0501, -27.5839 ], [ 32.0008, -27.5585 ], [ 31.9805, -27.5965 ], [ 31.9568, -27.5934 ], [ 31.9525, -27.6189 ], [ 31.9325, -27.6026 ], [ 31.9111, -27.6308 ], [ 31.9059, -27.6153 ], [ 31.8852, -27.6096 ], [ 31.8737, -27.6249 ], [ 31.8563, -27.6171 ], [ 31.8351, -27.6268 ], [ 31.8384, -27.6405 ], [ 31.8242, -27.6448 ], [ 31.8146, -27.6249 ], [ 31.8367, -27.5967 ], [ 31.8193, -27.5802 ], [ 31.8211, -27.6096 ], [ 31.8016, -27.5938 ], [ 31.7791, -27.6124 ], [ 31.8063, -27.6227 ], [ 31.775, -27.6285 ], [ 31.7654, -27.651 ], [ 31.7787, -27.6651 ], [ 31.7683, -27.6733 ], [ 31.7699, -27.7031 ], [ 31.7598, -27.7058 ], [ 31.7649, -27.7221 ], [ 31.7407, -27.7024 ], [ 31.7208, -27.7357 ], [ 31.6588, -27.7614 ], [ 31.6522, -27.7484 ], [ 31.628, -27.7785 ], [ 31.6223, -27.7696 ], [ 31.5884, -27.7741 ], [ 31.5889, -27.7867 ], [ 31.535, -27.802 ], [ 31.5432, -27.7785 ], [ 31.5186, -27.7706 ], [ 31.5708, -27.6486 ], [ 31.5322, -27.6254 ], [ 31.5199, -27.67 ], [ 31.4783, -27.6486 ], [ 31.4405, -27.6529 ], [ 31.4553, -27.6092 ], [ 31.4076, -27.6081 ], [ 31.4185, -27.584 ], [ 31.3764, -27.5577 ], [ 31.386, -27.5392 ], [ 31.3384, -27.5229 ], [ 31.3634, -27.4503 ], [ 31.3388, -27.4385 ], [ 31.3365, -27.4558 ], [ 31.3091, -27.4403 ], [ 31.2805, -27.4444 ], [ 31.2832, -27.4692 ], [ 31.2229, -27.4554 ], [ 31.1593, -27.4164 ], [ 31.1434, -27.428 ], [ 31.1307, -27.4143 ], [ 31.1166, -27.42 ], [ 31.1354, -27.4035 ], [ 31.109, -27.3979 ], [ 31.1007, -27.3816 ], [ 31.0824, -27.3833 ], [ 31.0783, -27.3733 ], [ 31.1019, -27.3593 ], [ 31.0764, -27.3556 ], [ 31.1014, -27.3327 ], [ 31.1659, -27.3685 ], [ 31.2743, -27.2432 ], [ 31.4937, -27.3152 ], [ 31.9533, -27.3174 ], [ 31.9684, -27.3805 ], [ 32.015, -27.4601 ], [ 32.0182, -27.5056 ], [ 32.0501, -27.5839 ] ] ] } },
{ "type": "Feature", "properties": { "muni_code": "KZN263" }, "geometry": { "type": "Polygon", "coordinates": [ [ [ 31.3388, -27.4385 ], [ 31.3634, -27.4503 ], [ 31.3384, -27.5229 ], [ 31.386, -27.5392 ], [ 31.3764, -27.5577 ], [ 31.4185, -27.584 ], [ 31.4076, -27.6081 ], [ 31.4553, -27.6092 ], [ 31.4405, -27.6529 ], [ 31.4783, -27.6486 ], [ 31.5199, -27.67 ], [ 31.5322, -27.6254 ], [ 31.5708, -27.6486 ], [ 31.5186, -27.7706 ], [ 31.5432, -27.7785 ], [ 31.532, -27.8004 ], [ 31.546, -27.7996 ], [ 31.5382, -27.8308 ], [ 31.5167, -27.8339 ], [ 31.4394, -27.8964 ], [ 31.4211, -27.8879 ], [ 31.3845, -27.8953 ], [ 31.3317, -28.0219 ], [ 31.3204, -28.0161 ], [ 31.3077, -28.0374 ], [ 31.2649, -28.0422 ], [ 31.2671, -28.0333 ], [ 31.1812, -28.0222 ], [ 31.1763, -28.0443 ], [ 31.172, -28.0287 ], [ 31.1517, -28.0303 ], [ 31.1552, -28.0004 ], [ 31.1421, -28.0331 ], [ 31.1001, -28.0342 ], [ 30.9943, -27.9956 ], [ 30.9869, -28.0569 ], [ 30.9652, -28.0909 ], [ 31.0034, -28.1083 ], [ 30.9381, -28.1497 ], [ 30.9401, -28.1718 ], [ 30.8777, -28.1476 ], [ 30.8834, -28.1389 ], [ 30.8652, -28.1163 ], [ 30.79, -28.1415 ], [ 30.7339, -28.1226 ], [ 30.6333, -28.1446 ], [ 30.6684, -28.1024 ], [ 30.6128, -28.0352 ], [ 30.6719, -27.985 ], [ 30.685, -27.9859 ], [ 30.6845, -27.9712 ], [ 30.6388, -27.9321 ], [ 30.5829, -27.9315 ], [ 30.5801, -27.8898 ], [ 30.596, -27.838 ], [ 30.6294, -27.8103 ], [ 30.6179, -27.7473 ], [ 30.6999, -27.7458 ], [ 30.6908, -27.7134 ], [ 30.6624, -27.6993 ], [ 30.6638, -27.6791 ], [ 30.7335, -27.6848 ], [ 30.7321, -27.6654 ], [ 30.7985, -27.6633 ], [ 30.8141, -27.6581 ], [ 30.8118, -27.6481 ], [ 30.82, -27.6562 ], [ 30.9628, -27.6291 ], [ 30.9582, -27.6188 ], [ 31.0002, -27.6207 ], [ 31.0102, -27.583 ], [ 31.0398, -27.5914 ], [ 31.0343, -27.514 ], [ 31.0528, -27.5165 ], [ 31.0734, -27.5399 ], [ 31.0766, -27.5095 ], [ 31.0891, -27.5192 ], [ 31.1144, -27.4864 ], [ 31.1413, -27.4809 ], [ 31.1418, -27.4562 ], [ 31.1591, -27.4668 ], [ 31.1704, -27.4567 ], [ 31.1548, -27.451 ], [ 31.1754, -27.4425 ], [ 31.1924, -27.4594 ], [ 31.2091, -27.4421 ], [ 31.2826, -27.4692 ], [ 31.2805, -27.4444 ], [ 31.3091, -27.4403 ], [ 31.3365, -27.4558 ], [ 31.3388, -27.4385 ] ] ] } },
{ "type": "Feature", "properties": { "muni_code": "KZN265" }, "geometry": { "type": "Polygon", "coordinates": [ [ [ 31.8212, -27.5796 ], [ 31.8367, -27.597 ], [ 31.8148, -27.6244 ], [ 31.8209, -27.6441 ], [ 31.8382, -27.6407 ], [ 31.8351, -27.6268 ], [ 31.8563, -27.6171 ], [ 31.8737, -27.6249 ], [ 31.8852, -27.6096 ], [ 31.9059, -27.6153 ], [ 31.9111, -27.6308 ], [ 31.9325, -27.6026 ], [ 31.9516, -27.6191 ], [ 31.9962, -27.8853 ], [ 32.0318, -27.9291 ], [ 31.9543, -27.9371 ], [ 31.937, -27.9762 ], [ 31.951, -28.0008 ], [ 31.9449, -28.0492 ], [ 31.9092, -28.025 ], [ 31.8965, -28.0366 ], [ 31.8465, -28.0262 ], [ 31.8192, -28.038 ], [ 31.8262, -28.0656 ], [ 31.7908, -28.1645 ], [ 31.8072, -28.1889 ], [ 31.8008, -28.2001 ], [ 31.8184, -28.2051 ], [ 31.8131, -28.2196 ], [ 31.786, -28.218 ], [ 31.7782, -28.2063 ], [ 31.7425, -28.2327 ], [ 31.731, -28.2161 ], [ 31.7416, -28.1923 ], [ 31.7168, -28.2064 ], [ 31.7158, -28.1841 ], [ 31.7028, -28.1924 ], [ 31.6924, -28.1682 ], [ 31.6742, -28.1763 ], [ 31.674, -28.2025 ], [ 31.666, -28.1934 ], [ 31.6326, -28.2113 ], [ 31.6485, -28.17 ], [ 31.6427, -28.1451 ], [ 31.6151, -28.1424 ], [ 31.6198, -28.1147 ], [ 31.6012, -28.1247 ], [ 31.586, -28.0984 ], [ 31.5615, -28.1203 ], [ 31.5579, -28.143 ], [ 31.5252, -28.1296 ], [ 31.5238, -28.1391 ], [ 31.5063, -28.1374 ], [ 31.4968, -28.0457 ], [ 31.4562, -28.0241 ], [ 31.5052, -28.0021 ], [ 31.4754, -27.9751 ], [ 31.5051, -27.9344 ], [ 31.4919, -27.9339 ], [ 31.4935, -27.9119 ], [ 31.4766, -27.9128 ], [ 31.4717, -27.8969 ], [ 31.4868, -27.8867 ], [ 31.4888, -27.8577 ], [ 31.538, -27.831 ], [ 31.546, -27.7995 ], [ 31.5889, -27.7867 ], [ 31.5884, -27.7741 ], [ 31.6223, -27.7696 ], [ 31.6278, -27.7785 ], [ 31.6522, -27.7484 ], [ 31.6588, -27.7614 ], [ 31.7208, -27.7357 ], [ 31.741, -27.7023 ], [ 31.7649, -27.7221 ], [ 31.7598, -27.7058 ], [ 31.7699, -27.7031 ], [ 31.7683, -27.6733 ], [ 31.7787, -27.6651 ], [ 31.7654, -27.651 ], [ 31.775, -27.6285 ], [ 31.8063, -27.6227 ], [ 31.7791, -27.6124 ], [ 31.8016, -27.5938 ], [ 31.8209, -27.6097 ], [ 31.8212, -27.5796 ] ] ] } },
{ "type": "Feature", "properties": { "muni_code": "KZN266" }, "geometry": { "type": "Polygon", "coordinates": [ [ [ 31.4886, -27.8595 ], [ 31.4868, -27.8867 ], [ 31.4706, -27.9033 ], [ 31.4935, -27.9119 ], [ 31.4901, -27.9309 ], [ 31.5045, -27.9424 ], [ 31.4754, -27.9751 ], [ 31.5047, -28.005 ], [ 31.4562, -28.0241 ], [ 31.4968, -28.0457 ], [ 31.5063, -28.1374 ], [ 31.5238, -28.1391 ], [ 31.5252, -28.1296 ], [ 31.5579, -28.143 ], [ 31.5615, -28.1203 ], [ 31.5865, -28.0984 ], [ 31.6012, -28.1247 ], [ 31.6208, -28.1157 ], [ 31.6159, -28.1433 ], [ 31.6441, -28.1466 ], [ 31.6484, -28.1715 ], [ 31.6319, -28.2109 ], [ 31.6558, -28.2079 ], [ 31.666, -28.1934 ], [ 31.674, -28.2025 ], [ 31.6742, -28.1763 ], [ 31.6914, -28.1683 ], [ 31.7028, -28.1924 ], [ 31.7158, -28.1841 ], [ 31.7168, -28.2064 ], [ 31.7419, -28.1929 ], [ 31.7334, -28.2185 ], [ 31.7031, -28.2273 ], [ 31.7004, -28.27 ], [ 31.7223, -28.3094 ], [ 31.6977, -28.3589 ], [ 31.7021, -28.3715 ], [ 31.6826, -28.3786 ], [ 31.6933, -28.3931 ], [ 31.6682, -28.4022 ], [ 31.6492, -28.3858 ], [ 31.6267, -28.4078 ], [ 31.6097, -28.3988 ], [ 31.6043, -28.3734 ], [ 31.5966, -28.3919 ], [ 31.5776, -28.3747 ], [ 31.5594, -28.3903 ], [ 31.5424, -28.3833 ], [ 31.5345, -28.3914 ], [ 31.553, -28.4098 ], [ 31.5313, -28.4335 ], [ 31.5191, -28.4352 ], [ 31.5129, -28.4217 ], [ 31.4937, -28.4338 ], [ 31.5044, -28.472 ], [ 31.4455, -28.4772 ], [ 31.4109, -28.4586 ], [ 31.3494, -28.3892 ], [ 31.3289, -28.4159 ], [ 31.3295, -28.4492 ], [ 31.3089, -28.4699 ], [ 31.3013, -28.4601 ], [ 31.2749, -28.4837 ], [ 31.2491, -28.4622 ], [ 31.2198, -28.477 ], [ 31.1895, -28.4994 ], [ 31.2074, -28.5137 ], [ 31.1876, -28.5129 ], [ 31.1843, -28.5369 ], [ 31.1612, -28.5526 ], [ 31.1525, -28.5398 ], [ 31.1073, -28.5314 ], [ 31.1214, -28.5092 ], [ 31.0741, -28.5051 ], [ 31.0811, -28.4962 ], [ 31.0629, -28.4878 ], [ 31.0641, -28.4721 ], [ 31.024, -28.4521 ], [ 31.0181, -28.4258 ], [ 30.9912, -28.4153 ], [ 30.9967, -28.3928 ], [ 30.9654, -28.4063 ], [ 30.961, -28.3409 ], [ 30.9207, -28.3592 ], [ 30.9422, -28.3123 ], [ 31.0476, -28.2001 ], [ 31.0177, -28.184 ], [ 31.0116, -28.1912 ], [ 30.9941, -28.1541 ], [ 30.9717, -28.1686 ], [ 30.9504, -28.1436 ], [ 31.0034, -28.1083 ], [ 30.9652, -28.0909 ], [ 30.9869, -28.0569 ], [ 30.9943, -27.9956 ], [ 31.1001, -28.0342 ], [ 31.1421, -28.0331 ], [ 31.1552, -28.0004 ], [ 31.1517, -28.0303 ], [ 31.172, -28.0287 ], [ 31.1763, -28.0443 ], [ 31.1812, -28.0222 ], [ 31.2671, -28.0333 ], [ 31.2649, -28.0422 ], [ 31.3077, -28.0374 ], [ 31.3204, -28.0161 ], [ 31.3317, -28.0219 ], [ 31.3845, -27.8953 ], [ 31.4211, -27.8879 ], [ 31.4394, -27.8964 ], [ 31.4886, -27.8595 ] ] ] } },
{ "type": "Feature", "properties": { "muni_code": "KZN271" }, "geometry": { "type": "Polygon", "coordinates": [ [ [ 32.3469, -26.856 ], [ 32.3468, -26.8641 ], [ 32.6829, -26.8681 ], [ 32.8913, -26.8579 ], [ 32.945, -26.872 ], [ 32.8964, -27.1208 ], [ 32.7332, -27.509 ], [ 32.735, -27.5508 ], [ 32.6628, -27.7947 ], [ 32.5231, -27.7754 ], [ 32.5227, -27.795 ], [ 32.507, -27.794 ], [ 32.5275, -27.6855 ], [ 32.4872, -27.6984 ], [ 32.4719, -27.691 ], [ 32.4737, -27.6571 ], [ 32.4109, -27.6623 ], [ 32.4021, -27.6475 ], [ 32.4086, -27.4836 ], [ 32.3363, -27.4897 ], [ 32.3376, -27.5052 ], [ 32.2829, -27.5127 ], [ 32.2574, -27.5087 ], [ 32.2579, -27.4673 ], [ 32.2226, -27.4787 ], [ 32.2327, -27.4294 ], [ 32.2436, -27.4271 ], [ 32.2312, -27.3839 ], [ 32.2615, -27.3506 ], [ 32.2105, -27.3204 ], [ 32.2533, -27.2498 ], [ 32.2315, -27.2313 ], [ 32.2314, -27.2129 ], [ 32.2111, -27.2125 ], [ 32.2412, -27.1784 ], [ 32.2141, -27.1748 ], [ 32.2526, -27.1425 ], [ 32.2396, -27.1301 ], [ 32.2647, -27.0802 ], [ 32.2472, -27.0421 ], [ 32.3079, -27.0124 ], [ 32.3078, -26.9955 ], [ 32.2778, -26.9704 ], [ 32.3287, -26.9428 ], [ 32.3229, -26.9308 ], [ 32.3351, -26.9238 ], [ 32.3259, -26.9265 ], [ 32.3296, -26.9001 ], [ 32.3168, -26.8909 ], [ 32.3451, -26.8767 ], [ 32.3469, -26.856 ] ] ] } },
{ "type": "Feature", "properties": { "muni_code": "KZN272" }, "geometry": { "type": "Polygon", "coordinates": [ [ [ 32.0973, -26.8044 ], [ 32.1202, -26.8388 ], [ 32.1816, -26.8631 ], [ 32.2192, -26.8328 ], [ 32.2569, -26.8486 ], [ 32.3206, -26.8527 ], [ 32.331, -26.8639 ], [ 32.3462, -26.8552 ], [ 32.3451, -26.8767 ], [ 32.3168, -26.8909 ], [ 32.3296, -26.9001 ], [ 32.3259, -26.9265 ], [ 32.3351, -26.9238 ], [ 32.3229, -26.9308 ], [ 32.3287, -26.9428 ], [ 32.2778, -26.9704 ], [ 32.3078, -26.9955 ], [ 32.3079, -27.0124 ], [ 32.2472, -27.0421 ], [ 32.2647, -27.0802 ], [ 32.2396, -27.1301 ], [ 32.2526, -27.1425 ], [ 32.2141, -27.1748 ], [ 32.2412, -27.1784 ], [ 32.2111, -27.2125 ], [ 32.2314, -27.2129 ], [ 32.2315, -27.2313 ], [ 32.2533, -27.2498 ], [ 32.2105, -27.3204 ], [ 32.2615, -27.3506 ], [ 32.2312, -27.3839 ], [ 32.2436, -27.4271 ], [ 32.2327, -27.4294 ], [ 32.2226, -27.4787 ], [ 32.2579, -27.4673 ], [ 32.2574, -27.5087 ], [ 32.2829, -27.5127 ], [ 32.3376, -27.5052 ], [ 32.3363, -27.4897 ], [ 32.4086, -27.4836 ], [ 32.4021, -27.6475 ], [ 32.4266, -27.6887 ], [ 32.4369, -27.6869 ], [ 32.3941, -27.7113 ], [ 32.3976, -27.6825 ], [ 32.3841, -27.6794 ], [ 32.3637, -27.6988 ], [ 32.3528, -27.6911 ], [ 32.3379, -27.707 ], [ 32.3492, -27.7202 ], [ 32.3373, -27.7536 ], [ 32.2598, -27.8074 ], [ 32.2216, -27.7822 ], [ 32.1857, -27.786 ], [ 32.1907, -27.8147 ], [ 32.1606, -27.8122 ], [ 32.1769, -27.8322 ], [ 32.1714, -27.8448 ], [ 32.1642, -27.8379 ], [ 32.1688, -27.8524 ], [ 32.1512, -27.8485 ], [ 32.1609, -27.8551 ], [ 32.1391, -27.8557 ], [ 32.139, -27.8673 ], [ 32.0704, -27.8707 ], [ 32.0739, -27.8885 ], [ 32.0329, -27.9299 ], [ 31.9962, -27.8853 ], [ 31.9513, -27.6191 ], [ 31.9568, -27.5934 ], [ 31.9805, -27.5965 ], [ 32.0008, -27.5585 ], [ 32.0501, -27.5838 ], [ 32.0182, -27.5056 ], [ 32.015, -27.4601 ], [ 31.9684, -27.3805 ], [ 31.9532, -27.3191 ], [ 31.9778, -27.3175 ], [ 31.9745, -27.1164 ], [ 32.0113, -26.8102 ], [ 32.054, -26.8184 ], [ 32.0973, -26.8044 ] ] ] } },
{ "type": "Feature", "properties": { "muni_code": "KZN275" }, "geometry": { "type": "Polygon", "coordinates": [ [ [ 32.3596, -28.0396 ], [ 32.3695, -28.0434 ], [ 32.3485, -28.0478 ], [ 32.3462, -28.0538 ], [ 32.3803, -28.0703 ], [ 32.3712, -28.0897 ], [ 32.3809, -28.0993 ], [ 32.4144, -28.0844 ], [ 32.4435, -28.1096 ], [ 32.4732, -28.0978 ], [ 32.5005, -28.1188 ], [ 32.6155, -28.1355 ], [ 32.5892, -28.2064 ], [ 32.483, -28.3883 ], [ 32.4706, -28.4853 ], [ 32.3932, -28.4727 ], [ 32.3372, -28.4939 ], [ 32.3115, -28.5202 ], [ 32.2613, -28.4883 ], [ 32.2297, -28.4941 ], [ 32.2349, -28.4548 ], [ 32.1596, -28.4453 ], [ 32.1381, -28.4597 ], [ 32.1111, -28.4362 ], [ 32.0574, -28.4562 ], [ 32.0669, -28.4143 ], [ 32.0521, -28.4175 ], [ 32.0346, -28.3972 ], [ 32.0137, -28.4082 ], [ 31.9896, -28.3845 ], [ 32.0237, -28.3788 ], [ 32.0135, -28.3618 ], [ 31.9814, -28.3504 ], [ 32.0284, -28.2202 ], [ 32.1383, -28.1109 ], [ 32.1637, -28.1252 ], [ 32.1504, -28.1418 ], [ 32.1804, -28.1334 ], [ 32.1898, -28.1432 ], [ 32.204, -28.1239 ], [ 32.2185, -28.1406 ], [ 32.2636, -28.1305 ], [ 32.2678, -28.146 ], [ 32.3049, -28.1501 ], [ 32.3064, -28.1221 ], [ 32.3213, -28.1253 ], [ 32.3393, -28.0999 ], [ 32.3293, -28.0872 ], [ 32.3398, -28.052 ], [ 32.3596, -28.0396 ] ] ] } },
{ "type": "Feature", "properties": { "muni_code": "KZN276" }, "geometry": { "type": "Polygon", "coordinates": [ [ [ 32.4157, -27.662 ], [ 32.4746, -27.6579 ], [ 32.4733, -27.6922 ], [ 32.5293, -27.6894 ], [ 32.5077, -27.7948 ], [ 32.5227, -27.795 ], [ 32.5231, -27.7754 ], [ 32.6628, -27.7947 ], [ 32.6148, -28.1331 ], [ 32.5005, -28.1188 ], [ 32.4594, -28.0958 ], [ 32.4435, -28.1096 ], [ 32.4144, -28.0844 ], [ 32.3809, -28.0993 ], [ 32.3712, -28.0897 ], [ 32.3803, -28.0703 ], [ 32.3462, -28.0538 ], [ 32.3695, -28.0434 ], [ 32.3586, -28.0395 ], [ 32.3398, -28.052 ], [ 32.3293, -28.0872 ], [ 32.3393, -28.0999 ], [ 32.3213, -28.1253 ], [ 32.3066, -28.1218 ], [ 32.2981, -28.1529 ], [ 32.2675, -28.1459 ], [ 32.2636, -28.1305 ], [ 32.2181, -28.1405 ], [ 32.204, -28.1239 ], [ 32.1898, -28.1432 ], [ 32.1804, -28.1334 ], [ 32.1504, -28.1418 ], [ 32.1637, -28.1252 ], [ 32.1383, -28.1109 ], [ 32.0284, -28.2202 ], [ 31.9625, -28.4062 ], [ 31.7411, -28.4335 ], [ 31.7478, -28.4129 ], [ 31.705, -28.3803 ], [ 31.7208, -28.3708 ], [ 31.7021, -28.3715 ], [ 31.6977, -28.3589 ], [ 31.7223, -28.3094 ], [ 31.7004, -28.27 ], [ 31.7031, -28.2273 ], [ 31.733, -28.2184 ], [ 31.7459, -28.233 ], [ 31.7783, -28.2063 ], [ 31.787, -28.2184 ], [ 31.8143, -28.2178 ], [ 31.8184, -28.2051 ], [ 31.8008, -28.2001 ], [ 31.8072, -28.1889 ], [ 31.7908, -28.1645 ], [ 31.8262, -28.0656 ], [ 31.8192, -28.038 ], [ 31.8465, -28.0262 ], [ 31.8965, -28.0366 ], [ 31.9092, -28.025 ], [ 31.9449, -28.0492 ], [ 31.951, -28.0008 ], [ 31.937, -27.9762 ], [ 31.9602, -27.932 ], [ 32.0258, -27.9328 ], [ 32.0734, -27.8893 ], [ 32.0704, -27.8707 ], [ 32.139, -27.8673 ], [ 32.1391, -27.8557 ], [ 32.1609, -27.8551 ], [ 32.1512, -27.8485 ], [ 32.1688, -27.8524 ], [ 32.1642, -27.8379 ], [ 32.1714, -27.8448 ], [ 32.1769, -27.8322 ], [ 32.1606, -27.8122 ], [ 32.1907, -27.8147 ], [ 32.1882, -27.7847 ], [ 32.2266, -27.7837 ], [ 32.2598, -27.8074 ], [ 32.3373, -27.7536 ], [ 32.3492, -27.7202 ], [ 32.3379, -27.707 ], [ 32.3528, -27.6911 ], [ 32.3637, -27.6988 ], [ 32.3841, -27.6794 ], [ 32.3976, -27.6825 ], [ 32.3941, -27.7113 ], [ 32.4356, -27.693 ], [ 32.4157, -27.662 ] ] ] } },
{ "type": "Feature", "properties": { "muni_code": "KZN281" }, "geometry": { "type": "Polygon", "coordinates": [ [ [ 31.7811, -28.5245 ], [ 31.8402, -28.4943 ], [ 31.8624, -28.4588 ], [ 31.8637, -28.4457 ], [ 31.8358, -28.4274 ], [ 31.9625, -28.4062 ], [ 31.9814, -28.3504 ], [ 32.0135, -28.3618 ], [ 32.0237, -28.3788 ], [ 31.9896, -28.3845 ], [ 32.0137, -28.4082 ], [ 32.0346, -28.3972 ], [ 32.0521, -28.4175 ], [ 32.0669, -28.4143 ], [ 32.0597, -28.4573 ], [ 32.1111, -28.4362 ], [ 32.1381, -28.4597 ], [ 32.1596, -28.4453 ], [ 32.2349, -28.4548 ], [ 32.2297, -28.4941 ], [ 32.2613, -28.4883 ], [ 32.3115, -28.5202 ], [ 32.3372, -28.4939 ], [ 32.3932, -28.4727 ], [ 32.4148, -28.4781 ], [ 32.3994, -28.5253 ], [ 32.3602, -28.5778 ], [ 32.1471, -28.7588 ], [ 32.1244, -28.7526 ], [ 32.1543, -28.7079 ], [ 32.0685, -28.7034 ], [ 32.0735, -28.6839 ], [ 32.0571, -28.6642 ], [ 32.0366, -28.6909 ], [ 32.02, -28.6873 ], [ 32.0381, -28.6591 ], [ 32.0216, -28.6461 ], [ 32.0, -28.6484 ], [ 32.0003, -28.622 ], [ 31.9593, -28.6641 ], [ 31.9354, -28.6453 ], [ 31.9298, -28.6525 ], [ 31.9311, -28.6308 ], [ 31.916, -28.6337 ], [ 31.8824, -28.5525 ], [ 31.8675, -28.5722 ], [ 31.8295, -28.5696 ], [ 31.8144, -28.5884 ], [ 31.7959, -28.5624 ], [ 31.8077, -28.5536 ], [ 31.7811, -28.5245 ] ] ] } },
{ "type": "Feature", "properties": { "muni_code": "KZN282" }, "geometry": { "type": "Polygon", "coordinates": [ [ [ 31.7761, -28.9549 ], [ 31.8018, -28.9333 ], [ 31.7858, -28.9027 ], [ 31.7468, -28.9198 ], [ 31.7058, -28.9085 ], [ 31.7514, -28.8792 ], [ 31.7665, -28.8527 ], [ 31.8048, -28.8505 ], [ 31.8323, -28.8316 ], [ 31.8177, -28.7905 ], [ 31.823, -28.771 ], [ 31.8007, -28.7802 ], [ 31.7734, -28.7666 ], [ 31.7554, -28.7732 ], [ 31.7712, -28.7597 ], [ 31.7447, -28.7547 ], [ 31.7578, -28.735 ], [ 31.7275, -28.7397 ], [ 31.7167, -28.7116 ], [ 31.6967, -28.7221 ], [ 31.6966, -28.6992 ], [ 31.6692, -28.7238 ], [ 31.6515, -28.7039 ], [ 31.7197, -28.4981 ], [ 31.8158, -28.4781 ], [ 31.8248, -28.4973 ], [ 31.7811, -28.5245 ], [ 31.8077, -28.5536 ], [ 31.7959, -28.5624 ], [ 31.8144, -28.5884 ], [ 31.8295, -28.5696 ], [ 31.8675, -28.5722 ], [ 31.8824, -28.5525 ], [ 31.9034, -28.6126 ], [ 31.918, -28.6359 ], [ 31.9287, -28.6277 ], [ 31.928, -28.6499 ], [ 31.9452, -28.6494 ], [ 31.9461, -28.6636 ], [ 31.9593, -28.6641 ], [ 32.0003, -28.622 ], [ 32.0, -28.6484 ], [ 32.0216, -28.6461 ], [ 32.0381, -28.6591 ], [ 32.02, -28.6873 ], [ 32.0366, -28.6909 ], [ 32.0571, -28.6642 ], [ 32.0735, -28.6839 ], [ 32.0685, -28.7034 ], [ 32.1543, -28.7079 ], [ 32.1244, -28.7526 ], [ 32.1471, -28.7588 ], [ 32.0128, -28.877 ], [ 31.9185, -28.9175 ], [ 31.7761, -28.9549 ] ] ] } },
{ "type": "Feature", "properties": { "muni_code": "KZN284" }, "geometry": { "type": "Polygon", "coordinates": [ [ [ 31.6675, -28.7239 ], [ 31.6966, -28.6992 ], [ 31.6967, -28.7221 ], [ 31.7167, -28.7116 ], [ 31.7275, -28.7397 ], [ 31.7426, -28.7299 ], [ 31.7597, -28.7364 ], [ 31.7447, -28.7547 ], [ 31.7712, -28.7597 ], [ 31.7554, -28.7732 ], [ 31.7734, -28.7666 ], [ 31.8016, -28.7802 ], [ 31.8204, -28.7684 ], [ 31.8346, -28.8248 ], [ 31.8048, -28.8505 ], [ 31.7665, -28.8527 ], [ 31.7514, -28.8792 ], [ 31.7058, -28.9085 ], [ 31.7468, -28.9198 ], [ 31.7858, -28.9027 ], [ 31.8018, -28.9333 ], [ 31.7758, -28.9546 ], [ 31.8158, -28.9464 ], [ 31.7581, -28.9703 ], [ 31.6753, -29.0549 ], [ 31.5296, -29.0567 ], [ 31.5243, -29.038 ], [ 31.5128, -29.0471 ], [ 31.4997, -29.0278 ], [ 31.4721, -29.025 ], [ 31.4699, -29.0043 ], [ 31.4496, -29.0141 ], [ 31.4617, -29.0015 ], [ 31.458, -28.9819 ], [ 31.4424, -28.9968 ], [ 31.3879, -28.9969 ], [ 31.3633, -29.0598 ], [ 31.3856, -29.0581 ], [ 31.387, -29.0677 ], [ 31.3615, -29.092 ], [ 31.3403, -29.0868 ], [ 31.3462, -29.1015 ], [ 31.3277, -29.1028 ], [ 31.3341, -29.1289 ], [ 31.3183, -29.1284 ], [ 31.3256, -29.1385 ], [ 31.3049, -29.1571 ], [ 31.305, -29.1748 ], [ 31.2846, -29.1631 ], [ 31.2984, -29.1419 ], [ 31.2901, -29.1145 ], [ 31.2491, -29.1471 ], [ 31.2448, -29.1196 ], [ 31.1757, -29.0737 ], [ 31.181, -29.0503 ], [ 31.1343, -29.0323 ], [ 31.1174, -29.0004 ], [ 31.1259, -28.9597 ], [ 31.0819, -28.9576 ], [ 31.099, -28.9838 ], [ 31.083, -28.9933 ], [ 31.0718, -28.9572 ], [ 31.0319, -28.934 ], [ 31.033, -28.8978 ], [ 31.078, -28.8758 ], [ 31.1227, -28.828 ], [ 31.1645, -28.8309 ], [ 31.1844, -28.8063 ], [ 31.1815, -28.7863 ], [ 31.2095, -28.7829 ], [ 31.2386, -28.8141 ], [ 31.2616, -28.8025 ], [ 31.31, -28.8153 ], [ 31.3247, -28.8069 ], [ 31.3375, -28.7705 ], [ 31.3999, -28.7772 ], [ 31.4149, -28.7648 ], [ 31.437, -28.7758 ], [ 31.4425, -28.758 ], [ 31.4603, -28.777 ], [ 31.4655, -28.7404 ], [ 31.5209, -28.7134 ], [ 31.6445, -28.697 ], [ 31.6675, -28.7239 ] ] ] } },
{ "type": "Feature", "properties": { "muni_code": "KZN285" }, "geometry": { "type": "Polygon", "coordinates": [ [ [ 31.7145, -28.3686 ], [ 31.705, -28.3803 ], [ 31.7478, -28.4129 ], [ 31.7411, -28.4335 ], [ 31.8358, -28.4274 ], [ 31.8637, -28.4457 ], [ 31.8624, -28.4588 ], [ 31.8402, -28.4943 ], [ 31.8248, -28.4973 ], [ 31.8158, -28.4781 ], [ 31.7197, -28.4981 ], [ 31.6515, -28.7039 ], [ 31.5209, -28.7134 ], [ 31.4655, -28.7404 ], [ 31.4603, -28.777 ], [ 31.4399, -28.758 ], [ 31.437, -28.7758 ], [ 31.4136, -28.7648 ], [ 31.4094, -28.7764 ], [ 31.3628, -28.7688 ], [ 31.349, -28.7781 ], [ 31.3349, -28.7506 ], [ 31.3171, -28.7514 ], [ 31.3417, -28.7321 ], [ 31.3309, -28.7142 ], [ 31.2749, -28.7179 ], [ 31.278, -28.6986 ], [ 31.253, -28.6994 ], [ 31.2524, -28.6897 ], [ 31.2746, -28.6856 ], [ 31.2515, -28.6608 ], [ 31.2548, -28.6494 ], [ 31.2375, -28.6367 ], [ 31.2267, -28.6511 ], [ 31.1968, -28.649 ], [ 31.1933, -28.6189 ], [ 31.1725, -28.6113 ], [ 31.157, -28.5521 ], [ 31.1843, -28.5369 ], [ 31.1897, -28.5112 ], [ 31.2074, -28.5137 ], [ 31.1895, -28.4994 ], [ 31.2491, -28.4622 ], [ 31.2749, -28.4837 ], [ 31.3013, -28.4601 ], [ 31.3089, -28.4699 ], [ 31.3295, -28.4492 ], [ 31.3289, -28.4159 ], [ 31.3494, -28.3892 ], [ 31.4109, -28.4586 ], [ 31.4455, -28.4772 ], [ 31.5044, -28.472 ], [ 31.4937, -28.4338 ], [ 31.5129, -28.4217 ], [ 31.5191, -28.4352 ], [ 31.5313, -28.4335 ], [ 31.553, -28.4095 ], [ 31.5346, -28.3917 ], [ 31.5406, -28.3839 ], [ 31.5594, -28.3903 ], [ 31.5776, -28.3747 ], [ 31.5966, -28.3919 ], [ 31.6043, -28.3734 ], [ 31.6097, -28.3988 ], [ 31.6283, -28.4078 ], [ 31.6495, -28.3858 ], [ 31.6682, -28.4022 ], [ 31.6917, -28.3948 ], [ 31.6833, -28.3776 ], [ 31.7145, -28.3686 ] ] ] } },
{ "type": "Feature", "properties": { "muni_code": "KZN286" }, "geometry": { "type": "Polygon", "coordinates": [ [ [ 30.997, -28.4223 ], [ 31.0181, -28.4258 ], [ 31.0237, -28.4519 ], [ 31.0641, -28.4721 ], [ 31.0629, -28.4878 ], [ 31.0811, -28.4962 ], [ 31.0741, -28.5051 ], [ 31.1211, -28.509 ], [ 31.1073, -28.5314 ], [ 31.162, -28.5442 ], [ 31.1616, -28.5822 ], [ 31.1766, -28.6168 ], [ 31.1933, -28.6189 ], [ 31.1927, -28.6466 ], [ 31.2266, -28.6512 ], [ 31.2375, -28.6367 ], [ 31.2549, -28.6496 ], [ 31.2515, -28.6608 ], [ 31.2746, -28.6856 ], [ 31.2524, -28.6897 ], [ 31.2531, -28.6996 ], [ 31.278, -28.6986 ], [ 31.2755, -28.7182 ], [ 31.3309, -28.7142 ], [ 31.3417, -28.7321 ], [ 31.3171, -28.7514 ], [ 31.3343, -28.7502 ], [ 31.3488, -28.768 ], [ 31.3233, -28.7907 ], [ 31.3235, -28.8084 ], [ 31.3099, -28.8153 ], [ 31.2613, -28.8025 ], [ 31.2447, -28.8151 ], [ 31.2095, -28.7829 ], [ 31.1815, -28.7863 ], [ 31.1844, -28.8063 ], [ 31.1645, -28.8309 ], [ 31.1227, -28.828 ], [ 31.078, -28.8758 ], [ 31.0298, -28.9015 ], [ 31.0304, -28.8642 ], [ 30.9863, -28.8566 ], [ 30.9679, -28.8339 ], [ 30.9871, -28.8112 ], [ 30.9787, -28.7993 ], [ 30.951, -28.7887 ], [ 30.9261, -28.8151 ], [ 30.9401, -28.843 ], [ 30.9074, -28.8457 ], [ 30.8995, -28.8365 ], [ 30.9134, -28.8031 ], [ 30.8904, -28.7636 ], [ 30.8612, -28.7814 ], [ 30.804, -28.7764 ], [ 30.8227, -28.7341 ], [ 30.7636, -28.7218 ], [ 30.7536, -28.7319 ], [ 30.7668, -28.7538 ], [ 30.7416, -28.7709 ], [ 30.7481, -28.7983 ], [ 30.7389, -28.8041 ], [ 30.6964, -28.7792 ], [ 30.7297, -28.7609 ], [ 30.7148, -28.7385 ], [ 30.6922, -28.7324 ], [ 30.6661, -28.7471 ], [ 30.6496, -28.7203 ], [ 30.6207, -28.7103 ], [ 30.6803, -28.6713 ], [ 30.6704, -28.6424 ], [ 30.7324, -28.6652 ], [ 30.7339, -28.642 ], [ 30.7533, -28.6288 ], [ 30.7885, -28.6289 ], [ 30.8383, -28.5749 ], [ 30.8214, -28.5816 ], [ 30.7573, -28.5418 ], [ 30.7714, -28.5175 ], [ 30.804, -28.5178 ], [ 30.8327, -28.4637 ], [ 30.9967, -28.3928 ], [ 30.997, -28.4223 ] ] ] } },
{ "type": "Feature", "properties": { "muni_code": "KZN291" }, "geometry": { "type": "Polygon", "coordinates": [ [ [ 31.4603, -28.989 ], [ 31.4496, -29.0141 ], [ 31.4699, -29.0043 ], [ 31.4721, -29.025 ], [ 31.4997, -29.0278 ], [ 31.5128, -29.0471 ], [ 31.5243, -29.038 ], [ 31.5296, -29.0567 ], [ 31.6753, -29.0549 ], [ 31.5713, -29.1682 ], [ 31.4428, -29.2797 ], [ 31.4334, -29.2696 ], [ 31.4513, -29.2423 ], [ 31.4228, -29.2305 ], [ 31.4052, -29.2606 ], [ 31.3959, -29.2387 ], [ 31.3755, -29.258 ], [ 31.3664, -29.2465 ], [ 31.3581, -29.2553 ], [ 31.3422, -29.2253 ], [ 31.3566, -29.2143 ], [ 31.3325, -29.2106 ], [ 31.3707, -29.1689 ], [ 31.3622, -29.1631 ], [ 31.3762, -29.1383 ], [ 31.3482, -29.1406 ], [ 31.35, -29.1666 ], [ 31.3384, -29.1748 ], [ 31.3367, -29.1545 ], [ 31.3183, -29.15 ], [ 31.318, -29.1291 ], [ 31.3339, -29.1293 ], [ 31.3257, -29.1206 ], [ 31.3377, -29.116 ], [ 31.3236, -29.1102 ], [ 31.3468, -29.1009 ], [ 31.3403, -29.0868 ], [ 31.3615, -29.092 ], [ 31.387, -29.0677 ], [ 31.3856, -29.0581 ], [ 31.3633, -29.06 ], [ 31.3813, -29.0032 ], [ 31.4603, -28.989 ] ] ] } },
{ "type": "Feature", "properties": { "muni_code": "KZN292" }, "geometry": { "type": "Polygon", "coordinates": [ [ [ 31.2343, -29.1807 ], [ 31.2754, -29.1884 ], [ 31.2887, -29.164 ], [ 31.3074, -29.1745 ], [ 31.3046, -29.1577 ], [ 31.3183, -29.15 ], [ 31.3354, -29.153 ], [ 31.3416, -29.175 ], [ 31.3482, -29.1406 ], [ 31.3762, -29.1383 ], [ 31.3622, -29.1631 ], [ 31.3707, -29.1689 ], [ 31.3325, -29.2106 ], [ 31.3566, -29.2143 ], [ 31.3422, -29.2253 ], [ 31.3581, -29.2553 ], [ 31.3664, -29.2465 ], [ 31.3755, -29.258 ], [ 31.3959, -29.2387 ], [ 31.4052, -29.2606 ], [ 31.4228, -29.2305 ], [ 31.4513, -29.2423 ], [ 31.4335, -29.2692 ], [ 31.4378, -29.2927 ], [ 31.3402, -29.3826 ], [ 31.1858, -29.5718 ], [ 31.1682, -29.5473 ], [ 31.1831, -29.528 ], [ 31.1358, -29.5011 ], [ 31.1142, -29.5094 ], [ 31.1029, -29.5428 ], [ 31.0858, -29.5227 ], [ 31.0513, -29.5164 ], [ 31.0494, -29.4879 ], [ 31.0753, -29.4816 ], [ 31.0708, -29.4605 ], [ 31.0856, -29.4415 ], [ 31.1366, -29.4113 ], [ 31.1335, -29.3918 ], [ 31.1566, -29.3856 ], [ 31.1828, -29.353 ], [ 31.1514, -29.3261 ], [ 31.1814, -29.3038 ], [ 31.1742, -29.2972 ], [ 31.1357, -29.3068 ], [ 31.1226, -29.2847 ], [ 31.121, -29.3022 ], [ 31.1026, -29.3081 ], [ 31.1372, -29.2076 ], [ 31.2343, -29.1807 ] ] ] } },
{ "type": "Feature", "properties": { "muni_code": "KZN293" }, "geometry": { "type": "Polygon", "coordinates": [ [ [ 31.0162, -29.2635 ], [ 31.0439, -29.282 ], [ 31.0295, -29.2921 ], [ 31.0368, -29.3097 ], [ 31.0124, -29.3249 ], [ 31.0152, -29.3413 ], [ 31.0478, -29.3098 ], [ 31.0759, -29.3547 ], [ 31.1026, -29.3081 ], [ 31.1222, -29.3008 ], [ 31.1226, -29.2847 ], [ 31.1341, -29.3064 ], [ 31.1616, -29.2939 ], [ 31.1814, -29.3038 ], [ 31.1514, -29.3261 ], [ 31.1828, -29.353 ], [ 31.1566, -29.3856 ], [ 31.1335, -29.3918 ], [ 31.1366, -29.4113 ], [ 31.0856, -29.4415 ], [ 31.0708, -29.4605 ], [ 31.0753, -29.4816 ], [ 31.0494, -29.4879 ], [ 31.0513, -29.5164 ], [ 31.0858, -29.5227 ], [ 31.0944, -29.5381 ], [ 31.0207, -29.556 ], [ 31.0007, -29.5947 ], [ 30.9551, -29.5836 ], [ 30.9068, -29.6034 ], [ 30.9076, -29.5869 ], [ 30.8926, -29.5879 ], [ 30.8746, -29.6177 ], [ 30.8458, -29.6271 ], [ 30.8314, -29.6154 ], [ 30.8292, -29.6276 ], [ 30.8144, -29.6234 ], [ 30.7888, -29.5653 ], [ 30.7847, -29.575 ], [ 30.705, -29.5687 ], [ 30.706, -29.5354 ], [ 30.7226, -29.5277 ], [ 30.7481, -29.4534 ], [ 30.7681, -29.455 ], [ 30.7662, -29.488 ], [ 30.7903, -29.4763 ], [ 30.7935, -29.4495 ], [ 30.8501, -29.4037 ], [ 30.8884, -29.4156 ], [ 30.9195, -29.3847 ], [ 30.8798, -29.3719 ], [ 30.8846, -29.3457 ], [ 30.8546, -29.3221 ], [ 30.8681, -29.284 ], [ 30.8772, -29.2756 ], [ 30.898, -29.2884 ], [ 30.905, -29.2704 ], [ 30.9173, -29.2808 ], [ 31.0162, -29.2635 ] ] ] } },
{ "type": "Feature", "properties": { "muni_code": "KZN433" }, "geometry": { "type": "Polygon", "coordinates": [ [ [ 29.2063, -29.9051 ], [ 29.2523, -29.9181 ], [ 29.2781, -29.9426 ], [ 29.3772, -29.9388 ], [ 29.4173, -29.9691 ], [ 29.4141, -29.9898 ], [ 29.4349, -30.0094 ], [ 29.4828, -30.0232 ], [ 29.4789, -30.0404 ], [ 29.4411, -30.0548 ], [ 29.4455, -30.0647 ], [ 29.4067, -30.0959 ], [ 29.409, -30.1387 ], [ 29.388, -30.1576 ], [ 29.4315, -30.1876 ], [ 29.5246, -30.2224 ], [ 29.5197, -30.2521 ], [ 29.4983, -30.2699 ], [ 29.5008, -30.2967 ], [ 29.514, -30.3049 ], [ 29.4978, -30.3403 ], [ 29.533, -30.3575 ], [ 29.5957, -30.4483 ], [ 29.6079, -30.4479 ], [ 29.5835, -30.4643 ], [ 29.6218, -30.4904 ], [ 29.5974, -30.5515 ], [ 29.6406, -30.562 ], [ 29.5862, -30.6171 ], [ 29.5713, -30.6558 ], [ 29.5243, -30.6412 ], [ 29.5124, -30.6182 ], [ 29.4013, -30.6394 ], [ 29.3456, -30.6717 ], [ 29.3225, -30.6445 ], [ 29.2773, -30.6373 ], [ 29.2613, -30.6212 ], [ 29.2046, -30.6202 ], [ 29.1825, -30.6412 ], [ 29.1853, -30.6186 ], [ 29.173, -30.6243 ], [ 29.1353, -30.6051 ], [ 29.146, -30.5952 ], [ 29.1153, -30.5796 ], [ 29.1737, -30.5521 ], [ 29.1651, -30.538 ], [ 29.1528, -30.5546 ], [ 29.1402, -30.5338 ], [ 29.1504, -30.5104 ], [ 29.1773, -30.5157 ], [ 29.1984, -30.4623 ], [ 29.1968, -30.4344 ], [ 29.2273, -30.4263 ], [ 29.2382, -30.4049 ], [ 29.2824, -30.3957 ], [ 29.2771, -30.3762 ], [ 29.305, -30.3799 ], [ 29.2919, -30.3456 ], [ 29.3019, -30.3201 ], [ 29.2368, -30.2669 ], [ 29.2547, -30.3048 ], [ 29.1558, -30.2775 ], [ 29.1627, -30.2636 ], [ 29.1518, -30.2567 ], [ 29.136, -30.2612 ], [ 29.1224, -30.222 ], [ 29.1323, -30.2149 ], [ 29.1124, -30.2096 ], [ 29.1221, -30.192 ], [ 29.1025, -30.1771 ], [ 29.1204, -30.1604 ], [ 29.1104, -30.1538 ], [ 29.1206, -30.1512 ], [ 29.1123, -30.1056 ], [ 29.1212, -30.0988 ], [ 29.0449, -30.013 ], [ 29.0147, -30.0018 ], [ 29.0838, -29.9531 ], [ 29.1037, -29.967 ], [ 29.111, -29.9357 ], [ 29.2063, -29.9051 ] ] ] } },
{ "type": "Feature", "properties": { "muni_code": "KZN434" }, "geometry": { "type": "Polygon", "coordinates": [ [ [ 30.1058, -29.9746 ], [ 30.1503, -29.9822 ], [ 30.2124, -30.0173 ], [ 30.2426, -30.0078 ], [ 30.2739, -30.0219 ], [ 30.2771, -30.0041 ], [ 30.2902, -30.0187 ], [ 30.3052, -30.0146 ], [ 30.3172, -30.0459 ], [ 30.3277, -30.0322 ], [ 30.3409, -30.0487 ], [ 30.3557, -30.0392 ], [ 30.352, -30.0586 ], [ 30.3658, -30.0613 ], [ 30.3579, -30.0706 ], [ 30.3823, -30.078 ], [ 30.3735, -30.0924 ], [ 30.3966, -30.1023 ], [ 30.422, -30.0966 ], [ 30.4243, -30.0766 ], [ 30.4311, -30.0928 ], [ 30.4455, -30.0844 ], [ 30.4167, -30.1429 ], [ 30.4411, -30.1778 ], [ 30.4137, -30.1888 ], [ 30.4038, -30.2115 ], [ 30.3877, -30.2014 ], [ 30.3808, -30.2506 ], [ 30.3658, -30.2483 ], [ 30.2945, -30.3761 ], [ 30.2576, -30.3618 ], [ 30.2303, -30.3829 ], [ 30.2207, -30.4352 ], [ 30.2392, -30.4685 ], [ 30.2282, -30.4744 ], [ 30.1779, -30.4575 ], [ 30.1872, -30.4364 ], [ 30.1723, -30.4025 ], [ 30.1145, -30.402 ], [ 30.1202, -30.3912 ], [ 30.1009, -30.3773 ], [ 30.0825, -30.3858 ], [ 30.0804, -30.3636 ], [ 30.0512, -30.3732 ], [ 30.0407, -30.3372 ], [ 30.0637, -30.3284 ], [ 30.0624, -30.3158 ], [ 30.0352, -30.3154 ], [ 30.041, -30.3288 ], [ 30.0283, -30.3405 ], [ 30.0162, -30.3249 ], [ 29.9983, -30.3307 ], [ 29.9809, -30.3179 ], [ 30.0007, -30.3004 ], [ 29.9819, -30.2979 ], [ 29.9834, -30.2803 ], [ 29.9489, -30.2789 ], [ 29.9435, -30.2572 ], [ 29.9249, -30.2461 ], [ 29.929, -30.2272 ], [ 29.9334, -30.2381 ], [ 29.9575, -30.2347 ], [ 29.9528, -30.213 ], [ 29.9159, -30.2042 ], [ 29.9276, -30.1936 ], [ 29.9159, -30.1715 ], [ 29.887, -30.1716 ], [ 29.8557, -30.1404 ], [ 29.8648, -30.1345 ], [ 29.8524, -30.1176 ], [ 29.8688, -30.1052 ], [ 29.9284, -30.1121 ], [ 29.9578, -30.0733 ], [ 29.9585, -30.0878 ], [ 29.9867, -30.0869 ], [ 30.0105, -30.0496 ], [ 30.0375, -30.0468 ], [ 30.0436, -30.0565 ], [ 30.0651, -30.0024 ], [ 30.0965, -29.996 ], [ 30.1058, -29.9746 ] ] ] } },
{ "type": "Feature", "properties": { "muni_code": "KZN435" }, "geometry": { "type": "Polygon", "coordinates": [ [ [ 29.4317, -29.978 ], [ 29.4796, -29.9649 ], [ 29.4812, -29.9787 ], [ 29.4935, -29.9784 ], [ 29.4858, -29.9845 ], [ 29.5059, -29.9889 ], [ 29.5344, -30.0203 ], [ 29.5327, -30.0037 ], [ 29.5534, -30.0221 ], [ 29.5611, -30.011 ], [ 29.5943, -30.0436 ], [ 29.6366, -30.0352 ], [ 29.6755, -30.0682 ], [ 29.675, -30.0801 ], [ 29.7308, -30.0863 ], [ 29.7492, -30.063 ], [ 29.7529, -30.0769 ], [ 29.8098, -30.0549 ], [ 29.8332, -30.081 ], [ 29.8289, -30.095 ], [ 29.8576, -30.0995 ], [ 29.8576, -30.1443 ], [ 29.887, -30.1716 ], [ 29.9159, -30.1715 ], [ 29.9276, -30.1936 ], [ 29.9159, -30.2042 ], [ 29.9528, -30.213 ], [ 29.9575, -30.2347 ], [ 29.9334, -30.2381 ], [ 29.929, -30.2272 ], [ 29.9249, -30.2461 ], [ 29.9435, -30.2572 ], [ 29.9489, -30.2789 ], [ 29.9834, -30.2803 ], [ 29.9819, -30.2979 ], [ 30.0007, -30.3004 ], [ 29.9803, -30.3171 ], [ 29.9983, -30.3307 ], [ 30.0162, -30.3249 ], [ 30.0283, -30.3405 ], [ 30.041, -30.3288 ], [ 30.0357, -30.3151 ], [ 30.0645, -30.3173 ], [ 30.0407, -30.3372 ], [ 30.05, -30.3719 ], [ 30.0804, -30.3636 ], [ 30.0829, -30.3862 ], [ 30.0999, -30.3768 ], [ 30.118, -30.3875 ], [ 30.1179, -30.4246 ], [ 30.1006, -30.4167 ], [ 30.0736, -30.4472 ], [ 30.043, -30.4335 ], [ 30.057, -30.4673 ], [ 30.0088, -30.4829 ], [ 30.0011, -30.5225 ], [ 29.9894, -30.5286 ], [ 29.996, -30.5376 ], [ 29.9545, -30.5656 ], [ 29.9534, -30.5861 ], [ 29.9207, -30.5495 ], [ 29.8575, -30.5587 ], [ 29.855, -30.5448 ], [ 29.8133, -30.5351 ], [ 29.7822, -30.5105 ], [ 29.6526, -30.5231 ], [ 29.6406, -30.562 ], [ 29.5974, -30.5515 ], [ 29.6218, -30.4904 ], [ 29.5835, -30.4643 ], [ 29.6079, -30.4479 ], [ 29.5957, -30.4483 ], [ 29.533, -30.3575 ], [ 29.4978, -30.3403 ], [ 29.514, -30.3049 ], [ 29.5008, -30.2967 ], [ 29.4983, -30.2699 ], [ 29.5197, -30.2521 ], [ 29.5246, -30.2224 ], [ 29.4315, -30.1876 ], [ 29.388, -30.1576 ], [ 29.409, -30.1387 ], [ 29.4067, -30.0959 ], [ 29.4455, -30.0647 ], [ 29.4411, -30.0548 ], [ 29.4789, -30.0404 ], [ 29.4828, -30.0232 ], [ 29.4349, -30.0094 ], [ 29.4141, -29.9898 ], [ 29.4165, -29.9689 ], [ 29.4317, -29.978 ] ] ] } },
{ "type": "Feature", "properties": { "muni_code": "KZN436" }, "geometry": { "type": "Polygon", "coordinates": [ [ [ 29.2998, -29.4989 ], [ 29.4339, -29.5325 ], [ 29.437, -29.5476 ], [ 29.4547, -29.5431 ], [ 29.4497, -29.56 ], [ 29.4937, -29.5869 ], [ 29.5258, -29.5758 ], [ 29.5162, -29.5662 ], [ 29.529, -29.5637 ], [ 29.5448, -29.5719 ], [ 29.5566, -29.5616 ], [ 29.5769, -29.5837 ], [ 29.6055, -29.5745 ], [ 29.602, -29.5829 ], [ 29.6255, -29.5975 ], [ 29.6161, -29.6119 ], [ 29.6477, -29.6098 ], [ 29.6362, -29.6317 ], [ 29.7028, -29.6357 ], [ 29.6872, -29.6756 ], [ 29.7634, -29.6742 ], [ 29.7868, -29.7144 ], [ 29.827, -29.703 ], [ 29.8369, -29.7368 ], [ 29.864, -29.7342 ], [ 29.8775, -29.7455 ], [ 29.8841, -29.735 ], [ 29.8924, -29.7512 ], [ 29.9102, -29.74 ], [ 29.9031, -29.7574 ], [ 29.9186, -29.7706 ], [ 29.9029, -29.7861 ], [ 29.9079, -29.7967 ], [ 29.9408, -29.8025 ], [ 29.9565, -29.7804 ], [ 29.9614, -29.8107 ], [ 29.9907, -29.8163 ], [ 30.0101, -29.8055 ], [ 30.0454, -29.83 ], [ 30.0523, -29.8404 ], [ 30.0363, -29.8475 ], [ 30.0364, -29.8667 ], [ 30.0669, -29.8597 ], [ 30.061, -29.8974 ], [ 30.1014, -29.9127 ], [ 30.0837, -29.9234 ], [ 30.0865, -29.9462 ], [ 30.1191, -29.9489 ], [ 30.0965, -29.996 ], [ 30.0651, -30.0024 ], [ 30.0436, -30.0565 ], [ 30.0375, -30.0468 ], [ 30.0105, -30.0496 ], [ 29.9867, -30.0869 ], [ 29.9585, -30.0878 ], [ 29.9578, -30.0733 ], [ 29.9284, -30.1121 ], [ 29.8688, -30.1052 ], [ 29.8524, -30.1176 ], [ 29.8575, -30.0992 ], [ 29.8289, -30.095 ], [ 29.8332, -30.081 ], [ 29.8085, -30.0543 ], [ 29.7529, -30.0769 ], [ 29.7492, -30.063 ], [ 29.7308, -30.0863 ], [ 29.6976, -30.0758 ], [ 29.6895, -30.0836 ], [ 29.6366, -30.0352 ], [ 29.5948, -30.0437 ], [ 29.5607, -30.0109 ], [ 29.5534, -30.0221 ], [ 29.5326, -30.0037 ], [ 29.5368, -30.0193 ], [ 29.5284, -30.0174 ], [ 29.5059, -29.9889 ], [ 29.4858, -29.9845 ], [ 29.4935, -29.9784 ], [ 29.4812, -29.9787 ], [ 29.4794, -29.9649 ], [ 29.4293, -29.9778 ], [ 29.3769, -29.9387 ], [ 29.2781, -29.9426 ], [ 29.2202, -29.9057 ], [ 29.1588, -29.9068 ], [ 29.1629, -29.8838 ], [ 29.1011, -29.8469 ], [ 29.1316, -29.8259 ], [ 29.1236, -29.7674 ], [ 29.14, -29.7591 ], [ 29.136, -29.7391 ], [ 29.1516, -29.7336 ], [ 29.1452, -29.7164 ], [ 29.1607, -29.7068 ], [ 29.1597, -29.6826 ], [ 29.235, -29.6397 ], [ 29.2823, -29.6427 ], [ 29.2931, -29.6088 ], [ 29.2852, -29.5845 ], [ 29.3163, -29.5831 ], [ 29.3251, -29.5698 ], [ 29.3056, -29.5542 ], [ 29.313, -29.5369 ], [ 29.2932, -29.5172 ], [ 29.3056, -29.5165 ], [ 29.2998, -29.4989 ] ] ] } },
{ "type": "Feature", "properties": { "muni_code": "LIM331" }, "geometry": { "type": "Polygon", "coordinates": [ [ [ 30.6162, -23.3905 ], [ 30.5755, -23.4339 ], [ 30.4826, -23.3419 ], [ 30.4508, -23.371 ], [ 30.4058, -23.3679 ], [ 30.3374, -23.424 ], [ 30.294, -23.3857 ], [ 30.3336, -23.3731 ], [ 30.3691, -23.3102 ], [ 30.335, -23.2494 ], [ 30.4035, -23.2342 ], [ 30.4229, -23.2717 ], [ 30.4281, -23.2558 ], [ 30.4737, -23.2405 ], [ 30.5328, -23.2752 ], [ 30.5221, -23.2187 ], [ 30.5627, -23.1757 ], [ 30.6275, -23.1817 ], [ 30.7281, -23.0722 ], [ 30.7639, -23.0953 ], [ 30.7877, -23.0869 ], [ 30.8057, -23.1048 ], [ 30.8317, -23.0938 ], [ 30.8422, -23.1091 ], [ 30.8326, -23.1173 ], [ 30.8736, -23.1242 ], [ 30.8809, -23.1508 ], [ 30.8988, -23.1373 ], [ 30.9135, -23.1472 ], [ 30.9296, -23.1394 ], [ 30.9446, -23.1794 ], [ 30.9498, -23.1645 ], [ 30.9612, -23.174 ], [ 31.0206, -23.1731 ], [ 31.0362, -23.1969 ], [ 31.0368, -23.1809 ], [ 31.0519, -23.1748 ], [ 31.088, -23.2125 ], [ 31.1262, -23.1705 ], [ 31.1478, -23.1924 ], [ 31.1669, -23.1932 ], [ 31.1638, -23.2073 ], [ 31.2114, -23.2206 ], [ 31.2968, -23.1723 ], [ 31.3427, -23.1642 ], [ 31.3558, -23.1423 ], [ 31.3756, -23.1374 ], [ 31.3851, -23.0959 ], [ 31.4119, -23.0911 ], [ 31.4563, -23.1127 ], [ 31.4583, -23.1418 ], [ 31.5008, -23.1591 ], [ 31.5614, -23.2243 ], [ 31.5198, -23.2158 ], [ 31.491, -23.2515 ], [ 31.4421, -23.2604 ], [ 31.4282, -23.2784 ], [ 31.38, -23.2764 ], [ 31.3532, -23.2966 ], [ 31.318, -23.301 ], [ 31.3199, -23.3673 ], [ 31.2997, -23.3826 ], [ 31.2339, -23.3378 ], [ 31.1735, -23.3502 ], [ 31.1524, -23.3886 ], [ 31.1603, -23.4225 ], [ 31.1491, -23.524 ], [ 31.1209, -23.5451 ], [ 31.123, -23.5805 ], [ 31.1001, -23.5902 ], [ 31.1446, -23.6484 ], [ 31.1154, -23.6538 ], [ 31.1005, -23.6778 ], [ 31.0817, -23.6482 ], [ 31.0485, -23.6423 ], [ 31.0446, -23.6666 ], [ 31.0084, -23.6762 ], [ 30.9714, -23.6649 ], [ 30.9592, -23.6845 ], [ 30.8889, -23.6727 ], [ 30.8681, -23.6875 ], [ 30.8189, -23.6842 ], [ 30.7632, -23.7004 ], [ 30.7335, -23.641 ], [ 30.7157, -23.6481 ], [ 30.6249, -23.5967 ], [ 30.6889, -23.4554 ], [ 30.6162, -23.3905 ] ] ] } },
{ "type": "Feature", "properties": { "muni_code": "LIM332" }, "geometry": { "type": "Polygon", "coordinates": [ [ [ 30.2731, -23.3517 ], [ 30.3374, -23.424 ], [ 30.4058, -23.3679 ], [ 30.4508, -23.371 ], [ 30.4826, -23.3419 ], [ 30.5755, -23.4339 ], [ 30.6174, -23.389 ], [ 30.6889, -23.4554 ], [ 30.6249, -23.5967 ], [ 30.6019, -23.5621 ], [ 30.5628, -23.5524 ], [ 30.4748, -23.5691 ], [ 30.4503, -23.5486 ], [ 30.4191, -23.573 ], [ 30.3924, -23.5708 ], [ 30.3764, -23.5839 ], [ 30.3952, -23.6208 ], [ 30.3421, -23.6358 ], [ 30.3061, -23.6316 ], [ 30.2876, -23.6465 ], [ 30.2907, -23.6572 ], [ 30.2516, -23.6794 ], [ 30.2012, -23.7537 ], [ 30.1845, -23.743 ], [ 30.1546, -23.7608 ], [ 30.1594, -23.7358 ], [ 30.1423, -23.7429 ], [ 30.1338, -23.7257 ], [ 30.1106, -23.7334 ], [ 30.0818, -23.6914 ], [ 30.0733, -23.6979 ], [ 30.0633, -23.6869 ], [ 30.0499, -23.7062 ], [ 30.0286, -23.6672 ], [ 30.0491, -23.6461 ], [ 30.0254, -23.6247 ], [ 29.9611, -23.6601 ], [ 29.949, -23.6277 ], [ 30.0364, -23.573 ], [ 30.0473, -23.5352 ], [ 30.0131, -23.5016 ], [ 30.027, -23.4899 ], [ 30.018, -23.4634 ], [ 29.9973, -23.4699 ], [ 30.0194, -23.4313 ], [ 30.0433, -23.4257 ], [ 30.0377, -23.3387 ], [ 30.0636, -23.3368 ], [ 30.0472, -23.3698 ], [ 30.0909, -23.3473 ], [ 30.1468, -23.3414 ], [ 30.1516, -23.3138 ], [ 30.2343, -23.3085 ], [ 30.2686, -23.3244 ], [ 30.2731, -23.3517 ] ] ] } },
{ "type": "Feature", "properties": { "muni_code": "LIM333" }, "geometry": { "type": "Polygon", "coordinates": [ [ [ 30.3952, -23.6208 ], [ 30.3759, -23.5848 ], [ 30.3877, -23.573 ], [ 30.4191, -23.573 ], [ 30.4503, -23.5486 ], [ 30.4748, -23.5691 ], [ 30.5628, -23.5524 ], [ 30.6019, -23.5621 ], [ 30.6249, -23.5967 ], [ 30.6135, -23.6332 ], [ 30.492, -23.7138 ], [ 30.51, -23.7316 ], [ 30.5262, -23.7281 ], [ 30.537, -23.7683 ], [ 30.5315, -23.8049 ], [ 30.5857, -23.8474 ], [ 30.5079, -23.8657 ], [ 30.5131, -23.8867 ], [ 30.555, -23.8909 ], [ 30.5574, -23.9415 ], [ 30.5234, -23.9494 ], [ 30.5209, -23.9766 ], [ 30.4801, -23.9809 ], [ 30.4533, -23.9583 ], [ 30.4059, -24.0312 ], [ 30.4494, -24.0641 ], [ 30.4237, -24.1075 ], [ 30.3801, -24.0691 ], [ 30.3215, -24.1297 ], [ 30.2949, -24.0959 ], [ 30.2383, -24.1393 ], [ 30.2156, -24.0857 ], [ 30.0745, -24.012 ], [ 30.0431, -23.9725 ], [ 29.9975, -24.0007 ], [ 29.901, -23.9636 ], [ 29.8948, -23.9438 ], [ 29.8637, -23.9514 ], [ 29.8544, -23.9219 ], [ 29.8851, -23.9139 ], [ 29.897, -23.8973 ], [ 29.8979, -23.8626 ], [ 29.8865, -23.8551 ], [ 29.8968, -23.8277 ], [ 29.8791, -23.8228 ], [ 29.9282, -23.7977 ], [ 29.9182, -23.7602 ], [ 29.8884, -23.7416 ], [ 29.8879, -23.6794 ], [ 29.8979, -23.6701 ], [ 29.9611, -23.6601 ], [ 30.0254, -23.6247 ], [ 30.0491, -23.6461 ], [ 30.0286, -23.6672 ], [ 30.0499, -23.7062 ], [ 30.0633, -23.6869 ], [ 30.0733, -23.6979 ], [ 30.0818, -23.6914 ], [ 30.1106, -23.7334 ], [ 30.1338, -23.7257 ], [ 30.1423, -23.7429 ], [ 30.1594, -23.7358 ], [ 30.1546, -23.7608 ], [ 30.1845, -23.743 ], [ 30.2012, -23.7537 ], [ 30.2516, -23.6794 ], [ 30.2907, -23.6572 ], [ 30.2876, -23.6465 ], [ 30.3061, -23.6316 ], [ 30.3421, -23.6358 ], [ 30.3952, -23.6208 ] ] ] } },
{ "type": "Feature", "properties": { "muni_code": "LIM334" }, "geometry": { "type": "Polygon", "coordinates": [ [ [ 31.5198, -23.2158 ], [ 31.5612, -23.2269 ], [ 31.5507, -23.4103 ], [ 31.561, -23.482 ], [ 31.6905, -23.6294 ], [ 31.6974, -23.7219 ], [ 31.7692, -23.8878 ], [ 31.8807, -23.9551 ], [ 31.8838, -23.9846 ], [ 31.825, -23.9862 ], [ 31.8125, -23.9993 ], [ 31.77, -23.9832 ], [ 31.7349, -24.0113 ], [ 31.7358, -24.0461 ], [ 31.7019, -24.0599 ], [ 31.68, -24.0567 ], [ 31.6593, -24.0141 ], [ 31.6209, -24.0233 ], [ 31.5981, -24.0563 ], [ 31.5682, -24.0331 ], [ 31.5291, -24.0567 ], [ 31.4409, -24.021 ], [ 31.4339, -24.0495 ], [ 31.399, -24.0676 ], [ 31.3791, -24.0523 ], [ 31.36, -24.0712 ], [ 31.3206, -24.0826 ], [ 31.2935, -24.0744 ], [ 31.2572, -24.1011 ], [ 31.2347, -24.0576 ], [ 31.1908, -24.0311 ], [ 31.1471, -24.0697 ], [ 31.1009, -24.0708 ], [ 31.0343, -24.0966 ], [ 31.0318, -24.1154 ], [ 31.0127, -24.1294 ], [ 30.9762, -24.0902 ], [ 31.0074, -24.072 ], [ 30.9937, -24.0427 ], [ 30.9402, -24.053 ], [ 30.9237, -24.0367 ], [ 30.9084, -24.0759 ], [ 30.8463, -24.0983 ], [ 30.8391, -24.0859 ], [ 30.7762, -24.0918 ], [ 30.6755, -24.1459 ], [ 30.4801, -23.9809 ], [ 30.5209, -23.9766 ], [ 30.5234, -23.9494 ], [ 30.5574, -23.9415 ], [ 30.555, -23.8909 ], [ 30.5131, -23.8867 ], [ 30.5079, -23.8657 ], [ 30.5857, -23.8474 ], [ 30.5315, -23.8049 ], [ 30.537, -23.7683 ], [ 30.5262, -23.7281 ], [ 30.51, -23.7316 ], [ 30.492, -23.7138 ], [ 30.6135, -23.6332 ], [ 30.6249, -23.5967 ], [ 30.7157, -23.6481 ], [ 30.7335, -23.641 ], [ 30.7638, -23.7006 ], [ 30.8189, -23.6842 ], [ 30.8681, -23.6875 ], [ 30.8889, -23.6727 ], [ 30.9592, -23.6845 ], [ 30.9714, -23.6649 ], [ 31.0084, -23.6762 ], [ 31.0446, -23.6666 ], [ 31.0485, -23.6423 ], [ 31.0783, -23.646 ], [ 31.1073, -23.6759 ], [ 31.1154, -23.6538 ], [ 31.1446, -23.6484 ], [ 31.1001, -23.5902 ], [ 31.123, -23.5805 ], [ 31.1209, -23.5451 ], [ 31.1491, -23.524 ], [ 31.1603, -23.4225 ], [ 31.1524, -23.3886 ], [ 31.1735, -23.3502 ], [ 31.2339, -23.3378 ], [ 31.2997, -23.3826 ], [ 31.3199, -23.3673 ], [ 31.318, -23.301 ], [ 31.3532, -23.2966 ], [ 31.38, -23.2764 ], [ 31.425, -23.2796 ], [ 31.4421, -23.2604 ], [ 31.491, -23.2515 ], [ 31.5198, -23.2158 ] ] ] } },
{ "type": "Feature", "properties": { "muni_code": "LIM335" }, "geometry": { "type": "Polygon", "coordinates": [ [ [ 30.4533, -23.9583 ], [ 30.6755, -24.1459 ], [ 30.7762, -24.0918 ], [ 30.8391, -24.0859 ], [ 30.8463, -24.0983 ], [ 30.9084, -24.0759 ], [ 30.9237, -24.0367 ], [ 30.9402, -24.053 ], [ 30.9937, -24.0427 ], [ 31.0074, -24.072 ], [ 30.9762, -24.0902 ], [ 31.0127, -24.1294 ], [ 31.0362, -24.0957 ], [ 31.1206, -24.0903 ], [ 31.1151, -24.1192 ], [ 31.0961, -24.1174 ], [ 31.1073, -24.1457 ], [ 31.0499, -24.1873 ], [ 31.056, -24.3219 ], [ 31.1525, -24.3187 ], [ 31.2001, -24.3049 ], [ 31.242, -24.3654 ], [ 31.16, -24.3756 ], [ 31.1599, -24.4374 ], [ 31.2032, -24.4265 ], [ 31.2537, -24.4991 ], [ 31.2262, -24.556 ], [ 30.9593, -24.5821 ], [ 30.9543, -24.5213 ], [ 30.8717, -24.5385 ], [ 30.7993, -24.4989 ], [ 30.759, -24.4602 ], [ 30.6418, -24.4509 ], [ 30.6183, -24.433 ], [ 30.5658, -24.4472 ], [ 30.5557, -24.4245 ], [ 30.5408, -24.445 ], [ 30.5182, -24.4056 ], [ 30.4092, -24.3336 ], [ 30.3662, -24.2831 ], [ 30.3474, -24.2225 ], [ 30.3372, -24.234 ], [ 30.2753, -24.213 ], [ 30.3091, -24.19 ], [ 30.2755, -24.1705 ], [ 30.3801, -24.0691 ], [ 30.4237, -24.1075 ], [ 30.4494, -24.0641 ], [ 30.4059, -24.0312 ], [ 30.4533, -23.9583 ] ] ] } },
{ "type": "Feature", "properties": { "muni_code": "LIM341" }, "geometry": { "type": "Polygon", "coordinates": [ [ [ 31.0702, -22.4573 ], [ 31.0504, -22.4911 ], [ 31.0571, -22.5004 ], [ 31.022, -22.5214 ], [ 30.9977, -22.4954 ], [ 30.9357, -22.4935 ], [ 30.9106, -22.4756 ], [ 30.8854, -22.4812 ], [ 30.8798, -22.5144 ], [ 30.8255, -22.492 ], [ 30.8174, -22.5293 ], [ 30.7943, -22.5497 ], [ 30.8074, -22.5864 ], [ 30.767, -22.6054 ], [ 30.7753, -22.6076 ], [ 30.7614, -22.6295 ], [ 30.72, -22.6469 ], [ 30.6695, -22.6115 ], [ 30.6057, -22.6276 ], [ 30.5599, -22.6192 ], [ 30.5812, -22.6583 ], [ 30.5369, -22.6601 ], [ 30.5272, -22.634 ], [ 30.5091, -22.6574 ], [ 30.4916, -22.6461 ], [ 30.445, -22.661 ], [ 30.396, -22.6249 ], [ 30.2142, -22.6852 ], [ 30.2267, -22.6926 ], [ 30.1342, -22.6896 ], [ 30.1383, -22.7196 ], [ 30.0625, -22.6981 ], [ 30.0586, -22.7113 ], [ 30.0213, -22.6759 ], [ 29.9859, -22.693 ], [ 29.962, -22.6777 ], [ 29.9363, -22.6919 ], [ 29.9282, -22.6648 ], [ 29.8765, -22.6885 ], [ 29.8847, -22.7102 ], [ 29.7985, -22.7581 ], [ 29.7879, -22.7004 ], [ 29.7638, -22.6712 ], [ 29.748, -22.6803 ], [ 29.6533, -22.6683 ], [ 29.5385, -22.6151 ], [ 29.4741, -22.5996 ], [ 29.4822, -22.6313 ], [ 29.4216, -22.6249 ], [ 29.4238, -22.6393 ], [ 29.3687, -22.652 ], [ 29.3088, -22.602 ], [ 29.308, -22.6128 ], [ 29.2774, -22.6115 ], [ 29.2836, -22.6194 ], [ 29.2094, -22.6628 ], [ 29.1659, -22.5531 ], [ 29.1073, -22.5393 ], [ 28.9791, -22.5811 ], [ 28.9329, -22.5211 ], [ 28.902, -22.512 ], [ 28.9714, -22.377 ], [ 28.9666, -22.3075 ], [ 29.0028, -22.2747 ], [ 29.0142, -22.2309 ], [ 29.0352, -22.2169 ], [ 29.15, -22.2159 ], [ 29.2189, -22.1781 ], [ 29.2577, -22.1934 ], [ 29.3206, -22.187 ], [ 29.3338, -22.2048 ], [ 29.4641, -22.1661 ], [ 29.5265, -22.1782 ], [ 29.5392, -22.1527 ], [ 29.5802, -22.1409 ], [ 29.6102, -22.1557 ], [ 29.6544, -22.125 ], [ 29.6726, -22.1388 ], [ 29.7736, -22.1414 ], [ 29.8052, -22.1655 ], [ 29.8599, -22.1752 ], [ 29.8845, -22.1946 ], [ 29.9257, -22.1899 ], [ 29.9699, -22.2242 ], [ 30.0176, -22.2289 ], [ 30.0256, -22.2536 ], [ 30.0581, -22.2571 ], [ 30.1262, -22.3111 ], [ 30.2311, -22.2959 ], [ 30.2902, -22.3563 ], [ 30.3822, -22.3509 ], [ 30.4894, -22.3164 ], [ 30.5528, -22.3316 ], [ 30.5947, -22.3197 ], [ 30.6317, -22.3363 ], [ 30.6633, -22.311 ], [ 30.7086, -22.3171 ], [ 30.8354, -22.292 ], [ 30.8823, -22.3048 ], [ 30.9301, -22.3013 ], [ 30.9809, -22.3276 ], [ 30.9997, -22.3164 ], [ 31.0891, -22.3491 ], [ 31.0661, -22.4195 ], [ 31.0702, -22.4573 ] ] ] } },
{ "type": "Feature", "properties": { "muni_code": "LIM343" }, "geometry": { "type": "Polygon", "coordinates": [ [ [ 30.9106, -22.4756 ], [ 30.9357, -22.4935 ], [ 31.0089, -22.5026 ], [ 30.9919, -22.5028 ], [ 30.9581, -22.5489 ], [ 30.965, -22.5746 ], [ 30.9944, -22.5917 ], [ 30.9908, -22.6062 ], [ 30.956, -22.6263 ], [ 30.9577, -22.636 ], [ 30.9312, -22.6412 ], [ 30.922, -22.674 ], [ 30.8979, -22.682 ], [ 30.908, -22.6919 ], [ 30.8794, -22.7381 ], [ 30.8941, -22.7632 ], [ 30.8744, -22.7775 ], [ 30.8547, -22.7734 ], [ 30.8471, -22.7925 ], [ 30.8263, -22.7817 ], [ 30.8083, -22.7887 ], [ 30.7754, -22.8295 ], [ 30.705, -22.8585 ], [ 30.696, -22.9023 ], [ 30.6453, -22.9568 ], [ 30.5588, -22.9931 ], [ 30.505, -22.9964 ], [ 30.4965, -23.0339 ], [ 30.4614, -23.0793 ], [ 30.4101, -23.0947 ], [ 30.3921, -23.0578 ], [ 30.3736, -23.0572 ], [ 30.3587, -23.0279 ], [ 30.3123, -23.0239 ], [ 30.3221, -23.0154 ], [ 30.2884, -22.992 ], [ 30.3077, -22.974 ], [ 30.2221, -22.9601 ], [ 30.1648, -22.925 ], [ 30.1849, -22.9052 ], [ 30.2005, -22.9109 ], [ 30.207, -22.8886 ], [ 30.1874, -22.8847 ], [ 30.2042, -22.7792 ], [ 30.2693, -22.7241 ], [ 30.3237, -22.6532 ], [ 30.396, -22.6249 ], [ 30.4353, -22.6596 ], [ 30.4916, -22.6461 ], [ 30.5091, -22.6574 ], [ 30.5272, -22.634 ], [ 30.5369, -22.6601 ], [ 30.5812, -22.6583 ], [ 30.5599, -22.6192 ], [ 30.6057, -22.6276 ], [ 30.6695, -22.6115 ], [ 30.7209, -22.6466 ], [ 30.7614, -22.6295 ], [ 30.7753, -22.6076 ], [ 30.767, -22.6054 ], [ 30.8074, -22.5864 ], [ 30.7942, -22.5501 ], [ 30.818, -22.5282 ], [ 30.8216, -22.4952 ], [ 30.8442, -22.4916 ], [ 30.8444, -22.5041 ], [ 30.8798, -22.5144 ], [ 30.8854, -22.4812 ], [ 30.9106, -22.4756 ] ] ] } },
{ "type": "Feature", "properties": { "muni_code": "LIM344" }, "geometry": { "type": "Polygon", "coordinates": [ [ [ 29.4741, -22.5996 ], [ 29.6533, -22.6683 ], [ 29.748, -22.6803 ], [ 29.7638, -22.6712 ], [ 29.7879, -22.7004 ], [ 29.7985, -22.7581 ], [ 29.8847, -22.7102 ], [ 29.8765, -22.6885 ], [ 29.9282, -22.6648 ], [ 29.9363, -22.6919 ], [ 29.962, -22.6777 ], [ 29.9859, -22.693 ], [ 30.0213, -22.6759 ], [ 30.0586, -22.7113 ], [ 30.0625, -22.6981 ], [ 30.1383, -22.7196 ], [ 30.1342, -22.6896 ], [ 30.2267, -22.6926 ], [ 30.2142, -22.6852 ], [ 30.2882, -22.6537 ], [ 30.3237, -22.6532 ], [ 30.2693, -22.7241 ], [ 30.2042, -22.7792 ], [ 30.1874, -22.8847 ], [ 30.207, -22.8886 ], [ 30.2005, -22.9109 ], [ 30.1849, -22.9052 ], [ 30.1648, -22.925 ], [ 30.2221, -22.9601 ], [ 30.3077, -22.974 ], [ 30.2884, -22.992 ], [ 30.3221, -23.0154 ], [ 30.3123, -23.0239 ], [ 30.3587, -23.0279 ], [ 30.3736, -23.0572 ], [ 30.3921, -23.0578 ], [ 30.4212, -23.1186 ], [ 30.4087, -23.132 ], [ 30.3717, -23.1284 ], [ 30.3752, -23.1182 ], [ 30.3192, -23.0879 ], [ 30.3115, -23.117 ], [ 30.2465, -23.1191 ], [ 30.1898, -23.1582 ], [ 30.2016, -23.2005 ], [ 30.1655, -23.2072 ], [ 30.1881, -23.2306 ], [ 30.2186, -23.2234 ], [ 30.2453, -23.2537 ], [ 30.1596, -23.2563 ], [ 30.1468, -23.3414 ], [ 30.0909, -23.3473 ], [ 30.0472, -23.3698 ], [ 30.0636, -23.3368 ], [ 29.9972, -23.3375 ], [ 29.9838, -23.3831 ], [ 29.9481, -23.3857 ], [ 29.9349, -23.3715 ], [ 29.9281, -23.4022 ], [ 29.9, -23.4023 ], [ 29.8942, -23.4189 ], [ 29.8784, -23.4061 ], [ 29.8668, -23.4374 ], [ 29.8096, -23.4266 ], [ 29.7419, -23.4353 ], [ 29.7401, -23.4058 ], [ 29.7117, -23.4215 ], [ 29.6379, -23.401 ], [ 29.616, -23.4259 ], [ 29.6185, -23.3891 ], [ 29.6004, -23.372 ], [ 29.6228, -23.327 ], [ 29.5914, -23.2928 ], [ 29.5919, -23.2683 ], [ 29.4277, -23.28 ], [ 29.4405, -23.2463 ], [ 29.358, -23.2388 ], [ 29.3155, -23.2515 ], [ 29.2678, -23.2386 ], [ 29.2932, -23.204 ], [ 29.2629, -23.1979 ], [ 29.2729, -23.1698 ], [ 29.2517, -23.1071 ], [ 29.2825, -23.1148 ], [ 29.2727, -23.0881 ], [ 29.3102, -23.0738 ], [ 29.2845, -23.0023 ], [ 29.2938, -22.9731 ], [ 29.2574, -22.9925 ], [ 29.2464, -22.9384 ], [ 29.1833, -22.9736 ], [ 29.167, -22.9178 ], [ 29.2229, -22.8074 ], [ 29.2449, -22.7353 ], [ 29.2047, -22.7126 ], [ 29.2402, -22.6858 ], [ 29.2094, -22.6628 ], [ 29.2836, -22.6194 ], [ 29.2774, -22.6115 ], [ 29.308, -22.6128 ], [ 29.3088, -22.602 ], [ 29.3687, -22.652 ], [ 29.4238, -22.6393 ], [ 29.4216, -22.6249 ], [ 29.4822, -22.6313 ], [ 29.4741, -22.5996 ] ] ] } },
{ "type": "Feature", "properties": { "muni_code": "LIM345" }, "geometry": { "type": "Polygon", "coordinates": [ [ [ 31.1636, -22.3286 ], [ 31.2131, -22.3687 ], [ 31.2685, -22.3676 ], [ 31.3094, -22.422 ], [ 31.5458, -23.1372 ], [ 31.5614, -23.2243 ], [ 31.5008, -23.1591 ], [ 31.4583, -23.1418 ], [ 31.4563, -23.1127 ], [ 31.4119, -23.0911 ], [ 31.3851, -23.0959 ], [ 31.3756, -23.1374 ], [ 31.3558, -23.1423 ], [ 31.3427, -23.1642 ], [ 31.2968, -23.1723 ], [ 31.2114, -23.2206 ], [ 31.1638, -23.2073 ], [ 31.1669, -23.1932 ], [ 31.1478, -23.1924 ], [ 31.1262, -23.1705 ], [ 31.088, -23.2125 ], [ 31.0519, -23.1748 ], [ 31.0368, -23.1809 ], [ 31.0362, -23.1969 ], [ 31.0206, -23.1731 ], [ 30.9612, -23.174 ], [ 30.9498, -23.1645 ], [ 30.9446, -23.1794 ], [ 30.9296, -23.1394 ], [ 30.9135, -23.1472 ], [ 30.8988, -23.1373 ], [ 30.8809, -23.1508 ], [ 30.8736, -23.1242 ], [ 30.8326, -23.1173 ], [ 30.8422, -23.1091 ], [ 30.8317, -23.0938 ], [ 30.8057, -23.1048 ], [ 30.7877, -23.0869 ], [ 30.7639, -23.0953 ], [ 30.7281, -23.0722 ], [ 30.6275, -23.1817 ], [ 30.5627, -23.1757 ], [ 30.5221, -23.2187 ], [ 30.5328, -23.2752 ], [ 30.4737, -23.2405 ], [ 30.4281, -23.2558 ], [ 30.4229, -23.2717 ], [ 30.4035, -23.2342 ], [ 30.335, -23.2494 ], [ 30.3691, -23.3102 ], [ 30.3286, -23.3776 ], [ 30.294, -23.3857 ], [ 30.2686, -23.3244 ], [ 30.2343, -23.3085 ], [ 30.1516, -23.3138 ], [ 30.1596, -23.2563 ], [ 30.2453, -23.2537 ], [ 30.2186, -23.2234 ], [ 30.1881, -23.2306 ], [ 30.1655, -23.2072 ], [ 30.2016, -23.2005 ], [ 30.1898, -23.1582 ], [ 30.2468, -23.119 ], [ 30.3115, -23.117 ], [ 30.3192, -23.0879 ], [ 30.3752, -23.1182 ], [ 30.37, -23.1277 ], [ 30.4144, -23.13 ], [ 30.4127, -23.0903 ], [ 30.4614, -23.0793 ], [ 30.4784, -23.0633 ], [ 30.505, -22.9964 ], [ 30.5588, -22.9931 ], [ 30.6453, -22.9568 ], [ 30.696, -22.9023 ], [ 30.7053, -22.8583 ], [ 30.7754, -22.8295 ], [ 30.8083, -22.7887 ], [ 30.8263, -22.7817 ], [ 30.8471, -22.7925 ], [ 30.8547, -22.7734 ], [ 30.8917, -22.7659 ], [ 30.8794, -22.7381 ], [ 30.908, -22.6919 ], [ 30.8984, -22.681 ], [ 30.922, -22.674 ], [ 30.9312, -22.6412 ], [ 30.9588, -22.6354 ], [ 30.9553, -22.6271 ], [ 30.9943, -22.5985 ], [ 30.9583, -22.5557 ], [ 30.9715, -22.5222 ], [ 30.9929, -22.5022 ], [ 31.022, -22.5214 ], [ 31.0571, -22.5004 ], [ 31.0504, -22.4911 ], [ 31.0706, -22.4657 ], [ 31.0661, -22.4195 ], [ 31.0891, -22.3491 ], [ 31.1636, -22.3286 ] ] ] } },
{ "type": "Feature", "properties": { "muni_code": "LIM351" }, "geometry": { "type": "Polygon", "coordinates": [ [ [ 28.9233, -22.457 ], [ 28.902, -22.512 ], [ 28.9329, -22.5211 ], [ 28.9791, -22.5811 ], [ 29.1073, -22.5393 ], [ 29.1659, -22.5531 ], [ 29.2094, -22.6628 ], [ 29.2402, -22.6858 ], [ 29.2047, -22.7126 ], [ 29.2449, -22.7353 ], [ 29.2229, -22.8074 ], [ 29.167, -22.9178 ], [ 29.1741, -22.946 ], [ 29.1833, -22.9736 ], [ 29.2464, -22.9384 ], [ 29.2574, -22.9925 ], [ 29.2938, -22.9731 ], [ 29.2845, -23.0023 ], [ 29.3102, -23.0738 ], [ 29.2727, -23.0881 ], [ 29.2825, -23.1148 ], [ 29.2517, -23.1071 ], [ 29.2729, -23.1698 ], [ 29.2629, -23.1979 ], [ 29.2932, -23.204 ], [ 29.2678, -23.2386 ], [ 29.2371, -23.2453 ], [ 29.2355, -23.2631 ], [ 29.2203, -23.259 ], [ 29.2009, -23.2906 ], [ 29.1631, -23.2769 ], [ 29.1572, -23.3188 ], [ 29.0821, -23.3 ], [ 29.0263, -23.3765 ], [ 29.0769, -23.3886 ], [ 29.0663, -23.4228 ], [ 29.0758, -23.4705 ], [ 29.0541, -23.5515 ], [ 29.0665, -23.5543 ], [ 29.0102, -23.6205 ], [ 28.9824, -23.6109 ], [ 28.9101, -23.5445 ], [ 28.7358, -23.3309 ], [ 28.6851, -23.3361 ], [ 28.6597, -23.3857 ], [ 28.5959, -23.4047 ], [ 28.593, -23.3785 ], [ 28.5658, -23.3769 ], [ 28.5396, -23.351 ], [ 28.4975, -23.345 ], [ 28.474, -23.3122 ], [ 28.4133, -23.3517 ], [ 28.377, -23.2999 ], [ 28.351, -23.304 ], [ 28.3555, -23.2835 ], [ 28.3201, -23.204 ], [ 28.3533, -23.1841 ], [ 28.3371, -23.1228 ], [ 28.2912, -23.091 ], [ 28.2518, -23.1087 ], [ 28.2243, -23.0493 ], [ 28.2211, -23.0014 ], [ 28.2452, -22.998 ], [ 28.2346, -22.967 ], [ 28.2001, -22.9314 ], [ 28.1827, -22.9492 ], [ 28.1476, -22.916 ], [ 28.1692, -22.9059 ], [ 28.1313, -22.8788 ], [ 28.1534, -22.8692 ], [ 28.1135, -22.845 ], [ 28.1352, -22.8324 ], [ 28.0969, -22.8111 ], [ 28.1624, -22.7559 ], [ 28.1583, -22.7223 ], [ 28.1826, -22.6886 ], [ 28.2097, -22.6645 ], [ 28.2463, -22.6566 ], [ 28.2777, -22.6155 ], [ 28.3257, -22.5971 ], [ 28.3446, -22.5726 ], [ 28.4798, -22.571 ], [ 28.5144, -22.5892 ], [ 28.5641, -22.561 ], [ 28.6413, -22.558 ], [ 28.7381, -22.5043 ], [ 28.8311, -22.4883 ], [ 28.8297, -22.4646 ], [ 28.8561, -22.4512 ], [ 28.9233, -22.457 ] ] ] } },
{ "type": "Feature", "properties": { "muni_code": "LIM353" }, "geometry": { "type": "Polygon", "coordinates": [ [ [ 29.2552, -23.2345 ], [ 29.4405, -23.2463 ], [ 29.4277, -23.28 ], [ 29.5919, -23.2683 ], [ 29.5914, -23.2928 ], [ 29.6228, -23.327 ], [ 29.6004, -23.372 ], [ 29.6185, -23.3891 ], [ 29.6092, -23.4088 ], [ 29.6178, -23.4265 ], [ 29.6379, -23.401 ], [ 29.7117, -23.4215 ], [ 29.7401, -23.4058 ], [ 29.7419, -23.4353 ], [ 29.8096, -23.4266 ], [ 29.8668, -23.4374 ], [ 29.8784, -23.4061 ], [ 29.8942, -23.4189 ], [ 29.9, -23.4023 ], [ 29.9281, -23.4022 ], [ 29.9349, -23.3715 ], [ 29.9481, -23.3857 ], [ 29.9838, -23.3831 ], [ 29.9972, -23.3375 ], [ 30.0377, -23.3387 ], [ 30.0433, -23.4257 ], [ 30.0194, -23.4313 ], [ 29.9973, -23.4699 ], [ 30.018, -23.4634 ], [ 30.027, -23.4899 ], [ 30.0131, -23.5016 ], [ 30.0473, -23.5352 ], [ 30.0364, -23.573 ], [ 29.949, -23.6277 ], [ 29.9611, -23.6601 ], [ 29.8979, -23.6701 ], [ 29.8457, -23.6962 ], [ 29.8258, -23.7268 ], [ 29.7952, -23.6808 ], [ 29.7398, -23.6996 ], [ 29.7362, -23.716 ], [ 29.676, -23.7513 ], [ 29.5476, -23.806 ], [ 29.5321, -23.7805 ], [ 29.5008, -23.8114 ], [ 29.4659, -23.7635 ], [ 29.4644, -23.7115 ], [ 29.4459, -23.7127 ], [ 29.4345, -23.6962 ], [ 29.4243, -23.6576 ], [ 29.4326, -23.6246 ], [ 29.3554, -23.64 ], [ 29.3363, -23.5946 ], [ 29.3365, -23.577 ], [ 29.3637, -23.5665 ], [ 29.348, -23.5272 ], [ 29.2446, -23.5464 ], [ 29.223, -23.5621 ], [ 29.2266, -23.58 ], [ 29.1965, -23.5846 ], [ 29.0541, -23.5515 ], [ 29.0758, -23.4705 ], [ 29.0663, -23.4228 ], [ 29.0769, -23.3886 ], [ 29.0263, -23.3766 ], [ 29.0565, -23.3314 ], [ 29.0821, -23.3 ], [ 29.1572, -23.3188 ], [ 29.1631, -23.2769 ], [ 29.2009, -23.2906 ], [ 29.2203, -23.259 ], [ 29.2355, -23.2631 ], [ 29.2371, -23.2453 ], [ 29.2511, -23.2487 ], [ 29.2552, -23.2345 ] ] ] } },
{ "type": "Feature", "properties": { "muni_code": "LIM354" }, "geometry": { "type": "Polygon", "coordinates": [ [ [ 29.0665, -23.5543 ], [ 29.2266, -23.58 ], [ 29.223, -23.5621 ], [ 29.2446, -23.5464 ], [ 29.348, -23.5272 ], [ 29.3637, -23.5665 ], [ 29.3365, -23.577 ], [ 29.3363, -23.5946 ], [ 29.3554, -23.64 ], [ 29.4326, -23.6246 ], [ 29.4243, -23.6576 ], [ 29.4345, -23.6962 ], [ 29.4459, -23.7127 ], [ 29.4644, -23.7115 ], [ 29.4659, -23.7635 ], [ 29.5008, -23.8114 ], [ 29.5321, -23.7805 ], [ 29.5476, -23.806 ], [ 29.676, -23.7513 ], [ 29.7362, -23.716 ], [ 29.7398, -23.6996 ], [ 29.7952, -23.6808 ], [ 29.8258, -23.7268 ], [ 29.8457, -23.6962 ], [ 29.8879, -23.6794 ], [ 29.8884, -23.7416 ], [ 29.9182, -23.7602 ], [ 29.9282, -23.7977 ], [ 29.8791, -23.8228 ], [ 29.8968, -23.8277 ], [ 29.8865, -23.8551 ], [ 29.8979, -23.8626 ], [ 29.897, -23.8973 ], [ 29.8851, -23.9139 ], [ 29.8544, -23.9219 ], [ 29.8637, -23.9514 ], [ 29.8101, -23.9685 ], [ 29.8273, -24.0406 ], [ 29.7421, -24.0925 ], [ 29.7796, -24.1079 ], [ 29.7201, -24.1133 ], [ 29.6062, -24.1765 ], [ 29.3323, -24.2969 ], [ 29.318, -24.2739 ], [ 29.288, -24.2951 ], [ 29.2665, -24.2839 ], [ 29.2224, -24.2285 ], [ 29.2106, -24.2587 ], [ 29.189, -24.2569 ], [ 29.1917, -24.1703 ], [ 29.2342, -24.1454 ], [ 29.23, -24.1091 ], [ 29.1879, -24.0929 ], [ 29.1853, -24.0704 ], [ 29.1622, -24.0793 ], [ 29.1527, -24.0648 ], [ 29.1994, -24.0137 ], [ 29.1485, -24.0091 ], [ 29.0934, -23.9847 ], [ 29.0449, -23.9056 ], [ 29.0055, -23.8982 ], [ 28.9821, -23.8778 ], [ 28.9984, -23.8412 ], [ 28.9214, -23.8112 ], [ 28.9054, -23.8586 ], [ 28.8775, -23.8645 ], [ 28.8432, -23.834 ], [ 28.8549, -23.8068 ], [ 28.8482, -23.7901 ], [ 28.8844, -23.7847 ], [ 28.8578, -23.7572 ], [ 28.8788, -23.6972 ], [ 28.8755, -23.6466 ], [ 28.9314, -23.5983 ], [ 28.9692, -23.5978 ], [ 29.0102, -23.6205 ], [ 29.0665, -23.5543 ] ] ] } },
{ "type": "Feature", "properties": { "muni_code": "LIM355" }, "geometry": { "type": "Polygon", "coordinates": [ [ [ 30.3215, -24.1297 ], [ 30.2755, -24.1705 ], [ 30.3091, -24.19 ], [ 30.2753, -24.213 ], [ 30.3372, -24.234 ], [ 30.3474, -24.2225 ], [ 30.3662, -24.2831 ], [ 30.325, -24.3107 ], [ 30.2743, -24.3205 ], [ 30.2376, -24.2834 ], [ 30.2002, -24.288 ], [ 30.1799, -24.3047 ], [ 30.1634, -24.2996 ], [ 30.1436, -24.2887 ], [ 30.1405, -24.2478 ], [ 30.0707, -24.2389 ], [ 30.0411, -24.2068 ], [ 30.0154, -24.204 ], [ 29.9823, -24.2091 ], [ 29.9744, -24.2255 ], [ 29.8752, -24.2221 ], [ 29.8746, -24.2476 ], [ 29.8152, -24.2483 ], [ 29.8, -24.2683 ], [ 29.7672, -24.2736 ], [ 29.7544, -24.2965 ], [ 29.7586, -24.3246 ], [ 29.7449, -24.33 ], [ 29.7679, -24.3532 ], [ 29.7375, -24.3857 ], [ 29.7379, -24.4233 ], [ 29.7203, -24.4582 ], [ 29.6895, -24.4692 ], [ 29.6676, -24.4623 ], [ 29.6478, -24.4824 ], [ 29.6221, -24.4763 ], [ 29.6166, -24.4601 ], [ 29.5975, -24.4681 ], [ 29.5628, -24.5041 ], [ 29.5649, -24.5232 ], [ 29.5456, -24.5284 ], [ 29.5502, -24.5521 ], [ 29.4803, -24.6058 ], [ 29.4708, -24.6406 ], [ 29.4498, -24.6304 ], [ 29.434, -24.5987 ], [ 29.4005, -24.6085 ], [ 29.3872, -24.5743 ], [ 29.3575, -24.5881 ], [ 29.3345, -24.5558 ], [ 29.2536, -24.3754 ], [ 29.2595, -24.3372 ], [ 29.1122, -24.3741 ], [ 29.0509, -24.3711 ], [ 29.0632, -24.2998 ], [ 29.0441, -24.298 ], [ 29.032, -24.2478 ], [ 29.0727, -24.2064 ], [ 29.0995, -24.2321 ], [ 29.148, -24.2238 ], [ 29.1688, -24.2702 ], [ 29.2106, -24.2587 ], [ 29.2224, -24.2285 ], [ 29.2665, -24.2839 ], [ 29.288, -24.2951 ], [ 29.318, -24.2739 ], [ 29.3323, -24.2969 ], [ 29.6062, -24.1765 ], [ 29.7201, -24.1133 ], [ 29.7796, -24.1079 ], [ 29.7421, -24.0925 ], [ 29.8273, -24.0406 ], [ 29.8101, -23.9685 ], [ 29.8948, -23.9438 ], [ 29.901, -23.9636 ], [ 29.9975, -24.0007 ], [ 30.0431, -23.9725 ], [ 30.0745, -24.012 ], [ 30.2156, -24.0857 ], [ 30.2383, -24.1393 ], [ 30.2949, -24.0959 ], [ 30.3215, -24.1297 ] ] ] } },
{ "type": "Feature", "properties": { "muni_code": "LIM361" }, "geometry": { "type": "Polygon", "coordinates": [ [ [ 27.0011, -23.6891 ], [ 27.0014, -23.7027 ], [ 26.9882, -23.7066 ], [ 27.0151, -23.7316 ], [ 27.0012, -23.7749 ], [ 27.0539, -23.8251 ], [ 27.0566, -23.8512 ], [ 27.1141, -23.931 ], [ 27.1295, -23.9334 ], [ 27.1238, -23.9523 ], [ 27.2451, -24.0139 ], [ 27.3494, -24.041 ], [ 27.3831, -24.0702 ], [ 27.4348, -24.087 ], [ 27.4375, -24.1068 ], [ 27.4951, -24.078 ], [ 27.5389, -24.1693 ], [ 27.5024, -24.2193 ], [ 27.4722, -24.2333 ], [ 27.4911, -24.2754 ], [ 27.4937, -24.3552 ], [ 27.514, -24.4162 ], [ 27.5068, -24.4559 ], [ 27.5747, -24.4282 ], [ 27.5809, -24.4711 ], [ 27.7489, -24.4774 ], [ 27.7395, -24.5067 ], [ 27.6742, -24.5007 ], [ 27.662, -24.5178 ], [ 27.6829, -24.5235 ], [ 27.7007, -24.5991 ], [ 27.8951, -24.5827 ], [ 27.8647, -24.6952 ], [ 27.8267, -24.7133 ], [ 27.8707, -24.7684 ], [ 27.8371, -24.8137 ], [ 27.831, -24.8494 ], [ 27.8475, -24.8621 ], [ 27.8524, -24.8515 ], [ 27.8696, -24.8531 ], [ 27.8599, -24.8714 ], [ 27.9779, -24.901 ], [ 27.9922, -24.9249 ], [ 27.9876, -24.9466 ], [ 27.9752, -24.9657 ], [ 27.955, -24.9702 ], [ 27.9465, -25.0012 ], [ 27.7889, -24.9665 ], [ 27.6873, -24.9943 ], [ 27.6286, -24.9737 ], [ 27.5975, -24.9849 ], [ 27.594, -25.0294 ], [ 27.5678, -25.0594 ], [ 27.5653, -25.0827 ], [ 27.5428, -25.098 ], [ 27.5212, -25.076 ], [ 27.4869, -25.0784 ], [ 27.4818, -25.0671 ], [ 27.3369, -25.0878 ], [ 27.3136, -25.0421 ], [ 27.2719, -25.0367 ], [ 27.2236, -25.0674 ], [ 27.2317, -25.0361 ], [ 27.2035, -25.0332 ], [ 27.2261, -24.9639 ], [ 27.1834, -24.9485 ], [ 27.154, -24.979 ], [ 27.1439, -24.9462 ], [ 27.1012, -24.9 ], [ 27.0412, -24.887 ], [ 27.0263, -24.7186 ], [ 26.9759, -24.7207 ], [ 26.9807, -24.7758 ], [ 26.9427, -24.7763 ], [ 26.7795, -24.8377 ], [ 26.7513, -24.883 ], [ 26.7051, -24.857 ], [ 26.6993, -24.8673 ], [ 26.622, -24.8099 ], [ 26.5665, -24.8199 ], [ 26.4583, -24.8095 ], [ 26.4595, -24.7905 ], [ 26.4269, -24.7728 ], [ 26.4182, -24.729 ], [ 26.4276, -24.6582 ], [ 26.4076, -24.6489 ], [ 26.4263, -24.6178 ], [ 26.4716, -24.5882 ], [ 26.5103, -24.488 ], [ 26.5596, -24.4536 ], [ 26.5876, -24.4106 ], [ 26.6637, -24.3812 ], [ 26.6686, -24.3537 ], [ 26.7026, -24.3348 ], [ 26.706, -24.3204 ], [ 26.7334, -24.3041 ], [ 26.7519, -24.3132 ], [ 26.7816, -24.299 ], [ 26.7858, -24.3066 ], [ 26.8659, -24.251 ], [ 26.8593, -24.2231 ], [ 26.8833, -24.1897 ], [ 26.8645, -24.1791 ], [ 26.8791, -24.1601 ], [ 26.8617, -24.1385 ], [ 26.8602, -24.1066 ], [ 26.8848, -24.0895 ], [ 26.8892, -24.0548 ], [ 26.9093, -24.0284 ], [ 26.9146, -23.9714 ], [ 26.9322, -23.9554 ], [ 26.9278, -23.9224 ], [ 26.9552, -23.874 ], [ 26.9323, -23.8511 ], [ 26.9588, -23.8304 ], [ 26.9491, -23.8139 ], [ 26.9711, -23.7028 ], [ 27.0011, -23.6891 ] ] ] } },
{ "type": "Feature", "properties": { "muni_code": "LIM362" }, "geometry": { "type": "Polygon", "coordinates": [ [ [ 27.9099, -24.2076 ], [ 27.8957, -24.1999 ], [ 27.8642, -24.2337 ], [ 27.784, -24.193 ], [ 27.7615, -24.294 ], [ 27.7671, -24.3521 ], [ 27.7911, -24.3739 ], [ 27.7579, -24.404 ], [ 27.6983, -24.3942 ], [ 27.6488, -24.3549 ], [ 27.564, -24.3823 ], [ 27.5747, -24.4282 ], [ 27.5068, -24.4559 ], [ 27.514, -24.4162 ], [ 27.4937, -24.3552 ], [ 27.4911, -24.2754 ], [ 27.4722, -24.2333 ], [ 27.5024, -24.2193 ], [ 27.5389, -24.1693 ], [ 27.4951, -24.078 ], [ 27.4375, -24.1068 ], [ 27.4348, -24.087 ], [ 27.3831, -24.0702 ], [ 27.3494, -24.041 ], [ 27.2451, -24.0139 ], [ 27.1238, -23.9523 ], [ 27.1295, -23.9334 ], [ 27.1141, -23.931 ], [ 27.0566, -23.8512 ], [ 27.0539, -23.8251 ], [ 27.0012, -23.7749 ], [ 27.0151, -23.7316 ], [ 26.9878, -23.7033 ], [ 27.0015, -23.7026 ], [ 26.9957, -23.6524 ], [ 27.0101, -23.6381 ], [ 27.0257, -23.6445 ], [ 27.0264, -23.6595 ], [ 27.0366, -23.6565 ], [ 27.038, -23.6827 ], [ 27.0702, -23.671 ], [ 27.0811, -23.6433 ], [ 27.0594, -23.6126 ], [ 27.08, -23.6135 ], [ 27.0816, -23.5989 ], [ 27.0997, -23.6029 ], [ 27.1172, -23.5622 ], [ 27.1299, -23.5741 ], [ 27.1547, -23.5694 ], [ 27.1346, -23.5436 ], [ 27.1352, -23.5236 ], [ 27.1599, -23.537 ], [ 27.1722, -23.5219 ], [ 27.201, -23.5343 ], [ 27.2109, -23.526 ], [ 27.1924, -23.4981 ], [ 27.2261, -23.4851 ], [ 27.2333, -23.4959 ], [ 27.2586, -23.4723 ], [ 27.303, -23.4627 ], [ 27.3298, -23.4031 ], [ 27.3559, -23.3992 ], [ 27.3489, -23.4253 ], [ 27.3743, -23.4271 ], [ 27.3772, -23.399 ], [ 27.4072, -23.3888 ], [ 27.4012, -23.413 ], [ 27.4218, -23.4265 ], [ 27.442, -23.3847 ], [ 27.5286, -23.3853 ], [ 27.5671, -23.3411 ], [ 27.5602, -23.3149 ], [ 27.5729, -23.2653 ], [ 27.6012, -23.2472 ], [ 27.5997, -23.2176 ], [ 27.6495, -23.2257 ], [ 27.6893, -23.1962 ], [ 27.714, -23.2286 ], [ 27.7421, -23.23 ], [ 27.7596, -23.1906 ], [ 27.7851, -23.1708 ], [ 27.7664, -23.1342 ], [ 27.7785, -23.1318 ], [ 27.7819, -23.1431 ], [ 27.807, -23.1356 ], [ 27.8195, -23.1248 ], [ 27.8141, -23.1065 ], [ 27.8479, -23.1048 ], [ 27.9201, -23.0683 ], [ 27.9436, -23.0357 ], [ 27.9358, -22.9618 ], [ 27.9611, -22.96 ], [ 28.0371, -22.9128 ], [ 28.0513, -22.8846 ], [ 28.0414, -22.8331 ], [ 28.0969, -22.8111 ], [ 28.1352, -22.8324 ], [ 28.1135, -22.845 ], [ 28.1534, -22.8692 ], [ 28.1313, -22.8788 ], [ 28.1692, -22.9059 ], [ 28.1476, -22.916 ], [ 28.1827, -22.9492 ], [ 28.2001, -22.9314 ], [ 28.2346, -22.967 ], [ 28.2452, -22.998 ], [ 28.2211, -23.0014 ], [ 28.2243, -23.0493 ], [ 28.2518, -23.1087 ], [ 28.2912, -23.091 ], [ 28.3371, -23.1228 ], [ 28.3533, -23.1841 ], [ 28.3201, -23.204 ], [ 28.3555, -23.2835 ], [ 28.351, -23.304 ], [ 28.377, -23.2999 ], [ 28.4133, -23.3517 ], [ 28.474, -23.3122 ], [ 28.4975, -23.345 ], [ 28.5396, -23.351 ], [ 28.5658, -23.3769 ], [ 28.593, -23.3785 ], [ 28.5966, -23.4348 ], [ 28.5916, -23.4521 ], [ 28.5406, -23.4693 ], [ 28.5126, -23.5032 ], [ 28.4904, -23.51 ], [ 28.4643, -23.5453 ], [ 28.3993, -23.4938 ], [ 28.383, -23.4383 ], [ 28.3414, -23.4308 ], [ 28.3216, -23.4671 ], [ 28.2561, -23.4944 ], [ 28.2214, -23.4772 ], [ 28.1667, -23.5084 ], [ 28.1767, -23.5617 ], [ 28.1677, -23.5751 ], [ 28.1173, -23.5821 ], [ 28.1158, -23.6131 ], [ 28.1627, -23.6324 ], [ 28.1623, -23.6604 ], [ 28.2067, -23.6721 ], [ 28.2242, -23.7207 ], [ 28.2548, -23.7327 ], [ 28.2508, -23.7643 ], [ 28.2717, -23.7888 ], [ 28.2665, -23.7994 ], [ 28.2827, -23.8058 ], [ 28.2889, -23.7929 ], [ 28.3068, -23.8111 ], [ 28.2995, -23.8382 ], [ 28.3342, -23.8512 ], [ 28.3153, -23.8689 ], [ 28.3359, -23.8761 ], [ 28.3501, -23.9145 ], [ 28.3413, -23.9194 ], [ 28.3777, -23.9584 ], [ 28.3997, -23.9539 ], [ 28.4043, -23.9971 ], [ 28.4158, -23.9972 ], [ 28.3952, -24.0036 ], [ 28.3636, -23.99 ], [ 28.3563, -24.0161 ], [ 28.2796, -23.9929 ], [ 28.2664, -24.0168 ], [ 28.2361, -24.0057 ], [ 28.1924, -24.0685 ], [ 28.1589, -24.1576 ], [ 28.1579, -24.1913 ], [ 28.1171, -24.1736 ], [ 28.1006, -24.1759 ], [ 28.1061, -24.1838 ], [ 28.0408, -24.1769 ], [ 28.0249, -24.1997 ], [ 28.0173, -24.1834 ], [ 27.992, -24.1784 ], [ 28.0098, -24.2329 ], [ 28.0228, -24.2326 ], [ 27.9993, -24.28 ], [ 27.9996, -24.3077 ], [ 27.9769, -24.3101 ], [ 27.9512, -24.2793 ], [ 27.9216, -24.2975 ], [ 27.8961, -24.2851 ], [ 27.9013, -24.2437 ], [ 27.8819, -24.2385 ], [ 27.9099, -24.2076 ] ] ] } },
{ "type": "Feature", "properties": { "muni_code": "LIM366" }, "geometry": { "type": "Polygon", "coordinates": [ [ [ 28.3559, -24.7996 ], [ 28.3701, -24.8108 ], [ 28.3859, -24.7967 ], [ 28.4502, -24.8452 ], [ 28.4763, -24.8319 ], [ 28.5009, -24.8823 ], [ 28.5769, -24.842 ], [ 28.5839, -24.8566 ], [ 28.6148, -24.8398 ], [ 28.6202, -24.8522 ], [ 28.6576, -24.8377 ], [ 28.7138, -24.9536 ], [ 28.6057, -25.0034 ], [ 28.6343, -25.0582 ], [ 28.4737, -25.0893 ], [ 28.4952, -25.1318 ], [ 28.443, -25.129 ], [ 28.3793, -25.1553 ], [ 28.411, -25.2048 ], [ 28.3869, -25.2134 ], [ 28.4514, -25.2033 ], [ 28.5321, -25.1698 ], [ 28.5366, -25.1524 ], [ 28.5961, -25.1426 ], [ 28.6489, -25.1129 ], [ 28.6516, -25.1429 ], [ 28.6159, -25.1516 ], [ 28.6553, -25.2135 ], [ 28.6786, -25.2108 ], [ 28.6799, -25.2203 ], [ 28.6712, -25.2477 ], [ 28.6593, -25.2348 ], [ 28.6326, -25.28 ], [ 28.6044, -25.2521 ], [ 28.5637, -25.2494 ], [ 28.5012, -25.2654 ], [ 28.5036, -25.3088 ], [ 28.3826, -25.3212 ], [ 28.3792, -25.2921 ], [ 28.2982, -25.3104 ], [ 28.2982, -25.2932 ], [ 28.2463, -25.2129 ], [ 28.2112, -25.1981 ], [ 28.1357, -25.2056 ], [ 28.129, -25.1457 ], [ 28.0943, -25.1485 ], [ 28.0839, -25.1004 ], [ 28.1539, -25.0868 ], [ 28.1738, -25.12 ], [ 28.215, -25.1281 ], [ 28.2598, -25.0504 ], [ 28.1252, -25.0048 ], [ 28.12, -24.9795 ], [ 28.037, -24.9853 ], [ 27.9976, -24.9735 ], [ 27.9836, -24.9578 ], [ 27.9922, -24.9249 ], [ 27.9779, -24.901 ], [ 27.8599, -24.8714 ], [ 27.8696, -24.8531 ], [ 27.8524, -24.8515 ], [ 27.8475, -24.8621 ], [ 27.8321, -24.8514 ], [ 27.8371, -24.8137 ], [ 27.8707, -24.7684 ], [ 27.8267, -24.7133 ], [ 27.8647, -24.6952 ], [ 27.8951, -24.5827 ], [ 27.9835, -24.6375 ], [ 28.0949, -24.6303 ], [ 28.1761, -24.6816 ], [ 28.1816, -24.7394 ], [ 28.2106, -24.7306 ], [ 28.2407, -24.7519 ], [ 28.2762, -24.752 ], [ 28.2921, -24.7957 ], [ 28.3559, -24.7996 ] ] ] } },
{ "type": "Feature", "properties": { "muni_code": "LIM367" }, "geometry": { "type": "Polygon", "coordinates": [ [ [ 28.5788, -24.0569 ], [ 28.506, -24.053 ], [ 28.5259, -24.0755 ], [ 28.4702, -24.0756 ], [ 28.472, -24.0537 ], [ 28.4345, -24.0435 ], [ 28.4252, -24.0064 ], [ 28.4043, -23.9971 ], [ 28.3997, -23.9539 ], [ 28.3777, -23.9584 ], [ 28.3413, -23.9194 ], [ 28.3501, -23.9145 ], [ 28.3359, -23.8761 ], [ 28.3153, -23.8689 ], [ 28.3342, -23.8512 ], [ 28.2995, -23.8382 ], [ 28.3068, -23.8111 ], [ 28.2889, -23.7929 ], [ 28.2827, -23.8058 ], [ 28.2665, -23.7994 ], [ 28.2717, -23.7888 ], [ 28.2508, -23.7643 ], [ 28.2548, -23.7327 ], [ 28.2242, -23.7207 ], [ 28.2067, -23.6721 ], [ 28.1623, -23.6604 ], [ 28.1627, -23.6324 ], [ 28.1169, -23.6143 ], [ 28.1173, -23.5821 ], [ 28.1677, -23.5751 ], [ 28.1767, -23.5617 ], [ 28.1667, -23.5084 ], [ 28.2214, -23.4772 ], [ 28.2561, -23.4944 ], [ 28.3216, -23.4671 ], [ 28.3414, -23.4308 ], [ 28.383, -23.4383 ], [ 28.3993, -23.4938 ], [ 28.4643, -23.5453 ], [ 28.5406, -23.4693 ], [ 28.5916, -23.4521 ], [ 28.5959, -23.4047 ], [ 28.6597, -23.3857 ], [ 28.6851, -23.3361 ], [ 28.7358, -23.3309 ], [ 28.8274, -23.4538 ], [ 28.9693, -23.5979 ], [ 28.9314, -23.5983 ], [ 28.8755, -23.6466 ], [ 28.8788, -23.6972 ], [ 28.8578, -23.7572 ], [ 28.8844, -23.7847 ], [ 28.8482, -23.7901 ], [ 28.8549, -23.8068 ], [ 28.8432, -23.834 ], [ 28.8775, -23.8645 ], [ 28.9054, -23.8586 ], [ 28.9214, -23.8112 ], [ 28.9984, -23.8412 ], [ 28.9821, -23.8778 ], [ 29.0055, -23.8982 ], [ 29.0449, -23.9056 ], [ 29.0934, -23.9847 ], [ 29.1485, -24.0091 ], [ 29.1994, -24.0137 ], [ 29.1527, -24.0648 ], [ 29.1622, -24.0793 ], [ 29.1853, -24.0704 ], [ 29.1879, -24.0929 ], [ 29.23, -24.1091 ], [ 29.2342, -24.1454 ], [ 29.1917, -24.1703 ], [ 29.1953, -24.2312 ], [ 29.189, -24.2569 ], [ 29.1688, -24.2702 ], [ 29.148, -24.2238 ], [ 29.0995, -24.2321 ], [ 29.0727, -24.2064 ], [ 29.032, -24.2478 ], [ 29.0441, -24.298 ], [ 29.0632, -24.2998 ], [ 29.0509, -24.3711 ], [ 29.0029, -24.359 ], [ 28.9501, -24.3817 ], [ 28.9132, -24.4148 ], [ 28.8638, -24.3972 ], [ 28.8782, -24.3862 ], [ 28.8531, -24.3632 ], [ 28.8486, -24.3341 ], [ 28.8013, -24.3316 ], [ 28.8509, -24.2567 ], [ 28.7744, -24.2527 ], [ 28.7672, -24.2269 ], [ 28.7537, -24.2334 ], [ 28.7278, -24.2086 ], [ 28.7535, -24.1826 ], [ 28.6653, -24.2 ], [ 28.6658, -24.1458 ], [ 28.6929, -24.1165 ], [ 28.627, -24.0761 ], [ 28.6009, -24.0253 ], [ 28.5788, -24.0569 ] ] ] } },
{ "type": "Feature", "properties": { "muni_code": "NW393" }, "geometry": { "type": "Polygon", "coordinates": [ [ [ 25.6656, -26.9627 ], [ 25.6461, -26.9614 ], [ 25.6371, -26.9712 ], [ 25.6445, -26.9845 ], [ 25.6322, -26.9886 ], [ 25.6871, -27.098 ], [ 25.6163, -27.1429 ], [ 25.6102, -27.1763 ], [ 25.6286, -27.176 ], [ 25.6537, -27.2228 ], [ 25.6744, -27.2221 ], [ 25.6465, -27.2711 ], [ 25.6751, -27.2872 ], [ 25.6834, -27.3364 ], [ 25.571, -27.3734 ], [ 25.4045, -27.3967 ], [ 25.4128, -27.4071 ], [ 25.2726, -27.4055 ], [ 25.2552, -27.4506 ], [ 25.189, -27.4481 ], [ 25.1464, -27.533 ], [ 25.114, -27.5454 ], [ 25.0943, -27.463 ], [ 25.0159, -27.4929 ], [ 25.0064, -27.5242 ], [ 24.9823, -27.523 ], [ 24.9739, -27.4597 ], [ 24.9629, -27.4669 ], [ 24.9541, -27.4545 ], [ 24.8909, -27.4489 ], [ 24.9126, -27.4241 ], [ 24.8921, -27.3961 ], [ 24.7959, -27.4176 ], [ 24.7812, -27.4053 ], [ 24.779, -27.3877 ], [ 24.7916, -27.3816 ], [ 24.7756, -27.3207 ], [ 24.8448, -27.2629 ], [ 24.8952, -27.179 ], [ 24.9657, -27.1371 ], [ 25.0073, -27.0933 ], [ 25.0764, -27.2015 ], [ 25.1536, -27.1587 ], [ 25.1472, -27.1119 ], [ 25.1623, -27.1014 ], [ 25.1081, -27.0179 ], [ 25.1874, -26.9794 ], [ 25.2226, -27.0293 ], [ 25.2606, -27.0073 ], [ 25.2922, -27.024 ], [ 25.3245, -27.0143 ], [ 25.3654, -27.0637 ], [ 25.3991, -27.0377 ], [ 25.3908, -27.0043 ], [ 25.3491, -26.9524 ], [ 25.4215, -26.9201 ], [ 25.3827, -26.8617 ], [ 25.3985, -26.8553 ], [ 25.4926, -26.9179 ], [ 25.4834, -26.9203 ], [ 25.5831, -26.9439 ], [ 25.6658, -26.8991 ], [ 25.6656, -26.9627 ] ] ] } },
{ "type": "Feature", "properties": { "muni_code": "NW394" }, "geometry": { "type": "Polygon", "coordinates": [ [ [ 24.1958, -27.0726 ], [ 24.2239, -27.1253 ], [ 24.3202, -27.0827 ], [ 24.4019, -27.1774 ], [ 24.4154, -27.2116 ], [ 24.3514, -27.239 ], [ 24.4562, -27.4246 ], [ 24.6129, -27.338 ], [ 24.5857, -27.2928 ], [ 24.6413, -27.2525 ], [ 24.6993, -27.2342 ], [ 24.744, -27.3087 ], [ 24.7794, -27.3363 ], [ 24.7916, -27.3816 ], [ 24.779, -27.3877 ], [ 24.7824, -27.4069 ], [ 24.7959, -27.4176 ], [ 24.8921, -27.3961 ], [ 24.9126, -27.4241 ], [ 24.8909, -27.4489 ], [ 24.9541, -27.4545 ], [ 24.9629, -27.4669 ], [ 24.9739, -27.4597 ], [ 24.9737, -27.5174 ], [ 25.0064, -27.5242 ], [ 25.0146, -27.5555 ], [ 25.0878, -27.6575 ], [ 25.0479, -27.6997 ], [ 24.9997, -27.6808 ], [ 24.8012, -27.7018 ], [ 24.7843, -27.6046 ], [ 24.7568, -27.6096 ], [ 24.7621, -27.6332 ], [ 24.6923, -27.6452 ], [ 24.6782, -27.6669 ], [ 24.686, -27.6784 ], [ 24.6727, -27.6856 ], [ 24.6955, -27.7183 ], [ 24.6937, -27.7357 ], [ 24.6805, -27.7393 ], [ 24.6731, -27.7828 ], [ 24.6587, -27.7909 ], [ 24.6993, -27.8283 ], [ 24.6881, -27.8365 ], [ 24.6968, -27.8476 ], [ 24.6583, -27.8527 ], [ 24.6301, -27.9029 ], [ 24.6071, -27.8984 ], [ 24.6288, -27.9353 ], [ 24.6198, -27.9512 ], [ 24.6283, -27.9995 ], [ 24.6082, -28.0117 ], [ 24.6089, -28.0273 ], [ 24.5595, -28.0388 ], [ 24.5637, -28.07 ], [ 24.5346, -28.0921 ], [ 24.4655, -28.0358 ], [ 24.4445, -28.0319 ], [ 24.4673, -27.9806 ], [ 24.4099, -27.9233 ], [ 24.3926, -27.9415 ], [ 24.3605, -27.9107 ], [ 24.4099, -27.8427 ], [ 24.4274, -27.8405 ], [ 24.4526, -27.7825 ], [ 24.4088, -27.7611 ], [ 24.4468, -27.7029 ], [ 24.4053, -27.6812 ], [ 24.111, -27.739 ], [ 24.0933, -27.7049 ], [ 24.1186, -27.6217 ], [ 24.0506, -27.6027 ], [ 24.0522, -27.4627 ], [ 24.0863, -27.3535 ], [ 24.0639, -27.3532 ], [ 23.8965, -27.2527 ], [ 23.976, -27.0794 ], [ 24.1314, -27.0119 ], [ 24.1958, -27.0726 ] ] ] } },
{ "type": "Feature", "properties": { "muni_code": "NW396" }, "geometry": { "type": "Polygon", "coordinates": [ [ [ 25.7723, -27.2093 ], [ 25.8248, -27.363 ], [ 25.7023, -27.375 ], [ 25.7681, -27.3941 ], [ 25.797, -27.3906 ], [ 25.805, -27.4464 ], [ 25.7387, -27.4692 ], [ 25.7383, -27.4842 ], [ 25.7537, -27.5345 ], [ 25.8348, -27.5118 ], [ 25.8302, -27.5662 ], [ 25.6789, -27.6296 ], [ 25.6785, -27.677 ], [ 25.6648, -27.6939 ], [ 25.5907, -27.6552 ], [ 25.5558, -27.6867 ], [ 25.4809, -27.6925 ], [ 25.4693, -27.7106 ], [ 25.3945, -27.7287 ], [ 25.364, -27.7505 ], [ 25.3404, -27.793 ], [ 25.2751, -27.7963 ], [ 25.2384, -27.8344 ], [ 25.2578, -27.8551 ], [ 25.2521, -27.867 ], [ 25.1977, -27.8885 ], [ 25.1606, -27.9271 ], [ 25.132, -27.927 ], [ 25.131, -27.9506 ], [ 25.0906, -27.984 ], [ 25.1074, -28.0119 ], [ 25.0732, -28.0667 ], [ 24.9748, -28.0804 ], [ 24.9506, -28.1132 ], [ 24.8298, -27.9313 ], [ 24.8574, -27.9253 ], [ 24.8615, -27.9083 ], [ 24.8469, -27.9112 ], [ 25.0878, -27.6575 ], [ 25.0146, -27.5555 ], [ 25.0064, -27.5242 ], [ 25.0159, -27.4929 ], [ 25.0943, -27.463 ], [ 25.114, -27.5454 ], [ 25.1464, -27.533 ], [ 25.189, -27.4481 ], [ 25.2552, -27.4506 ], [ 25.2726, -27.4055 ], [ 25.4128, -27.4071 ], [ 25.4045, -27.3967 ], [ 25.571, -27.3734 ], [ 25.6834, -27.3364 ], [ 25.6751, -27.2872 ], [ 25.6465, -27.2711 ], [ 25.6802, -27.212 ], [ 25.7016, -27.2232 ], [ 25.7723, -27.2093 ] ] ] } },
{ "type": "Feature", "properties": { "muni_code": "NW397" }, "geometry": { "type": "Polygon", "coordinates": [ [ [ 23.451, -25.2752 ], [ 23.4683, -25.2795 ], [ 23.4596, -25.2997 ], [ 23.4784, -25.2985 ], [ 23.495, -25.3191 ], [ 23.4969, -25.3521 ], [ 23.5241, -25.3401 ], [ 23.5596, -25.3547 ], [ 23.5573, -25.3717 ], [ 23.5844, -25.3756 ], [ 23.5871, -25.3954 ], [ 23.618, -25.3851 ], [ 23.6109, -25.4021 ], [ 23.6327, -25.411 ], [ 23.6375, -25.4316 ], [ 23.6684, -25.4161 ], [ 23.6693, -25.4443 ], [ 23.6963, -25.4456 ], [ 23.7032, -25.4626 ], [ 23.7283, -25.446 ], [ 23.758, -25.4687 ], [ 23.7514, -25.4816 ], [ 23.7629, -25.5032 ], [ 23.8201, -25.512 ], [ 23.8085, -25.5452 ], [ 23.8352, -25.5411 ], [ 23.8397, -25.5679 ], [ 23.8802, -25.5775 ], [ 23.8828, -25.5949 ], [ 23.907, -25.6055 ], [ 23.9045, -25.6275 ], [ 23.9462, -25.6384 ], [ 23.9508, -25.6228 ], [ 23.9726, -25.6148 ], [ 24.012, -25.6245 ], [ 24.0052, -25.6513 ], [ 24.0299, -25.6343 ], [ 24.0586, -25.6519 ], [ 24.0677, -25.631 ], [ 24.0858, -25.6434 ], [ 24.1386, -25.6281 ], [ 24.1406, -25.6142 ], [ 24.1571, -25.6082 ], [ 24.1594, -25.6301 ], [ 24.1918, -25.6204 ], [ 24.2268, -25.644 ], [ 24.2609, -25.7073 ], [ 24.2884, -25.6943 ], [ 24.2783, -25.7143 ], [ 24.2857, -25.7267 ], [ 24.3264, -25.7109 ], [ 24.3242, -25.7317 ], [ 24.3564, -25.7579 ], [ 24.4003, -25.7626 ], [ 24.4072, -25.746 ], [ 24.4296, -25.7495 ], [ 24.4333, -25.7339 ], [ 24.4692, -25.7385 ], [ 24.4853, -25.7494 ], [ 24.4651, -25.7902 ], [ 24.667, -25.9213 ], [ 24.6392, -25.9343 ], [ 24.7339, -26.0396 ], [ 24.8041, -26.1582 ], [ 24.8171, -26.1988 ], [ 24.7642, -26.2053 ], [ 24.6351, -26.2697 ], [ 24.6779, -26.3291 ], [ 24.5361, -26.4017 ], [ 24.6022, -26.5154 ], [ 24.6574, -26.4858 ], [ 24.7292, -26.5964 ], [ 24.7613, -26.5801 ], [ 24.7531, -26.5704 ], [ 24.7633, -26.5649 ], [ 24.7714, -26.5813 ], [ 24.7531, -26.5907 ], [ 24.7802, -26.6426 ], [ 24.277, -26.8832 ], [ 24.3044, -26.9429 ], [ 24.2658, -26.9606 ], [ 24.3414, -27.068 ], [ 24.3202, -27.0827 ], [ 24.2239, -27.1253 ], [ 24.1958, -27.0726 ], [ 24.1314, -27.0119 ], [ 24.0375, -27.0537 ], [ 24.026, -26.9993 ], [ 23.9704, -26.8942 ], [ 23.9169, -26.8579 ], [ 23.8695, -26.8567 ], [ 23.8532, -26.8901 ], [ 23.7607, -26.8409 ], [ 23.6465, -26.8075 ], [ 23.4871, -26.7397 ], [ 23.5838, -26.6171 ], [ 23.463, -26.5311 ], [ 23.2664, -26.4854 ], [ 23.2821, -26.3395 ], [ 23.2217, -26.2713 ], [ 23.311, -26.1419 ], [ 23.2519, -26.1138 ], [ 23.2158, -26.1157 ], [ 23.2321, -26.0527 ], [ 23.3539, -26.0895 ], [ 23.3874, -26.0062 ], [ 23.3205, -25.9928 ], [ 23.0869, -25.9826 ], [ 23.0881, -26.0436 ], [ 23.0648, -26.0991 ], [ 22.987, -26.09 ], [ 22.9811, -26.1526 ], [ 22.9071, -26.1459 ], [ 22.8993, -26.2136 ], [ 22.8484, -26.3759 ], [ 22.8032, -26.4537 ], [ 22.7088, -26.4109 ], [ 22.7029, -26.1199 ], [ 22.6307, -26.1226 ], [ 22.6294, -26.0977 ], [ 22.6731, -26.0737 ], [ 22.6688, -26.0142 ], [ 22.7253, -26.0145 ], [ 22.7239, -25.9501 ], [ 22.7492, -25.918 ], [ 22.712, -25.893 ], [ 22.7381, -25.8818 ], [ 22.736, -25.8565 ], [ 22.7719, -25.8411 ], [ 22.7817, -25.8244 ], [ 22.7346, -25.7937 ], [ 22.7593, -25.7887 ], [ 22.7693, -25.7328 ], [ 22.7999, -25.7231 ], [ 22.8215, -25.6905 ], [ 22.8302, -25.6578 ], [ 22.8083, -25.6509 ], [ 22.8004, -25.6328 ], [ 22.8534, -25.6152 ], [ 22.8141, -25.5824 ], [ 22.8535, -25.5335 ], [ 22.8604, -25.507 ], [ 22.8464, -25.4902 ], [ 22.8638, -25.4796 ], [ 22.9004, -25.4868 ], [ 22.8857, -25.4684 ], [ 22.9099, -25.4223 ], [ 22.97, -25.3811 ], [ 22.9779, -25.3399 ], [ 23.0113, -25.3359 ], [ 23.0087, -25.2977 ], [ 23.0314, -25.3128 ], [ 23.0584, -25.2899 ], [ 23.0544, -25.3186 ], [ 23.0787, -25.332 ], [ 23.09, -25.3124 ], [ 23.1124, -25.3034 ], [ 23.1365, -25.3168 ], [ 23.1923, -25.2773 ], [ 23.278, -25.2741 ], [ 23.294, -25.294 ], [ 23.3113, -25.2818 ], [ 23.3241, -25.2924 ], [ 23.3555, -25.2851 ], [ 23.3684, -25.3034 ], [ 23.4163, -25.3158 ], [ 23.451, -25.2752 ] ] ] } },
{ "type": "Feature", "properties": { "muni_code": "NW403" }, "geometry": { "type": "Polygon", "coordinates": [ [ [ 26.4606, -26.4946 ], [ 26.5304, -26.5181 ], [ 26.5648, -26.5018 ], [ 26.6312, -26.516 ], [ 26.6947, -26.5587 ], [ 26.6956, -26.5858 ], [ 26.6753, -26.6001 ], [ 26.7048, -26.6125 ], [ 26.783, -26.6111 ], [ 26.7735, -26.6546 ], [ 26.7803, -26.6897 ], [ 26.812, -26.6891 ], [ 26.789, -26.7452 ], [ 26.8062, -26.7539 ], [ 26.7943, -26.7671 ], [ 26.8441, -26.7729 ], [ 26.8502, -26.8165 ], [ 26.898, -26.8289 ], [ 26.8709, -26.922 ], [ 26.859, -26.921 ], [ 26.8485, -26.9402 ], [ 26.8157, -26.9532 ], [ 26.8076, -26.9316 ], [ 26.7667, -26.9481 ], [ 26.7129, -26.9757 ], [ 26.6887, -27.018 ], [ 26.6687, -26.9946 ], [ 26.6193, -27.0034 ], [ 26.6135, -27.0271 ], [ 26.5818, -27.0531 ], [ 26.5938, -27.0793 ], [ 26.5836, -27.108 ], [ 26.5287, -27.091 ], [ 26.4731, -27.1542 ], [ 26.4286, -27.1503 ], [ 26.4199, -27.1714 ], [ 26.3906, -27.1809 ], [ 26.3011, -27.0305 ], [ 26.2702, -27.0409 ], [ 26.2295, -26.9696 ], [ 26.1979, -26.9648 ], [ 26.1477, -26.9979 ], [ 26.1396, -26.9774 ], [ 26.1906, -26.9083 ], [ 26.1294, -26.8691 ], [ 26.1187, -26.8886 ], [ 26.092, -26.8857 ], [ 26.0768, -26.8623 ], [ 26.1151, -26.771 ], [ 26.189, -26.7338 ], [ 26.1854, -26.7106 ], [ 26.2724, -26.6914 ], [ 26.251, -26.6457 ], [ 26.2758, -26.6447 ], [ 26.2481, -26.5873 ], [ 26.3337, -26.5552 ], [ 26.3294, -26.5462 ], [ 26.385, -26.5006 ], [ 26.4604, -26.4838 ], [ 26.4606, -26.4946 ] ] ] } },
{ "type": "Feature", "properties": { "muni_code": "NW404" }, "geometry": { "type": "Polygon", "coordinates": [ [ [ 26.0589, -26.8413 ], [ 26.092, -26.8857 ], [ 26.1187, -26.8886 ], [ 26.1294, -26.8691 ], [ 26.1906, -26.9083 ], [ 26.1396, -26.9774 ], [ 26.1477, -26.9979 ], [ 26.1979, -26.9648 ], [ 26.2295, -26.9696 ], [ 26.2702, -27.0409 ], [ 26.3011, -27.0305 ], [ 26.3646, -27.1268 ], [ 26.3768, -27.1729 ], [ 26.3906, -27.1809 ], [ 26.4199, -27.1714 ], [ 26.4426, -27.2163 ], [ 26.4889, -27.2506 ], [ 26.4935, -27.3188 ], [ 26.4808, -27.3232 ], [ 26.4848, -27.3091 ], [ 26.4755, -27.3083 ], [ 26.4461, -27.3485 ], [ 26.4845, -27.3798 ], [ 26.5143, -27.3871 ], [ 26.5064, -27.3985 ], [ 26.4492, -27.3862 ], [ 26.4238, -27.4069 ], [ 26.3724, -27.3838 ], [ 26.3452, -27.3854 ], [ 26.3272, -27.4058 ], [ 26.3241, -27.4329 ], [ 26.2956, -27.4158 ], [ 26.2646, -27.4164 ], [ 26.2423, -27.4314 ], [ 26.2199, -27.4744 ], [ 26.229, -27.5122 ], [ 26.1701, -27.5361 ], [ 26.1536, -27.564 ], [ 26.134, -27.5585 ], [ 26.1133, -27.5933 ], [ 26.0845, -27.5951 ], [ 26.0749, -27.6205 ], [ 26.0862, -27.648 ], [ 26.0547, -27.6692 ], [ 26.0945, -27.6917 ], [ 26.0335, -27.7368 ], [ 26.0032, -27.7081 ], [ 26.008, -27.6604 ], [ 25.9815, -27.6269 ], [ 25.9473, -27.6329 ], [ 25.9243, -27.6035 ], [ 25.8957, -27.61 ], [ 25.8911, -27.6261 ], [ 25.8526, -27.621 ], [ 25.8302, -27.5662 ], [ 25.8348, -27.5118 ], [ 25.7537, -27.5345 ], [ 25.7387, -27.4692 ], [ 25.805, -27.4464 ], [ 25.797, -27.3906 ], [ 25.7681, -27.3941 ], [ 25.7023, -27.375 ], [ 25.8248, -27.363 ], [ 25.806, -27.2906 ], [ 25.7776, -27.255 ], [ 25.7723, -27.2093 ], [ 25.6537, -27.2228 ], [ 25.6286, -27.176 ], [ 25.6102, -27.1763 ], [ 25.6163, -27.1429 ], [ 25.6871, -27.098 ], [ 25.6322, -26.9886 ], [ 25.6445, -26.9845 ], [ 25.6371, -26.9712 ], [ 25.6461, -26.9614 ], [ 25.6778, -26.9677 ], [ 25.6919, -26.9416 ], [ 25.8097, -26.9012 ], [ 25.8333, -26.9362 ], [ 25.8938, -26.8984 ], [ 25.891, -26.8752 ], [ 25.9137, -26.9068 ], [ 25.9863, -26.8753 ], [ 26.0042, -26.8552 ], [ 26.0189, -26.8667 ], [ 26.0589, -26.8413 ] ] ] } },
{ "type": "Feature", "properties": { "muni_code": "NW405" }, "geometry": { "type": "Polygon", "coordinates": [ [ [ 26.8709, -26.922 ], [ 26.898, -26.8289 ], [ 26.8502, -26.8165 ], [ 26.8441, -26.7729 ], [ 26.7943, -26.7671 ], [ 26.8062, -26.7539 ], [ 26.789, -26.7452 ], [ 26.812, -26.6891 ], [ 26.7803, -26.6897 ], [ 26.7735, -26.6546 ], [ 26.783, -26.6111 ], [ 26.7048, -26.6125 ], [ 26.6753, -26.6001 ], [ 26.6956, -26.5858 ], [ 26.6947, -26.5587 ], [ 26.6312, -26.516 ], [ 26.5648, -26.5018 ], [ 26.5304, -26.5181 ], [ 26.4606, -26.4946 ], [ 26.4604, -26.4834 ], [ 26.4786, -26.4791 ], [ 26.4584, -26.4351 ], [ 26.5007, -26.4166 ], [ 26.4836, -26.3864 ], [ 26.5584, -26.3404 ], [ 26.5587, -26.3098 ], [ 26.5347, -26.2642 ], [ 26.5861, -26.2452 ], [ 26.5458, -26.1727 ], [ 26.6296, -26.1361 ], [ 26.6177, -26.0649 ], [ 26.7092, -26.0476 ], [ 26.7331, -26.1016 ], [ 26.8071, -26.084 ], [ 26.8479, -26.0597 ], [ 26.9174, -26.0711 ], [ 26.9321, -26.0316 ], [ 27.0538, -26.1007 ], [ 27.0445, -26.1317 ], [ 27.0809, -26.0981 ], [ 27.0597, -26.1406 ], [ 27.0867, -26.1429 ], [ 27.0927, -26.0961 ], [ 27.158, -26.0977 ], [ 27.1718, -26.0947 ], [ 27.1699, -26.0802 ], [ 27.3262, -26.1007 ], [ 27.3617, -26.1157 ], [ 27.3583, -26.1546 ], [ 27.2914, -26.1446 ], [ 27.3301, -26.2818 ], [ 27.188, -26.3779 ], [ 27.2248, -26.444 ], [ 27.2314, -26.5055 ], [ 27.1882, -26.5258 ], [ 27.1563, -26.5243 ], [ 27.1826, -26.5746 ], [ 27.2284, -26.5711 ], [ 27.2419, -26.6365 ], [ 27.3442, -26.6131 ], [ 27.3315, -26.5903 ], [ 27.3386, -26.5717 ], [ 27.3658, -26.5738 ], [ 27.3854, -26.6043 ], [ 27.3783, -26.6107 ], [ 27.4258, -26.6495 ], [ 27.4347, -26.6318 ], [ 27.4548, -26.6303 ], [ 27.5065, -26.6462 ], [ 27.5691, -26.6472 ], [ 27.5742, -26.7158 ], [ 27.6028, -26.6924 ], [ 27.6022, -26.7229 ], [ 27.5697, -26.7478 ], [ 27.5818, -26.7737 ], [ 27.5094, -26.7858 ], [ 27.5111, -26.8378 ], [ 27.4875, -26.8494 ], [ 27.476, -26.8835 ], [ 27.4143, -26.9257 ], [ 27.3842, -26.9004 ], [ 27.3709, -26.9042 ], [ 27.3328, -26.8542 ], [ 27.3022, -26.8547 ], [ 27.2175, -26.9461 ], [ 27.2065, -26.9804 ], [ 27.174, -26.9685 ], [ 27.1832, -26.9503 ], [ 27.1764, -26.9249 ], [ 27.1435, -26.9419 ], [ 27.113, -26.9263 ], [ 27.0868, -26.9385 ], [ 27.0282, -26.9359 ], [ 26.9561, -26.9002 ], [ 26.9414, -26.8715 ], [ 26.9202, -26.906 ], [ 26.9204, -26.9733 ], [ 26.9083, -26.9452 ], [ 26.8709, -26.922 ] ] ] } },
{ "type": "Feature", "properties": { "muni_code": "CPT" }, "geometry": { "type": "MultiPolygon", "coordinates": [ [ [ [ 18.369, -33.7898 ], [ 18.3829, -33.8124 ], [ 18.3708, -33.8202 ], [ 18.3567, -33.8018 ], [ 18.369, -33.7898 ] ] ], [ [ [ 18.5245, -33.5036 ], [ 18.5242, -33.5252 ], [ 18.5764, -33.5315 ], [ 18.5744, -33.5735 ], [ 18.618, -33.5844 ], [ 18.627, -33.6246 ], [ 18.6709, -33.6474 ], [ 18.6927, -33.6813 ], [ 18.7367, -33.687 ], [ 18.7632, -33.6489 ], [ 18.7875, -33.6376 ], [ 18.8222, -33.6418 ], [ 18.7937, -33.6794 ], [ 18.7946, -33.7068 ], [ 18.822, -33.7083 ], [ 18.8182, -33.7223 ], [ 18.833, -33.7382 ], [ 18.8095, -33.7408 ], [ 18.811, -33.7588 ], [ 18.7877, -33.7667 ], [ 18.8098, -33.7813 ], [ 18.7848, -33.8036 ], [ 18.7898, -33.8202 ], [ 18.7529, -33.8344 ], [ 18.7512, -33.8937 ], [ 18.7173, -33.8985 ], [ 18.7098, -33.9218 ], [ 18.7453, -33.9315 ], [ 18.7283, -33.9693 ], [ 18.7518, -34.0053 ], [ 18.7444, -34.0248 ], [ 18.8092, -34.0634 ], [ 18.8148, -34.052 ], [ 18.805, -34.0513 ], [ 18.8189, -34.0397 ], [ 18.8418, -34.0471 ], [ 18.9226, -34.014 ], [ 18.9274, -33.9999 ], [ 18.9695, -34.0199 ], [ 19.0048, -34.0756 ], [ 18.9668, -34.1024 ], [ 18.9439, -34.1382 ], [ 18.9803, -34.155 ], [ 18.9625, -34.1777 ], [ 18.8994, -34.2169 ], [ 18.8929, -34.2343 ], [ 18.8753, -34.2294 ], [ 18.8802, -34.2482 ], [ 18.8502, -34.2703 ], [ 18.8531, -34.2387 ], [ 18.8184, -34.19 ], [ 18.868, -34.1587 ], [ 18.813, -34.1002 ], [ 18.7799, -34.0851 ], [ 18.6308, -34.0733 ], [ 18.4691, -34.1091 ], [ 18.4334, -34.1379 ], [ 18.44, -34.15 ], [ 18.4252, -34.1847 ], [ 18.4541, -34.1979 ], [ 18.4772, -34.2328 ], [ 18.4607, -34.3192 ], [ 18.4981, -34.3572 ], [ 18.4724, -34.3583 ], [ 18.4006, -34.3084 ], [ 18.3795, -34.273 ], [ 18.3704, -34.1959 ], [ 18.3188, -34.1484 ], [ 18.3511, -34.1258 ], [ 18.3497, -34.0908 ], [ 18.3688, -34.0629 ], [ 18.362, -34.0491 ], [ 18.3493, -34.0464 ], [ 18.3403, -34.0616 ], [ 18.3072, -34.0395 ], [ 18.3709, -33.9741 ], [ 18.3773, -33.9221 ], [ 18.3985, -33.9005 ], [ 18.4345, -33.8976 ], [ 18.4174, -33.9088 ], [ 18.4307, -33.9037 ], [ 18.4501, -33.9196 ], [ 18.4389, -33.9031 ], [ 18.4732, -33.9076 ], [ 18.4895, -33.869 ], [ 18.444, -33.7656 ], [ 18.4319, -33.6796 ], [ 18.3956, -33.6234 ], [ 18.3567, -33.5986 ], [ 18.3413, -33.5586 ], [ 18.3837, -33.5117 ], [ 18.4262, -33.5112 ], [ 18.4555, -33.4713 ], [ 18.4957, -33.4811 ], [ 18.5245, -33.5036 ] ] ] ] } },
{ "type": "Feature", "properties": { "muni_code": "WC011" }, "geometry": { "type": "Polygon", "coordinates": [ [ [ 18.5701, -30.4303 ], [ 18.6551, -30.5567 ], [ 18.7587, -30.5679 ], [ 18.7959, -30.6249 ], [ 18.7945, -30.6676 ], [ 18.863, -30.7171 ], [ 18.9519, -30.7447 ], [ 18.9605, -30.8661 ], [ 18.8754, -30.8871 ], [ 18.9845, -30.9458 ], [ 18.9118, -30.9789 ], [ 18.9035, -31.0418 ], [ 18.9476, -31.1129 ], [ 18.9445, -31.2373 ], [ 18.9664, -31.2845 ], [ 19.013, -31.3057 ], [ 18.9801, -31.3552 ], [ 19.0309, -31.3895 ], [ 19.0307, -31.4154 ], [ 19.043, -31.425 ], [ 19.0369, -31.4643 ], [ 19.0062, -31.512 ], [ 19.023, -31.5051 ], [ 19.0854, -31.5269 ], [ 19.0518, -31.5727 ], [ 19.0854, -31.572 ], [ 19.0905, -31.5978 ], [ 19.0705, -31.6241 ], [ 19.0737, -31.6669 ], [ 19.0549, -31.6703 ], [ 19.0947, -31.7502 ], [ 19.0914, -31.7625 ], [ 19.0665, -31.7662 ], [ 19.0661, -31.7809 ], [ 19.0872, -31.7934 ], [ 19.0303, -31.8338 ], [ 19.0262, -31.8767 ], [ 18.9875, -31.8792 ], [ 18.9817, -31.8556 ], [ 18.8816, -31.8517 ], [ 18.7411, -31.8789 ], [ 18.7007, -31.8526 ], [ 18.689, -31.8661 ], [ 18.7072, -31.8967 ], [ 18.6557, -31.9312 ], [ 18.6647, -31.9557 ], [ 18.6229, -31.9563 ], [ 18.5612, -31.8789 ], [ 18.4837, -31.8846 ], [ 18.4945, -31.8681 ], [ 18.4599, -31.8578 ], [ 18.4516, -31.8438 ], [ 18.3957, -31.874 ], [ 18.436, -31.9041 ], [ 18.402, -31.9121 ], [ 18.4119, -31.9456 ], [ 18.2903, -32.0067 ], [ 18.265, -31.9355 ], [ 18.2792, -31.8948 ], [ 18.2302, -31.817 ], [ 18.2228, -31.7443 ], [ 18.1517, -31.6554 ], [ 18.1054, -31.5677 ], [ 17.9004, -31.3521 ], [ 17.8785, -31.3194 ], [ 17.8812, -31.2848 ], [ 17.8632, -31.2574 ], [ 17.7574, -31.1521 ], [ 17.8344, -31.1765 ], [ 17.8113, -31.0925 ], [ 17.9264, -31.0114 ], [ 17.8779, -30.9487 ], [ 17.8803, -30.9239 ], [ 17.9934, -30.9187 ], [ 17.9948, -30.8192 ], [ 18.0065, -30.7912 ], [ 18.0579, -30.7769 ], [ 18.0809, -30.7848 ], [ 18.1692, -30.8486 ], [ 18.2058, -30.8313 ], [ 18.1952, -30.816 ], [ 18.2135, -30.8104 ], [ 18.2518, -30.8275 ], [ 18.2642, -30.8183 ], [ 18.371, -30.6596 ], [ 18.3712, -30.5921 ], [ 18.4138, -30.5273 ], [ 18.3806, -30.4596 ], [ 18.4441, -30.5113 ], [ 18.5223, -30.6065 ], [ 18.4836, -30.5219 ], [ 18.5022, -30.4444 ], [ 18.5701, -30.4303 ] ] ] } },
{ "type": "Feature", "properties": { "muni_code": "WC012" }, "geometry": { "type": "Polygon", "coordinates": [ [ [ 19.0262, -31.8766 ], [ 19.1418, -31.9121 ], [ 19.1561, -31.8997 ], [ 19.1723, -31.9098 ], [ 19.1997, -31.9048 ], [ 19.2107, -31.948 ], [ 19.2897, -31.863 ], [ 19.2648, -31.9657 ], [ 19.2775, -31.9797 ], [ 19.2899, -31.9651 ], [ 19.3233, -31.9848 ], [ 19.3298, -32.0126 ], [ 19.363, -32.0428 ], [ 19.3958, -32.0151 ], [ 19.4259, -32.0313 ], [ 19.4675, -32.0731 ], [ 19.4863, -32.0764 ], [ 19.4885, -32.1212 ], [ 19.5075, -32.0861 ], [ 19.5152, -32.1152 ], [ 19.4752, -32.1463 ], [ 19.4793, -32.1677 ], [ 19.5014, -32.1799 ], [ 19.4858, -32.2358 ], [ 19.4919, -32.2517 ], [ 19.4091, -32.2901 ], [ 19.4302, -32.3657 ], [ 19.4954, -32.4737 ], [ 19.5164, -32.4859 ], [ 19.495, -32.4989 ], [ 19.485, -32.58 ], [ 19.4522, -32.6078 ], [ 19.4413, -32.6381 ], [ 19.4379, -32.6259 ], [ 19.3961, -32.6067 ], [ 19.3569, -32.6164 ], [ 19.3412, -32.5831 ], [ 19.3201, -32.5746 ], [ 19.2647, -32.5887 ], [ 19.1592, -32.5719 ], [ 19.1486, -32.5857 ], [ 19.1564, -32.6043 ], [ 19.1376, -32.6046 ], [ 19.2086, -32.731 ], [ 19.1718, -32.7368 ], [ 19.1706, -32.7958 ], [ 19.1844, -32.8271 ], [ 19.1505, -32.8721 ], [ 19.1207, -32.8779 ], [ 19.0986, -32.8791 ], [ 19.0828, -32.8562 ], [ 19.0563, -32.8593 ], [ 19.0643, -32.8346 ], [ 19.0357, -32.8489 ], [ 19.0348, -32.7858 ], [ 19.0239, -32.7973 ], [ 19.0206, -32.7786 ], [ 19.0314, -32.7725 ], [ 19.0191, -32.77 ], [ 19.0072, -32.7162 ], [ 18.9655, -32.6539 ], [ 18.9631, -32.6173 ], [ 18.9499, -32.5991 ], [ 18.931, -32.6068 ], [ 18.8489, -32.5218 ], [ 18.8277, -32.5113 ], [ 18.7866, -32.5204 ], [ 18.8039, -32.572 ], [ 18.7249, -32.5665 ], [ 18.6622, -32.4909 ], [ 18.6727, -32.4699 ], [ 18.6427, -32.456 ], [ 18.5913, -32.4648 ], [ 18.5752, -32.48 ], [ 18.5719, -32.4541 ], [ 18.5197, -32.4495 ], [ 18.5009, -32.434 ], [ 18.4585, -32.4764 ], [ 18.3988, -32.4255 ], [ 18.3345, -32.4429 ], [ 18.3153, -32.3369 ], [ 18.3139, -32.317 ], [ 18.3375, -32.314 ], [ 18.3447, -32.281 ], [ 18.3103, -32.1728 ], [ 18.2995, -32.094 ], [ 18.3147, -32.074 ], [ 18.2903, -32.0067 ], [ 18.4119, -31.9456 ], [ 18.402, -31.9121 ], [ 18.436, -31.9041 ], [ 18.3957, -31.874 ], [ 18.4516, -31.8438 ], [ 18.4599, -31.8578 ], [ 18.4945, -31.8681 ], [ 18.4837, -31.8846 ], [ 18.5612, -31.8789 ], [ 18.6229, -31.9563 ], [ 18.6647, -31.9557 ], [ 18.6557, -31.9312 ], [ 18.7072, -31.8967 ], [ 18.689, -31.8661 ], [ 18.7028, -31.8522 ], [ 18.7411, -31.8789 ], [ 18.8816, -31.8517 ], [ 18.9817, -31.8556 ], [ 18.9875, -31.8792 ], [ 19.0262, -31.8766 ] ] ] } },
{ "type": "Feature", "properties": { "muni_code": "WC013" }, "geometry": { "type": "Polygon", "coordinates": [ [ [ 18.3988, -32.4255 ], [ 18.4585, -32.4764 ], [ 18.5009, -32.434 ], [ 18.5197, -32.4495 ], [ 18.5719, -32.4541 ], [ 18.5752, -32.48 ], [ 18.5913, -32.4648 ], [ 18.6427, -32.456 ], [ 18.6727, -32.4699 ], [ 18.6622, -32.4909 ], [ 18.7249, -32.5665 ], [ 18.8039, -32.572 ], [ 18.7847, -32.5226 ], [ 18.8277, -32.5113 ], [ 18.931, -32.6068 ], [ 18.9499, -32.5991 ], [ 18.973, -32.6705 ], [ 19.0072, -32.7162 ], [ 19.0191, -32.77 ], [ 19.0314, -32.7725 ], [ 19.0206, -32.7786 ], [ 19.0239, -32.7973 ], [ 19.0348, -32.7858 ], [ 19.0357, -32.8489 ], [ 19.0643, -32.8346 ], [ 19.0563, -32.8593 ], [ 19.0828, -32.8562 ], [ 19.0986, -32.8791 ], [ 19.1207, -32.8779 ], [ 19.1505, -32.8721 ], [ 19.1844, -32.8271 ], [ 19.1861, -32.8682 ], [ 19.1537, -32.984 ], [ 19.1774, -33.06 ], [ 19.173, -33.0919 ], [ 19.0896, -33.1141 ], [ 19.051, -33.142 ], [ 18.9801, -33.1521 ], [ 18.939, -33.1964 ], [ 18.9214, -33.1862 ], [ 18.9118, -33.158 ], [ 18.8644, -33.1463 ], [ 18.8315, -33.0696 ], [ 18.8057, -33.0505 ], [ 18.8163, -33.0314 ], [ 18.7894, -33.0281 ], [ 18.7717, -32.9862 ], [ 18.7264, -32.9504 ], [ 18.6823, -32.9438 ], [ 18.6775, -32.9207 ], [ 18.6079, -32.9198 ], [ 18.5884, -32.9002 ], [ 18.5504, -32.917 ], [ 18.5474, -32.9402 ], [ 18.4902, -32.9537 ], [ 18.4705, -32.9446 ], [ 18.456, -32.9545 ], [ 18.4454, -32.938 ], [ 18.3732, -32.9586 ], [ 18.368, -32.9375 ], [ 18.2926, -32.962 ], [ 18.2404, -32.9323 ], [ 18.2328, -32.8968 ], [ 18.2003, -32.9022 ], [ 18.2053, -32.8918 ], [ 18.1641, -32.8883 ], [ 18.1709, -32.8641 ], [ 18.1964, -32.8559 ], [ 18.1449, -32.8371 ], [ 18.1551, -32.8133 ], [ 18.1245, -32.8105 ], [ 18.101, -32.8252 ], [ 18.1248, -32.7778 ], [ 18.1666, -32.7546 ], [ 18.242, -32.6831 ], [ 18.2842, -32.6255 ], [ 18.3241, -32.5348 ], [ 18.3345, -32.4429 ], [ 18.3988, -32.4255 ] ] ] } },
{ "type": "Feature", "properties": { "muni_code": "LIM368" }, "geometry": { "type": "Polygon", "coordinates": [ [ [ 28.3638, -23.99 ], [ 28.3952, -24.0036 ], [ 28.4158, -23.9972 ], [ 28.4345, -24.0435 ], [ 28.4769, -24.06 ], [ 28.4702, -24.0756 ], [ 28.5259, -24.0755 ], [ 28.5069, -24.0614 ], [ 28.5118, -24.0487 ], [ 28.5563, -24.0645 ], [ 28.5788, -24.0569 ], [ 28.6009, -24.0253 ], [ 28.627, -24.0761 ], [ 28.6929, -24.1165 ], [ 28.6658, -24.1458 ], [ 28.6653, -24.2 ], [ 28.7535, -24.1826 ], [ 28.7278, -24.2086 ], [ 28.7537, -24.2334 ], [ 28.7672, -24.2269 ], [ 28.7744, -24.2527 ], [ 28.8509, -24.2567 ], [ 28.8013, -24.3316 ], [ 28.8486, -24.3341 ], [ 28.8531, -24.3632 ], [ 28.8782, -24.3862 ], [ 28.8638, -24.3972 ], [ 28.9132, -24.4148 ], [ 28.9501, -24.3817 ], [ 29.0029, -24.359 ], [ 29.1122, -24.3741 ], [ 29.2595, -24.3372 ], [ 29.2536, -24.3754 ], [ 29.3345, -24.5558 ], [ 29.3575, -24.5881 ], [ 29.3872, -24.5743 ], [ 29.4005, -24.6085 ], [ 29.3749, -24.6174 ], [ 29.3941, -24.6584 ], [ 29.2474, -24.7136 ], [ 29.272, -24.7426 ], [ 29.2756, -24.7914 ], [ 29.2644, -24.8122 ], [ 29.2298, -24.8126 ], [ 29.2039, -24.8957 ], [ 29.1757, -24.9054 ], [ 29.1831, -24.9399 ], [ 29.1737, -24.9493 ], [ 29.0829, -24.9812 ], [ 29.0559, -24.9123 ], [ 28.9937, -24.912 ], [ 28.9894, -24.9033 ], [ 28.9618, -24.914 ], [ 28.9384, -24.8732 ], [ 28.9142, -24.8891 ], [ 28.9241, -24.9015 ], [ 28.8464, -24.9333 ], [ 28.8374, -24.916 ], [ 28.7594, -24.9114 ], [ 28.7138, -24.9536 ], [ 28.6576, -24.8377 ], [ 28.6202, -24.8522 ], [ 28.6148, -24.8398 ], [ 28.5839, -24.8566 ], [ 28.5769, -24.842 ], [ 28.5009, -24.8823 ], [ 28.4763, -24.8319 ], [ 28.4502, -24.8452 ], [ 28.3859, -24.7967 ], [ 28.3701, -24.8108 ], [ 28.3523, -24.7978 ], [ 28.2921, -24.7957 ], [ 28.2762, -24.752 ], [ 28.2407, -24.7519 ], [ 28.2106, -24.7306 ], [ 28.1816, -24.7394 ], [ 28.1761, -24.6816 ], [ 28.0949, -24.6303 ], [ 27.9835, -24.6375 ], [ 27.8951, -24.5827 ], [ 27.8612, -24.5783 ], [ 27.7007, -24.5991 ], [ 27.6829, -24.5235 ], [ 27.662, -24.5178 ], [ 27.6742, -24.5007 ], [ 27.7395, -24.5067 ], [ 27.7489, -24.4774 ], [ 27.5809, -24.4711 ], [ 27.564, -24.3823 ], [ 27.6488, -24.3549 ], [ 27.6983, -24.3942 ], [ 27.7579, -24.404 ], [ 27.7911, -24.3739 ], [ 27.7671, -24.3521 ], [ 27.7615, -24.294 ], [ 27.784, -24.193 ], [ 27.8642, -24.2337 ], [ 27.8957, -24.1999 ], [ 27.9115, -24.2057 ], [ 27.8819, -24.2385 ], [ 27.9013, -24.2437 ], [ 27.8961, -24.2851 ], [ 27.9216, -24.2975 ], [ 27.9512, -24.2793 ], [ 27.9769, -24.3101 ], [ 27.9996, -24.3077 ], [ 27.9993, -24.28 ], [ 28.0228, -24.2326 ], [ 28.0098, -24.2329 ], [ 27.9919, -24.1785 ], [ 28.0173, -24.1834 ], [ 28.0249, -24.1997 ], [ 28.0408, -24.1769 ], [ 28.1061, -24.1838 ], [ 28.1006, -24.1759 ], [ 28.1171, -24.1736 ], [ 28.1579, -24.1913 ], [ 28.1589, -24.1576 ], [ 28.1924, -24.0685 ], [ 28.2361, -24.0057 ], [ 28.2664, -24.0168 ], [ 28.2796, -23.9929 ], [ 28.3563, -24.0161 ], [ 28.3638, -23.99 ] ] ] } },
{ "type": "Feature", "properties": { "muni_code": "LIM471" }, "geometry": { "type": "Polygon", "coordinates": [ [ [ 29.4566, -24.6794 ], [ 29.4359, -24.6935 ], [ 29.4341, -24.7098 ], [ 29.4945, -24.7322 ], [ 29.478, -24.7636 ], [ 29.4918, -24.7829 ], [ 29.4985, -24.77 ], [ 29.6347, -24.8005 ], [ 29.7443, -24.7912 ], [ 29.7734, -24.8338 ], [ 29.7157, -24.8329 ], [ 29.6993, -24.8613 ], [ 29.7097, -24.8698 ], [ 29.6811, -24.8824 ], [ 29.6367, -24.9531 ], [ 29.5975, -24.9666 ], [ 29.6308, -24.9885 ], [ 29.5144, -24.9936 ], [ 29.4469, -24.9539 ], [ 29.4487, -24.9711 ], [ 29.4304, -24.9949 ], [ 29.4316, -25.0393 ], [ 29.4125, -25.03 ], [ 29.4022, -25.0416 ], [ 29.4159, -25.0523 ], [ 29.3588, -25.0769 ], [ 29.3614, -25.098 ], [ 29.2814, -25.0905 ], [ 29.258, -25.1035 ], [ 29.2474, -25.0581 ], [ 29.2042, -25.0531 ], [ 29.1738, -25.0595 ], [ 29.1857, -25.0815 ], [ 29.1386, -25.1135 ], [ 29.0883, -25.1036 ], [ 29.0707, -25.0655 ], [ 29.0188, -25.0549 ], [ 28.9717, -25.0702 ], [ 28.9349, -25.0 ], [ 28.9103, -25.0071 ], [ 28.8916, -24.9555 ], [ 28.9418, -24.9336 ], [ 28.9142, -24.8891 ], [ 28.9384, -24.8732 ], [ 28.9618, -24.914 ], [ 28.9894, -24.9033 ], [ 28.9937, -24.912 ], [ 29.0559, -24.9123 ], [ 29.0829, -24.9812 ], [ 29.1737, -24.9493 ], [ 29.1831, -24.9399 ], [ 29.1757, -24.9054 ], [ 29.2039, -24.8957 ], [ 29.2298, -24.8126 ], [ 29.2644, -24.8122 ], [ 29.2756, -24.7914 ], [ 29.272, -24.7426 ], [ 29.2474, -24.7136 ], [ 29.3941, -24.6584 ], [ 29.3749, -24.6174 ], [ 29.434, -24.5987 ], [ 29.4498, -24.6304 ], [ 29.4708, -24.6406 ], [ 29.4566, -24.6794 ] ] ] } },
{ "type": "Feature", "properties": { "muni_code": "LIM472" }, "geometry": { "type": "Polygon", "coordinates": [ [ [ 29.9645, -24.9703 ], [ 29.9059, -25.0475 ], [ 29.9789, -25.0921 ], [ 30.0054, -25.1444 ], [ 30.0062, -25.3403 ], [ 29.9376, -25.331 ], [ 29.8879, -25.3386 ], [ 29.8878, -25.3643 ], [ 29.8403, -25.3863 ], [ 29.8203, -25.3589 ], [ 29.7932, -25.3621 ], [ 29.7702, -25.4015 ], [ 29.6739, -25.3722 ], [ 29.6128, -25.4006 ], [ 29.5226, -25.405 ], [ 29.5188, -25.4228 ], [ 29.453, -25.4065 ], [ 29.3989, -25.4148 ], [ 29.35, -25.4046 ], [ 29.3421, -25.3731 ], [ 29.2644, -25.3755 ], [ 29.243, -25.4036 ], [ 29.2073, -25.4146 ], [ 29.1957, -25.3703 ], [ 29.1313, -25.3902 ], [ 29.1641, -25.3545 ], [ 29.1746, -25.3185 ], [ 29.167, -25.3034 ], [ 29.0959, -25.3212 ], [ 29.0902, -25.2894 ], [ 29.0384, -25.2765 ], [ 29.0425, -25.1405 ], [ 29.0898, -25.1485 ], [ 29.0869, -25.1365 ], [ 29.1284, -25.113 ], [ 29.1195, -25.106 ], [ 29.1437, -25.1128 ], [ 29.1857, -25.0815 ], [ 29.1738, -25.0595 ], [ 29.2042, -25.0531 ], [ 29.2474, -25.0581 ], [ 29.258, -25.1035 ], [ 29.2814, -25.0905 ], [ 29.3614, -25.098 ], [ 29.3588, -25.0769 ], [ 29.4159, -25.0523 ], [ 29.4022, -25.0416 ], [ 29.4125, -25.03 ], [ 29.4316, -25.0393 ], [ 29.4304, -24.9949 ], [ 29.4487, -24.9711 ], [ 29.4469, -24.9539 ], [ 29.5144, -24.9936 ], [ 29.5451, -24.9971 ], [ 29.6308, -24.9885 ], [ 29.5975, -24.9666 ], [ 29.685, -24.9324 ], [ 29.7183, -25.0003 ], [ 29.7418, -25.0154 ], [ 29.7826, -24.9788 ], [ 29.8813, -24.9773 ], [ 29.9182, -24.9155 ], [ 29.9754, -24.9353 ], [ 29.9645, -24.9703 ] ] ] } },
{ "type": "Feature", "properties": { "muni_code": "LIM473" }, "geometry": { "type": "Polygon", "coordinates": [ [ [ 29.6076, -24.4617 ], [ 29.6478, -24.4824 ], [ 29.6676, -24.4623 ], [ 29.6966, -24.4668 ], [ 29.7203, -24.5267 ], [ 29.7735, -24.5507 ], [ 29.758, -24.5571 ], [ 29.7718, -24.5668 ], [ 29.764, -24.5724 ], [ 29.7763, -24.6047 ], [ 29.8083, -24.626 ], [ 29.8398, -24.5967 ], [ 29.9017, -24.5946 ], [ 29.924, -24.6211 ], [ 29.9319, -24.6106 ], [ 29.9434, -24.624 ], [ 29.9903, -24.5808 ], [ 30.0187, -24.6164 ], [ 30.0437, -24.6058 ], [ 30.0675, -24.6262 ], [ 30.0873, -24.6206 ], [ 30.1198, -24.6997 ], [ 30.0835, -24.7794 ], [ 30.0212, -24.8391 ], [ 29.9832, -24.8412 ], [ 29.9342, -24.814 ], [ 29.9194, -24.8268 ], [ 29.9265, -24.8484 ], [ 29.896, -24.8585 ], [ 29.9075, -24.9197 ], [ 29.8813, -24.9773 ], [ 29.7826, -24.9788 ], [ 29.7418, -25.0154 ], [ 29.7329, -25.0117 ], [ 29.685, -24.9324 ], [ 29.6367, -24.9531 ], [ 29.6811, -24.8824 ], [ 29.7097, -24.8698 ], [ 29.6993, -24.8613 ], [ 29.7157, -24.8329 ], [ 29.7734, -24.8338 ], [ 29.7443, -24.7912 ], [ 29.6347, -24.8005 ], [ 29.4985, -24.77 ], [ 29.4918, -24.7829 ], [ 29.478, -24.7636 ], [ 29.4945, -24.7322 ], [ 29.4341, -24.7098 ], [ 29.445, -24.6816 ], [ 29.4614, -24.6759 ], [ 29.469, -24.6216 ], [ 29.5502, -24.5521 ], [ 29.5449, -24.5302 ], [ 29.5681, -24.5186 ], [ 29.5628, -24.5041 ], [ 29.6076, -24.4617 ] ] ] } },
{ "type": "Feature", "properties": { "muni_code": "LIM476" }, "geometry": { "type": "Polygon", "coordinates": [ [ [ 29.9823, -24.2091 ], [ 30.0411, -24.2068 ], [ 30.0707, -24.2389 ], [ 30.1405, -24.2478 ], [ 30.1436, -24.2887 ], [ 30.1789, -24.3046 ], [ 30.2002, -24.288 ], [ 30.2387, -24.2835 ], [ 30.2743, -24.3205 ], [ 30.325, -24.3107 ], [ 30.3662, -24.2831 ], [ 30.4092, -24.3336 ], [ 30.5182, -24.4056 ], [ 30.5408, -24.445 ], [ 30.5557, -24.4245 ], [ 30.5658, -24.4472 ], [ 30.6183, -24.433 ], [ 30.6418, -24.4509 ], [ 30.759, -24.4602 ], [ 30.7302, -24.4985 ], [ 30.7303, -24.6087 ], [ 30.7015, -24.5864 ], [ 30.6792, -24.6237 ], [ 30.7201, -24.7052 ], [ 30.6786, -24.7358 ], [ 30.6366, -24.7341 ], [ 30.6337, -24.7585 ], [ 30.6642, -24.7746 ], [ 30.6562, -24.8117 ], [ 30.6349, -24.8528 ], [ 30.6187, -24.8442 ], [ 30.6084, -24.8724 ], [ 30.58, -24.8874 ], [ 30.5812, -24.9169 ], [ 30.5629, -24.8965 ], [ 30.4963, -24.9147 ], [ 30.4942, -24.9533 ], [ 30.4515, -24.912 ], [ 30.4251, -24.8549 ], [ 30.3897, -24.8494 ], [ 30.3965, -24.8712 ], [ 30.3542, -24.8493 ], [ 30.3529, -24.8834 ], [ 30.3109, -24.8729 ], [ 30.308, -24.885 ], [ 30.2973, -24.8677 ], [ 30.192, -24.8555 ], [ 30.1721, -24.9892 ], [ 30.1987, -25.0364 ], [ 30.1485, -25.0324 ], [ 30.1444, -25.1238 ], [ 30.0908, -25.1255 ], [ 30.0902, -25.1081 ], [ 30.0299, -25.0641 ], [ 30.0298, -25.0846 ], [ 29.9789, -25.0921 ], [ 29.9059, -25.0475 ], [ 29.9594, -24.9866 ], [ 29.9754, -24.9353 ], [ 29.9182, -24.9155 ], [ 29.9051, -24.9324 ], [ 29.896, -24.8585 ], [ 29.9265, -24.8484 ], [ 29.9194, -24.8268 ], [ 29.9342, -24.814 ], [ 29.9832, -24.8412 ], [ 30.0212, -24.8391 ], [ 30.0835, -24.7794 ], [ 30.1198, -24.6997 ], [ 30.0873, -24.6206 ], [ 30.0675, -24.6262 ], [ 30.0437, -24.6058 ], [ 30.0187, -24.6164 ], [ 29.9903, -24.5808 ], [ 29.9434, -24.624 ], [ 29.9319, -24.6106 ], [ 29.924, -24.6211 ], [ 29.9017, -24.5946 ], [ 29.8398, -24.5967 ], [ 29.8083, -24.626 ], [ 29.7763, -24.6047 ], [ 29.764, -24.5724 ], [ 29.7718, -24.5668 ], [ 29.758, -24.5571 ], [ 29.7735, -24.5507 ], [ 29.7203, -24.5267 ], [ 29.6966, -24.4668 ], [ 29.7296, -24.4445 ], [ 29.7375, -24.3857 ], [ 29.7677, -24.3539 ], [ 29.7449, -24.33 ], [ 29.7586, -24.3246 ], [ 29.7646, -24.2755 ], [ 29.8, -24.2683 ], [ 29.8152, -24.2483 ], [ 29.8746, -24.2476 ], [ 29.8752, -24.2221 ], [ 29.9744, -24.2255 ], [ 29.9823, -24.2091 ] ] ] } },
{ "type": "Feature", "properties": { "muni_code": "MP301" }, "geometry": { "type": "Polygon", "coordinates": [ [ [ 30.6466, -25.7124 ], [ 30.7327, -25.7414 ], [ 30.7251, -25.7592 ], [ 30.7523, -25.7983 ], [ 30.7668, -25.8553 ], [ 30.8231, -25.8765 ], [ 30.8126, -25.9154 ], [ 30.969, -25.9348 ], [ 31.0395, -25.8663 ], [ 31.0439, -25.9126 ], [ 31.0557, -25.9239 ], [ 31.1266, -25.9211 ], [ 31.1128, -25.9826 ], [ 31.071, -26.0673 ], [ 30.9614, -26.2617 ], [ 30.8919, -26.3208 ], [ 30.831, -26.4112 ], [ 30.8003, -26.5041 ], [ 30.7144, -26.4854 ], [ 30.6987, -26.4446 ], [ 30.719, -26.4144 ], [ 30.7682, -26.413 ], [ 30.7328, -26.3664 ], [ 30.7555, -26.3328 ], [ 30.7277, -26.3122 ], [ 30.6886, -26.3061 ], [ 30.6107, -26.317 ], [ 30.6267, -26.2661 ], [ 30.5928, -26.208 ], [ 30.5263, -26.2247 ], [ 30.514, -26.2047 ], [ 30.4915, -26.2296 ], [ 30.358, -26.1707 ], [ 30.35, -26.1879 ], [ 30.36, -26.2062 ], [ 30.3435, -26.2214 ], [ 30.3218, -26.1837 ], [ 30.2286, -26.218 ], [ 30.2095, -26.2201 ], [ 30.2082, -26.2015 ], [ 30.1772, -26.2497 ], [ 30.1563, -26.2581 ], [ 30.1523, -26.2149 ], [ 30.0619, -26.2096 ], [ 30.0489, -26.1924 ], [ 29.9691, -26.2434 ], [ 29.9411, -26.2166 ], [ 29.8991, -26.217 ], [ 29.8447, -26.2216 ], [ 29.836, -26.2458 ], [ 29.8006, -26.1635 ], [ 29.8111, -26.1053 ], [ 29.8658, -26.0139 ], [ 29.8566, -25.979 ], [ 29.877, -25.9652 ], [ 29.8568, -25.9345 ], [ 29.8306, -25.9219 ], [ 29.8618, -25.8625 ], [ 29.8989, -25.8687 ], [ 29.9589, -25.9129 ], [ 29.9977, -25.9187 ], [ 29.9899, -25.8831 ], [ 30.0867, -25.8603 ], [ 30.0915, -25.8462 ], [ 30.1497, -25.8297 ], [ 30.1517, -25.8193 ], [ 30.2008, -25.8364 ], [ 30.2138, -25.804 ], [ 30.2704, -25.8254 ], [ 30.2434, -25.8721 ], [ 30.2991, -25.9264 ], [ 30.3311, -25.8805 ], [ 30.3811, -25.8869 ], [ 30.4191, -25.8776 ], [ 30.4554, -25.8383 ], [ 30.4568, -25.8036 ], [ 30.4788, -25.7938 ], [ 30.484, -25.8186 ], [ 30.5149, -25.7879 ], [ 30.4864, -25.7622 ], [ 30.5193, -25.7286 ], [ 30.5586, -25.7683 ], [ 30.6061, -25.7897 ], [ 30.5796, -25.7535 ], [ 30.6112, -25.719 ], [ 30.6385, -25.724 ], [ 30.6466, -25.7124 ] ] ] } },
{ "type": "Feature", "properties": { "muni_code": "MP302" }, "geometry": { "type": "Polygon", "coordinates": [ [ [ 30.358, -26.1707 ], [ 30.4928, -26.2297 ], [ 30.514, -26.2047 ], [ 30.5263, -26.2247 ], [ 30.5928, -26.208 ], [ 30.6267, -26.2661 ], [ 30.6107, -26.317 ], [ 30.7277, -26.3122 ], [ 30.7555, -26.3328 ], [ 30.7328, -26.3664 ], [ 30.7682, -26.413 ], [ 30.719, -26.4144 ], [ 30.6987, -26.4446 ], [ 30.7268, -26.5086 ], [ 30.6663, -26.5404 ], [ 30.6294, -26.5045 ], [ 30.5611, -26.5057 ], [ 30.469, -26.5586 ], [ 30.5016, -26.6077 ], [ 30.5497, -26.6404 ], [ 30.5293, -26.6646 ], [ 30.5591, -26.6889 ], [ 30.5335, -26.7231 ], [ 30.4592, -26.7569 ], [ 30.416, -26.752 ], [ 30.4063, -26.7643 ], [ 30.3404, -26.7749 ], [ 30.3228, -26.8242 ], [ 30.189, -26.817 ], [ 30.2022, -26.8588 ], [ 30.1742, -26.8598 ], [ 30.167, -26.835 ], [ 30.1379, -26.8348 ], [ 30.1278, -26.7856 ], [ 30.1529, -26.7722 ], [ 30.1279, -26.7289 ], [ 30.1112, -26.7363 ], [ 29.9948, -26.6977 ], [ 29.9638, -26.7707 ], [ 29.9261, -26.7643 ], [ 29.9128, -26.7968 ], [ 29.8697, -26.7853 ], [ 29.8709, -26.8075 ], [ 29.8634, -26.8138 ], [ 29.843, -26.7995 ], [ 29.8443, -26.7566 ], [ 29.8699, -26.6501 ], [ 29.8226, -26.6694 ], [ 29.7992, -26.6547 ], [ 29.7422, -26.6563 ], [ 29.7419, -26.6447 ], [ 29.7042, -26.6499 ], [ 29.6404, -26.6279 ], [ 29.6396, -26.5297 ], [ 29.6192, -26.5291 ], [ 29.6255, -26.4632 ], [ 29.6034, -26.435 ], [ 29.5662, -26.4428 ], [ 29.547, -26.4103 ], [ 29.5079, -26.3866 ], [ 29.534, -26.3528 ], [ 29.4687, -26.3525 ], [ 29.4703, -26.3032 ], [ 29.5231, -26.3015 ], [ 29.5167, -26.2809 ], [ 29.5296, -26.2688 ], [ 29.5422, -26.2764 ], [ 29.5404, -26.2539 ], [ 29.5858, -26.2534 ], [ 29.5943, -26.2398 ], [ 29.6676, -26.2446 ], [ 29.7051, -26.2281 ], [ 29.7154, -26.2038 ], [ 29.7588, -26.2254 ], [ 29.8047, -26.1895 ], [ 29.836, -26.2458 ], [ 29.8447, -26.2216 ], [ 29.8991, -26.217 ], [ 29.9411, -26.2166 ], [ 29.9691, -26.2434 ], [ 30.0489, -26.1924 ], [ 30.0619, -26.2096 ], [ 30.1523, -26.2149 ], [ 30.1563, -26.2581 ], [ 30.1772, -26.2497 ], [ 30.2082, -26.2015 ], [ 30.2095, -26.2201 ], [ 30.2286, -26.218 ], [ 30.3218, -26.1837 ], [ 30.3435, -26.2214 ], [ 30.36, -26.2062 ], [ 30.35, -26.1879 ], [ 30.358, -26.1707 ] ] ] } },
{ "type": "Feature", "properties": { "muni_code": "MP303" }, "geometry": { "type": "Polygon", "coordinates": [ [ [ 30.8003, -26.5041 ], [ 30.7909, -26.7151 ], [ 30.8125, -26.8435 ], [ 30.8873, -26.8036 ], [ 30.8919, -26.7851 ], [ 30.9074, -26.8599 ], [ 30.9736, -26.9082 ], [ 30.9765, -26.9534 ], [ 30.9583, -26.9921 ], [ 30.9848, -27.037 ], [ 31.0613, -27.0963 ], [ 31.1506, -27.2021 ], [ 31.2748, -27.2429 ], [ 31.1659, -27.3685 ], [ 31.0988, -27.3298 ], [ 31.044, -27.3533 ], [ 31.0309, -27.3463 ], [ 31.0205, -27.3606 ], [ 31.0084, -27.3488 ], [ 30.9424, -27.3682 ], [ 30.9222, -27.305 ], [ 30.8659, -27.3127 ], [ 30.8576, -27.3433 ], [ 30.8223, -27.3542 ], [ 30.8282, -27.3433 ], [ 30.8082, -27.3389 ], [ 30.7889, -27.3128 ], [ 30.771, -27.3264 ], [ 30.7627, -27.3074 ], [ 30.7283, -27.2993 ], [ 30.7178, -27.2838 ], [ 30.6606, -27.2879 ], [ 30.5877, -27.3229 ], [ 30.5467, -27.3259 ], [ 30.527, -27.3157 ], [ 30.5281, -27.2927 ], [ 30.5023, -27.2835 ], [ 30.5669, -27.1695 ], [ 30.4997, -27.1709 ], [ 30.4485, -27.2072 ], [ 30.399, -27.2071 ], [ 30.3948, -27.2196 ], [ 30.3281, -27.1839 ], [ 30.3389, -27.1593 ], [ 30.3155, -27.1463 ], [ 30.352, -27.1194 ], [ 30.3806, -27.117 ], [ 30.3995, -27.0215 ], [ 30.3607, -26.97 ], [ 30.2947, -27.0215 ], [ 30.2711, -27.0095 ], [ 30.2719, -26.9509 ], [ 30.2437, -26.8598 ], [ 30.2508, -26.8248 ], [ 30.3228, -26.8242 ], [ 30.3404, -26.7749 ], [ 30.4063, -26.7643 ], [ 30.416, -26.752 ], [ 30.4597, -26.7568 ], [ 30.5546, -26.7029 ], [ 30.5586, -26.686 ], [ 30.5293, -26.6646 ], [ 30.5497, -26.6404 ], [ 30.5016, -26.6077 ], [ 30.469, -26.5586 ], [ 30.5611, -26.5057 ], [ 30.6294, -26.5045 ], [ 30.6663, -26.5404 ], [ 30.7268, -26.5086 ], [ 30.7179, -26.4858 ], [ 30.8003, -26.5041 ] ] ] } },
{ "type": "Feature", "properties": { "muni_code": "MP304" }, "geometry": { "type": "Polygon", "coordinates": [ [ [ 29.9948, -26.6977 ], [ 30.0459, -26.7182 ], [ 30.053, -26.7087 ], [ 30.1112, -26.7363 ], [ 30.1279, -26.7289 ], [ 30.1529, -26.7722 ], [ 30.1278, -26.7856 ], [ 30.1379, -26.8348 ], [ 30.167, -26.835 ], [ 30.1742, -26.8598 ], [ 30.2022, -26.8588 ], [ 30.189, -26.817 ], [ 30.2508, -26.8248 ], [ 30.2437, -26.8598 ], [ 30.2719, -26.9509 ], [ 30.2711, -27.0095 ], [ 30.2947, -27.0215 ], [ 30.3607, -26.97 ], [ 30.3826, -26.9873 ], [ 30.3995, -27.0215 ], [ 30.3988, -27.0653 ], [ 30.3806, -27.117 ], [ 30.352, -27.1194 ], [ 30.3155, -27.1463 ], [ 30.3389, -27.1593 ], [ 30.3281, -27.1839 ], [ 30.3948, -27.2196 ], [ 30.399, -27.2071 ], [ 30.4485, -27.2072 ], [ 30.4997, -27.1709 ], [ 30.5669, -27.1695 ], [ 30.5023, -27.2835 ], [ 30.5281, -27.2927 ], [ 30.527, -27.3157 ], [ 30.4335, -27.3257 ], [ 30.4264, -27.2698 ], [ 30.3676, -27.2674 ], [ 30.3667, -27.3117 ], [ 30.3284, -27.2996 ], [ 30.3022, -27.3174 ], [ 30.2825, -27.3144 ], [ 30.2799, -27.3686 ], [ 30.2347, -27.3807 ], [ 30.2286, -27.3653 ], [ 30.1981, -27.3552 ], [ 30.1502, -27.3922 ], [ 30.1434, -27.4134 ], [ 30.0868, -27.3685 ], [ 30.0683, -27.3659 ], [ 30.0162, -27.3976 ], [ 29.9172, -27.3544 ], [ 29.8988, -27.3858 ], [ 29.8402, -27.379 ], [ 29.8226, -27.4273 ], [ 29.7962, -27.4577 ], [ 29.7226, -27.4323 ], [ 29.6991, -27.4508 ], [ 29.7014, -27.4939 ], [ 29.6189, -27.506 ], [ 29.6007, -27.4701 ], [ 29.5465, -27.4311 ], [ 29.552, -27.3988 ], [ 29.5381, -27.387 ], [ 29.5271, -27.3941 ], [ 29.5304, -27.3828 ], [ 29.5119, -27.3796 ], [ 29.5029, -27.3582 ], [ 29.4828, -27.36 ], [ 29.4902, -27.337 ], [ 29.469, -27.3242 ], [ 29.4637, -27.2877 ], [ 29.4189, -27.2545 ], [ 29.4339, -27.2343 ], [ 29.4601, -27.2325 ], [ 29.4926, -27.1947 ], [ 29.4873, -27.1729 ], [ 29.5504, -27.1856 ], [ 29.5728, -27.1054 ], [ 29.632, -27.1001 ], [ 29.6202, -27.0746 ], [ 29.6372, -27.0321 ], [ 29.6476, -27.032 ], [ 29.6652, -26.9432 ], [ 29.6589, -26.8627 ], [ 29.7013, -26.854 ], [ 29.7078, -26.8412 ], [ 29.7247, -26.8416 ], [ 29.7327, -26.8561 ], [ 29.7464, -26.832 ], [ 29.7622, -26.8334 ], [ 29.7675, -26.8578 ], [ 29.7814, -26.8424 ], [ 29.7996, -26.8483 ], [ 29.7965, -26.813 ], [ 29.8306, -26.8309 ], [ 29.8443, -26.7982 ], [ 29.8681, -26.8109 ], [ 29.8697, -26.7853 ], [ 29.9129, -26.7968 ], [ 29.9261, -26.7643 ], [ 29.9638, -26.7707 ], [ 29.9948, -26.6977 ] ] ] } },
{ "type": "Feature", "properties": { "muni_code": "MP305" }, "geometry": { "type": "Polygon", "coordinates": [ [ [ 29.5609, -26.5267 ], [ 29.6396, -26.5297 ], [ 29.6404, -26.6279 ], [ 29.7042, -26.6499 ], [ 29.7419, -26.6447 ], [ 29.7422, -26.6563 ], [ 29.7992, -26.6547 ], [ 29.8226, -26.6694 ], [ 29.8699, -26.6501 ], [ 29.8443, -26.7566 ], [ 29.844, -26.8192 ], [ 29.8291, -26.8309 ], [ 29.7968, -26.8129 ], [ 29.8, -26.8479 ], [ 29.7814, -26.8424 ], [ 29.7694, -26.8577 ], [ 29.7526, -26.8316 ], [ 29.7327, -26.8561 ], [ 29.7247, -26.8416 ], [ 29.7078, -26.8412 ], [ 29.7013, -26.854 ], [ 29.658, -26.8637 ], [ 29.6652, -26.9432 ], [ 29.6476, -27.032 ], [ 29.6372, -27.0321 ], [ 29.6202, -27.0746 ], [ 29.632, -27.1001 ], [ 29.5728, -27.1054 ], [ 29.5504, -27.1856 ], [ 29.4873, -27.1729 ], [ 29.4929, -27.1942 ], [ 29.4601, -27.2325 ], [ 29.4339, -27.2343 ], [ 29.4189, -27.2545 ], [ 29.3994, -27.2427 ], [ 29.3429, -27.2484 ], [ 29.3338, -27.2643 ], [ 29.3253, -27.2521 ], [ 29.3382, -27.2351 ], [ 29.3351, -27.2074 ], [ 29.309, -27.2162 ], [ 29.2864, -27.1903 ], [ 29.2682, -27.1983 ], [ 29.2604, -27.1813 ], [ 29.2563, -27.1946 ], [ 29.2463, -27.192 ], [ 29.2239, -27.1447 ], [ 29.1594, -27.1431 ], [ 29.1168, -27.1722 ], [ 29.104, -27.1303 ], [ 29.0718, -27.0857 ], [ 29.0557, -27.0813 ], [ 29.0742, -27.0635 ], [ 29.0533, -27.0337 ], [ 29.0555, -27.008 ], [ 29.0388, -27.0048 ], [ 29.031, -27.0289 ], [ 29.027, -27.0164 ], [ 28.9675, -26.9915 ], [ 28.9543, -27.0117 ], [ 28.893, -27.0138 ], [ 28.8853, -27.0248 ], [ 28.898, -27.0296 ], [ 28.9005, -27.0481 ], [ 28.8898, -27.0591 ], [ 28.8579, -27.0249 ], [ 28.844, -27.0387 ], [ 28.8544, -26.9706 ], [ 28.8282, -26.9197 ], [ 28.8516, -26.923 ], [ 28.8624, -26.91 ], [ 28.8536, -26.898 ], [ 28.885, -26.8841 ], [ 28.8888, -26.8521 ], [ 28.9155, -26.8454 ], [ 28.9138, -26.8318 ], [ 28.9431, -26.8423 ], [ 28.946, -26.8332 ], [ 28.9875, -26.835 ], [ 28.9775, -26.8149 ], [ 28.9217, -26.7976 ], [ 28.8827, -26.7574 ], [ 28.9164, -26.7344 ], [ 28.9128, -26.7153 ], [ 28.9321, -26.711 ], [ 28.8799, -26.6283 ], [ 28.9923, -26.6085 ], [ 28.9912, -26.686 ], [ 29.0198, -26.6927 ], [ 29.0231, -26.6816 ], [ 29.0859, -26.6991 ], [ 29.0705, -26.7209 ], [ 29.1252, -26.7074 ], [ 29.1446, -26.7376 ], [ 29.1711, -26.7107 ], [ 29.2414, -26.7168 ], [ 29.2238, -26.6583 ], [ 29.2475, -26.6562 ], [ 29.2475, -26.646 ], [ 29.291, -26.6401 ], [ 29.3255, -26.6613 ], [ 29.4594, -26.6467 ], [ 29.4563, -26.5916 ], [ 29.4891, -26.5886 ], [ 29.4868, -26.5533 ], [ 29.5683, -26.5616 ], [ 29.5609, -26.5267 ] ] ] } },
{ "type": "Feature", "properties": { "muni_code": "MP306" }, "geometry": { "type": "Polygon", "coordinates": [ [ [ 28.534, -26.5013 ], [ 28.5738, -26.5161 ], [ 28.569, -26.525 ], [ 28.5866, -26.52 ], [ 28.5849, -26.5386 ], [ 28.6382, -26.5473 ], [ 28.6312, -26.5246 ], [ 28.6416, -26.5076 ], [ 28.7639, -26.518 ], [ 28.7629, -26.5403 ], [ 28.8368, -26.5364 ], [ 28.8413, -26.5246 ], [ 28.8526, -26.5676 ], [ 28.9111, -26.5899 ], [ 28.8895, -26.6166 ], [ 28.9005, -26.6257 ], [ 28.8799, -26.6283 ], [ 28.9321, -26.711 ], [ 28.9128, -26.7153 ], [ 28.9164, -26.7344 ], [ 28.8827, -26.7574 ], [ 28.9217, -26.7976 ], [ 28.9775, -26.8149 ], [ 28.9875, -26.835 ], [ 28.946, -26.8332 ], [ 28.9431, -26.8423 ], [ 28.9138, -26.8318 ], [ 28.9155, -26.8454 ], [ 28.8888, -26.8521 ], [ 28.885, -26.8841 ], [ 28.8536, -26.898 ], [ 28.8624, -26.91 ], [ 28.8516, -26.923 ], [ 28.8282, -26.9197 ], [ 28.8544, -26.9706 ], [ 28.8415, -27.0405 ], [ 28.814, -27.0426 ], [ 28.8049, -27.0115 ], [ 28.795, -27.0289 ], [ 28.7738, -27.019 ], [ 28.7707, -27.003 ], [ 28.7365, -27.0017 ], [ 28.7109, -26.9692 ], [ 28.6834, -26.9752 ], [ 28.6455, -26.9527 ], [ 28.605, -26.9932 ], [ 28.6535, -26.9953 ], [ 28.6444, -27.0203 ], [ 28.6083, -27.0082 ], [ 28.6089, -27.0207 ], [ 28.5619, -27.0388 ], [ 28.5542, -27.0609 ], [ 28.5338, -27.0669 ], [ 28.5495, -27.0413 ], [ 28.5036, -27.008 ], [ 28.5096, -26.9866 ], [ 28.4779, -26.9503 ], [ 28.4676, -26.9828 ], [ 28.4514, -26.9638 ], [ 28.4366, -26.9645 ], [ 28.4514, -26.9813 ], [ 28.4185, -27.013 ], [ 28.4291, -26.9892 ], [ 28.3996, -26.9357 ], [ 28.3529, -26.9316 ], [ 28.3245, -26.949 ], [ 28.3301, -26.9239 ], [ 28.3017, -26.9409 ], [ 28.2815, -26.9061 ], [ 28.2626, -26.9148 ], [ 28.2443, -26.8848 ], [ 28.2435, -26.8737 ], [ 28.2843, -26.8644 ], [ 28.2835, -26.8771 ], [ 28.3096, -26.8794 ], [ 28.325, -26.8411 ], [ 28.3194, -26.7927 ], [ 28.3482, -26.7729 ], [ 28.4069, -26.7617 ], [ 28.394, -26.7168 ], [ 28.383, -26.7175 ], [ 28.4001, -26.655 ], [ 28.4438, -26.6544 ], [ 28.4431, -26.6392 ], [ 28.4903, -26.6353 ], [ 28.4798, -26.6175 ], [ 28.533, -26.5779 ], [ 28.5242, -26.5285 ], [ 28.534, -26.5013 ] ] ] } },
{ "type": "Feature", "properties": { "muni_code": "MP307" }, "geometry": { "type": "Polygon", "coordinates": [ [ [ 29.5602, -26.2092 ], [ 29.5422, -26.2764 ], [ 29.5296, -26.2688 ], [ 29.5167, -26.2809 ], [ 29.5231, -26.3015 ], [ 29.4703, -26.3032 ], [ 29.4687, -26.3525 ], [ 29.534, -26.3528 ], [ 29.5079, -26.3866 ], [ 29.547, -26.4103 ], [ 29.5662, -26.4428 ], [ 29.6034, -26.435 ], [ 29.628, -26.4744 ], [ 29.6202, -26.5249 ], [ 29.5609, -26.5267 ], [ 29.5683, -26.5616 ], [ 29.4868, -26.5533 ], [ 29.4891, -26.5886 ], [ 29.4563, -26.5916 ], [ 29.4594, -26.6467 ], [ 29.3255, -26.6613 ], [ 29.291, -26.6401 ], [ 29.2475, -26.646 ], [ 29.2475, -26.6562 ], [ 29.2238, -26.6583 ], [ 29.2414, -26.7168 ], [ 29.1711, -26.7107 ], [ 29.1446, -26.7376 ], [ 29.1252, -26.7074 ], [ 29.0705, -26.7209 ], [ 29.0859, -26.6991 ], [ 29.0231, -26.6816 ], [ 29.0198, -26.6927 ], [ 28.9912, -26.686 ], [ 28.9923, -26.6085 ], [ 28.8975, -26.624 ], [ 28.8895, -26.6166 ], [ 28.9111, -26.5899 ], [ 28.8526, -26.5676 ], [ 28.8413, -26.5246 ], [ 28.8368, -26.5364 ], [ 28.7629, -26.5403 ], [ 28.7659, -26.4714 ], [ 28.7899, -26.4265 ], [ 28.8613, -26.3986 ], [ 28.8384, -26.3408 ], [ 28.8676, -26.3276 ], [ 28.8863, -26.2577 ], [ 28.9395, -26.2658 ], [ 28.9708, -26.2384 ], [ 29.0333, -26.2258 ], [ 29.0658, -26.3143 ], [ 29.1022, -26.3298 ], [ 29.1236, -26.3843 ], [ 29.1734, -26.3486 ], [ 29.1952, -26.362 ], [ 29.2163, -26.3622 ], [ 29.2174, -26.351 ], [ 29.2606, -26.3624 ], [ 29.2851, -26.3427 ], [ 29.3452, -26.354 ], [ 29.3673, -26.2638 ], [ 29.3407, -26.2451 ], [ 29.3535, -26.2231 ], [ 29.3445, -26.2148 ], [ 29.375, -26.1964 ], [ 29.4555, -26.2114 ], [ 29.4756, -26.1738 ], [ 29.4934, -26.1695 ], [ 29.5602, -26.2092 ] ] ] } },
{ "type": "Feature", "properties": { "muni_code": "MP311" }, "geometry": { "type": "Polygon", "coordinates": [ [ [ 28.9911, -25.8697 ], [ 29.0267, -25.9167 ], [ 28.9937, -25.9395 ], [ 28.9657, -25.9179 ], [ 28.9687, -25.9693 ], [ 28.9537, -25.9748 ], [ 28.9675, -26.027 ], [ 28.9249, -26.0238 ], [ 28.9207, -26.0581 ], [ 28.9309, -26.0705 ], [ 28.9196, -26.1 ], [ 28.9994, -26.1209 ], [ 28.9978, -26.1472 ], [ 29.0196, -26.1466 ], [ 29.0203, -26.1932 ], [ 28.9822, -26.1963 ], [ 28.9835, -26.2421 ], [ 28.9708, -26.2384 ], [ 28.9395, -26.2658 ], [ 28.8863, -26.2577 ], [ 28.8676, -26.3276 ], [ 28.8178, -26.3457 ], [ 28.8051, -26.3066 ], [ 28.7101, -26.3412 ], [ 28.6269, -26.2924 ], [ 28.6223, -26.2484 ], [ 28.5305, -26.2253 ], [ 28.5343, -26.1722 ], [ 28.5272, -26.1787 ], [ 28.5213, -26.1445 ], [ 28.4905, -26.1264 ], [ 28.5012, -26.0896 ], [ 28.5158, -26.0812 ], [ 28.5031, -26.0638 ], [ 28.5308, -26.0616 ], [ 28.5386, -26.0478 ], [ 28.5789, -26.0596 ], [ 28.5909, -26.0025 ], [ 28.6323, -25.9708 ], [ 28.7108, -25.9906 ], [ 28.7624, -25.9831 ], [ 28.7739, -26.0137 ], [ 28.8674, -26.0071 ], [ 28.885, -25.9744 ], [ 28.8868, -25.8714 ], [ 28.9382, -25.8886 ], [ 28.9411, -25.8773 ], [ 28.9582, -25.88 ], [ 28.9563, -25.9055 ], [ 28.9911, -25.8697 ] ] ] } },
{ "type": "Feature", "properties": { "muni_code": "MP312" }, "geometry": { "type": "Polygon", "coordinates": [ [ [ 29.1962, -25.6857 ], [ 29.1888, -25.7229 ], [ 29.2195, -25.7418 ], [ 29.2425, -25.7088 ], [ 29.2891, -25.7454 ], [ 29.292, -25.7951 ], [ 29.328, -25.7917 ], [ 29.3094, -25.8446 ], [ 29.3407, -25.8442 ], [ 29.351, -25.8993 ], [ 29.3804, -25.899 ], [ 29.3649, -25.943 ], [ 29.3495, -25.9481 ], [ 29.3472, -25.9594 ], [ 29.3608, -25.96 ], [ 29.3298, -25.9869 ], [ 29.4024, -26.0632 ], [ 29.3337, -26.0952 ], [ 29.391, -26.1442 ], [ 29.407, -26.1396 ], [ 29.388, -26.2049 ], [ 29.375, -26.1964 ], [ 29.3445, -26.2148 ], [ 29.3535, -26.2231 ], [ 29.3407, -26.2451 ], [ 29.3673, -26.2638 ], [ 29.3452, -26.354 ], [ 29.2851, -26.3427 ], [ 29.2606, -26.3624 ], [ 29.2174, -26.351 ], [ 29.2163, -26.3622 ], [ 29.1952, -26.362 ], [ 29.1734, -26.3486 ], [ 29.1236, -26.3843 ], [ 29.1022, -26.3298 ], [ 29.0658, -26.3143 ], [ 29.0333, -26.2258 ], [ 28.9842, -26.2369 ], [ 28.9822, -26.1963 ], [ 29.0203, -26.1932 ], [ 29.0196, -26.1466 ], [ 28.9978, -26.1472 ], [ 28.9994, -26.1209 ], [ 28.9196, -26.1 ], [ 28.9309, -26.0705 ], [ 28.9207, -26.0581 ], [ 28.9249, -26.0238 ], [ 28.9675, -26.027 ], [ 28.9537, -25.9748 ], [ 28.9687, -25.9693 ], [ 28.9657, -25.9179 ], [ 28.9937, -25.9395 ], [ 29.0267, -25.9167 ], [ 28.9911, -25.8697 ], [ 28.9506, -25.9002 ], [ 28.9597, -25.8809 ], [ 28.9411, -25.8773 ], [ 28.9504, -25.8374 ], [ 28.9382, -25.8233 ], [ 28.9813, -25.7425 ], [ 28.9507, -25.7283 ], [ 28.9688, -25.6733 ], [ 29.0083, -25.6606 ], [ 29.0415, -25.708 ], [ 29.1173, -25.6565 ], [ 29.1962, -25.6857 ] ] ] } },
{ "type": "Feature", "properties": { "muni_code": "MP313" }, "geometry": { "type": "Polygon", "coordinates": [ [ [ 29.3625, -25.4071 ], [ 29.5188, -25.4228 ], [ 29.5115, -25.4588 ], [ 29.4973, -25.4605 ], [ 29.5324, -25.4903 ], [ 29.5479, -25.5536 ], [ 29.5802, -25.5401 ], [ 29.581, -25.5833 ], [ 29.6476, -25.5796 ], [ 29.6535, -25.5689 ], [ 29.7131, -25.5721 ], [ 29.7064, -25.6134 ], [ 29.7767, -25.6198 ], [ 29.7852, -25.6743 ], [ 29.7941, -25.656 ], [ 29.8208, -25.6451 ], [ 29.8477, -25.6768 ], [ 29.8259, -25.7014 ], [ 29.837, -25.7288 ], [ 29.8239, -25.7354 ], [ 29.828, -25.7495 ], [ 29.8419, -25.7411 ], [ 29.851, -25.765 ], [ 29.8092, -25.7614 ], [ 29.8009, -25.8488 ], [ 29.8632, -25.851 ], [ 29.8306, -25.9219 ], [ 29.8568, -25.9345 ], [ 29.877, -25.9652 ], [ 29.8566, -25.979 ], [ 29.8658, -26.0139 ], [ 29.8111, -26.1053 ], [ 29.8047, -26.1895 ], [ 29.7588, -26.2254 ], [ 29.7154, -26.2038 ], [ 29.7051, -26.2281 ], [ 29.6676, -26.2446 ], [ 29.5943, -26.2398 ], [ 29.5858, -26.2534 ], [ 29.5404, -26.2539 ], [ 29.5602, -26.2092 ], [ 29.4934, -26.1695 ], [ 29.4756, -26.1738 ], [ 29.4555, -26.2114 ], [ 29.388, -26.2049 ], [ 29.407, -26.1396 ], [ 29.391, -26.1442 ], [ 29.3337, -26.0952 ], [ 29.4024, -26.0632 ], [ 29.3298, -25.9869 ], [ 29.3608, -25.96 ], [ 29.3472, -25.9594 ], [ 29.3495, -25.9481 ], [ 29.3649, -25.943 ], [ 29.3804, -25.899 ], [ 29.351, -25.8993 ], [ 29.3407, -25.8442 ], [ 29.3094, -25.8446 ], [ 29.328, -25.7917 ], [ 29.292, -25.7951 ], [ 29.2891, -25.7454 ], [ 29.3049, -25.679 ], [ 29.2878, -25.6627 ], [ 29.27, -25.6682 ], [ 29.2864, -25.6413 ], [ 29.2323, -25.6237 ], [ 29.2179, -25.6355 ], [ 29.2073, -25.609 ], [ 29.1893, -25.6082 ], [ 29.209, -25.6019 ], [ 29.1985, -25.5837 ], [ 29.2101, -25.5821 ], [ 29.1682, -25.5631 ], [ 29.2055, -25.5576 ], [ 29.2116, -25.5699 ], [ 29.2188, -25.5446 ], [ 29.2359, -25.5636 ], [ 29.2287, -25.5272 ], [ 29.2482, -25.5327 ], [ 29.2664, -25.5133 ], [ 29.2413, -25.4912 ], [ 29.2692, -25.4808 ], [ 29.2526, -25.4676 ], [ 29.2798, -25.4679 ], [ 29.2881, -25.4389 ], [ 29.3086, -25.4391 ], [ 29.319, -25.4212 ], [ 29.3324, -25.4349 ], [ 29.3618, -25.4219 ], [ 29.3625, -25.4071 ] ] ] } },
{ "type": "Feature", "properties": { "muni_code": "MP314" }, "geometry": { "type": "Polygon", "coordinates": [ [ [ 30.1761, -25.2668 ], [ 30.2034, -25.3085 ], [ 30.1881, -25.3203 ], [ 30.2056, -25.3568 ], [ 30.2235, -25.366 ], [ 30.2273, -25.3495 ], [ 30.2517, -25.3573 ], [ 30.2295, -25.4324 ], [ 30.2626, -25.473 ], [ 30.3014, -25.445 ], [ 30.351, -25.4925 ], [ 30.4178, -25.4235 ], [ 30.4014, -25.3808 ], [ 30.4243, -25.3525 ], [ 30.4492, -25.345 ], [ 30.4424, -25.3808 ], [ 30.4807, -25.4618 ], [ 30.5005, -25.4511 ], [ 30.5105, -25.4758 ], [ 30.5309, -25.4664 ], [ 30.5653, -25.4812 ], [ 30.5341, -25.536 ], [ 30.5408, -25.5544 ], [ 30.5937, -25.5541 ], [ 30.6326, -25.6297 ], [ 30.6081, -25.6553 ], [ 30.6656, -25.673 ], [ 30.6385, -25.724 ], [ 30.6112, -25.719 ], [ 30.5796, -25.7535 ], [ 30.6061, -25.7897 ], [ 30.5586, -25.7683 ], [ 30.5193, -25.7286 ], [ 30.4864, -25.7622 ], [ 30.5149, -25.7879 ], [ 30.484, -25.8186 ], [ 30.4788, -25.7938 ], [ 30.4568, -25.8036 ], [ 30.4554, -25.8383 ], [ 30.4191, -25.8776 ], [ 30.3811, -25.8869 ], [ 30.3311, -25.8805 ], [ 30.2991, -25.9264 ], [ 30.2434, -25.8721 ], [ 30.2704, -25.8254 ], [ 30.2138, -25.804 ], [ 30.2008, -25.8364 ], [ 30.1517, -25.8193 ], [ 30.1497, -25.8297 ], [ 30.0915, -25.8462 ], [ 30.0867, -25.8603 ], [ 29.9899, -25.8831 ], [ 29.9977, -25.9187 ], [ 29.9589, -25.9129 ], [ 29.8989, -25.8687 ], [ 29.8618, -25.8625 ], [ 29.8632, -25.851 ], [ 29.8009, -25.8488 ], [ 29.8092, -25.7614 ], [ 29.851, -25.765 ], [ 29.8419, -25.7411 ], [ 29.828, -25.7495 ], [ 29.8239, -25.7354 ], [ 29.837, -25.7288 ], [ 29.8259, -25.7014 ], [ 29.8477, -25.6768 ], [ 29.8208, -25.6451 ], [ 29.7941, -25.656 ], [ 29.7852, -25.6743 ], [ 29.7767, -25.6198 ], [ 29.7064, -25.6134 ], [ 29.7131, -25.5721 ], [ 29.6535, -25.5689 ], [ 29.6476, -25.5796 ], [ 29.581, -25.5833 ], [ 29.5802, -25.5401 ], [ 29.5479, -25.5536 ], [ 29.5324, -25.4903 ], [ 29.4973, -25.4605 ], [ 29.5115, -25.4588 ], [ 29.5226, -25.405 ], [ 29.6128, -25.4006 ], [ 29.6739, -25.3722 ], [ 29.7702, -25.4015 ], [ 29.7932, -25.3621 ], [ 29.8203, -25.3589 ], [ 29.8403, -25.3863 ], [ 29.8878, -25.3643 ], [ 29.8879, -25.3386 ], [ 29.9376, -25.331 ], [ 29.9906, -25.3383 ], [ 29.9935, -25.3547 ], [ 30.0255, -25.3677 ], [ 30.1117, -25.265 ], [ 30.1258, -25.2123 ], [ 30.1432, -25.2458 ], [ 30.1761, -25.2668 ] ] ] } },
{ "type": "Feature", "properties": { "muni_code": "MP315" }, "geometry": { "type": "Polygon", "coordinates": [ [ [ 29.0267, -25.2499 ], [ 29.0414, -25.261 ], [ 29.0384, -25.2765 ], [ 29.0902, -25.2894 ], [ 29.0959, -25.3212 ], [ 29.167, -25.3034 ], [ 29.1746, -25.3185 ], [ 29.1641, -25.3545 ], [ 29.1313, -25.3902 ], [ 29.1957, -25.3703 ], [ 29.2073, -25.4146 ], [ 29.243, -25.4036 ], [ 29.2644, -25.3755 ], [ 29.3421, -25.3731 ], [ 29.35, -25.4046 ], [ 29.3625, -25.4071 ], [ 29.3621, -25.4215 ], [ 29.3444, -25.432 ], [ 29.3199, -25.421 ], [ 29.3086, -25.4391 ], [ 29.2909, -25.4367 ], [ 29.2798, -25.4679 ], [ 29.2531, -25.4667 ], [ 29.2692, -25.4808 ], [ 29.2413, -25.4912 ], [ 29.2664, -25.5133 ], [ 29.2482, -25.5327 ], [ 29.2287, -25.5272 ], [ 29.2356, -25.5638 ], [ 29.2188, -25.5446 ], [ 29.2116, -25.5699 ], [ 29.2055, -25.5576 ], [ 29.1682, -25.5631 ], [ 29.2101, -25.5821 ], [ 29.1985, -25.5837 ], [ 29.209, -25.6019 ], [ 29.1977, -25.5987 ], [ 29.1893, -25.6082 ], [ 29.2073, -25.609 ], [ 29.2179, -25.6355 ], [ 29.2323, -25.6237 ], [ 29.2864, -25.6413 ], [ 29.2706, -25.6717 ], [ 29.2878, -25.6627 ], [ 29.3049, -25.6798 ], [ 29.2891, -25.7454 ], [ 29.2425, -25.7088 ], [ 29.2195, -25.7418 ], [ 29.1888, -25.7229 ], [ 29.1962, -25.6857 ], [ 29.1173, -25.6565 ], [ 29.0415, -25.708 ], [ 29.0083, -25.6606 ], [ 29.0646, -25.6424 ], [ 29.0642, -25.6207 ], [ 29.04, -25.6176 ], [ 29.0456, -25.5808 ], [ 29.0343, -25.5634 ], [ 29.0984, -25.5377 ], [ 29.08, -25.4946 ], [ 29.0587, -25.5272 ], [ 29.0129, -25.5137 ], [ 29.019, -25.5278 ], [ 28.9869, -25.5402 ], [ 29.0078, -25.5742 ], [ 28.9465, -25.5998 ], [ 28.9152, -25.558 ], [ 28.9101, -25.5245 ], [ 28.8582, -25.5691 ], [ 28.8741, -25.5271 ], [ 28.8518, -25.5018 ], [ 28.8015, -25.5385 ], [ 28.8085, -25.5732 ], [ 28.8431, -25.5664 ], [ 28.8584, -25.6348 ], [ 28.872, -25.6416 ], [ 28.8693, -25.6581 ], [ 28.8416, -25.6545 ], [ 28.836, -25.6374 ], [ 28.8115, -25.643 ], [ 28.81, -25.6591 ], [ 28.847, -25.6824 ], [ 28.8331, -25.6893 ], [ 28.7572, -25.7059 ], [ 28.7663, -25.647 ], [ 28.7382, -25.6339 ], [ 28.7239, -25.6318 ], [ 28.7088, -25.6828 ], [ 28.6727, -25.665 ], [ 28.6267, -25.5311 ], [ 28.6321, -25.4884 ], [ 28.6154, -25.4679 ], [ 28.6295, -25.4594 ], [ 28.6198, -25.4114 ], [ 28.6389, -25.394 ], [ 28.6226, -25.3336 ], [ 28.7329, -25.2827 ], [ 28.791, -25.3283 ], [ 28.8992, -25.235 ], [ 29.0267, -25.2499 ] ] ] } },
{ "type": "Feature", "properties": { "muni_code": "MP316" }, "geometry": { "type": "Polygon", "coordinates": [ [ [ 28.9241, -24.9015 ], [ 28.9418, -24.9336 ], [ 28.8916, -24.9555 ], [ 28.9103, -25.0071 ], [ 28.9349, -25.0 ], [ 28.9717, -25.0702 ], [ 29.0188, -25.0549 ], [ 29.0707, -25.0655 ], [ 29.0883, -25.1036 ], [ 29.1284, -25.113 ], [ 29.0869, -25.1365 ], [ 29.0898, -25.1485 ], [ 29.0425, -25.1405 ], [ 29.0449, -25.2022 ], [ 29.0315, -25.2507 ], [ 28.8992, -25.235 ], [ 28.791, -25.3283 ], [ 28.7396, -25.2885 ], [ 28.7324, -25.2692 ], [ 28.7638, -25.2211 ], [ 28.7846, -25.2287 ], [ 28.7446, -25.1096 ], [ 28.6516, -25.1429 ], [ 28.6489, -25.1129 ], [ 28.5961, -25.1426 ], [ 28.5366, -25.1524 ], [ 28.5321, -25.1698 ], [ 28.4616, -25.2015 ], [ 28.3869, -25.2134 ], [ 28.411, -25.2048 ], [ 28.3793, -25.1553 ], [ 28.443, -25.129 ], [ 28.4952, -25.1318 ], [ 28.4737, -25.0893 ], [ 28.6343, -25.0582 ], [ 28.6191, -25.0308 ], [ 28.6057, -25.0034 ], [ 28.7138, -24.9536 ], [ 28.7594, -24.9114 ], [ 28.8374, -24.916 ], [ 28.8464, -24.9333 ], [ 28.9241, -24.9015 ] ] ] } },
{ "type": "Feature", "properties": { "muni_code": "MP321" }, "geometry": { "type": "Polygon", "coordinates": [ [ [ 30.795, -24.5775 ], [ 30.9091, -24.6443 ], [ 30.9132, -24.6729 ], [ 30.8899, -24.7088 ], [ 30.907, -24.7229 ], [ 30.8988, -24.7404 ], [ 30.9093, -24.7848 ], [ 30.9194, -24.8052 ], [ 31.0054, -24.837 ], [ 31.0268, -24.9141 ], [ 31.0316, -24.9969 ], [ 31.0157, -25.0292 ], [ 31.0252, -25.0301 ], [ 31.0217, -25.041 ], [ 30.9812, -25.0611 ], [ 30.9679, -25.1217 ], [ 30.9411, -25.1289 ], [ 30.9383, -25.1674 ], [ 30.9172, -25.2083 ], [ 30.9782, -25.2902 ], [ 30.9009, -25.321 ], [ 30.9457, -25.3577 ], [ 30.8818, -25.3837 ], [ 30.894, -25.3999 ], [ 30.8647, -25.3712 ], [ 30.8549, -25.398 ], [ 30.7907, -25.3533 ], [ 30.7457, -25.3767 ], [ 30.6972, -25.367 ], [ 30.6299, -25.285 ], [ 30.5889, -25.3219 ], [ 30.5483, -25.3131 ], [ 30.532, -25.3496 ], [ 30.4243, -25.3525 ], [ 30.4014, -25.3808 ], [ 30.4178, -25.4235 ], [ 30.351, -25.4925 ], [ 30.3014, -25.445 ], [ 30.2626, -25.473 ], [ 30.2312, -25.4346 ], [ 30.2517, -25.3573 ], [ 30.2273, -25.3495 ], [ 30.2235, -25.366 ], [ 30.2056, -25.3568 ], [ 30.1881, -25.3203 ], [ 30.2034, -25.3085 ], [ 30.1908, -25.2758 ], [ 30.1432, -25.2458 ], [ 30.1258, -25.2123 ], [ 30.1117, -25.265 ], [ 30.0255, -25.3677 ], [ 29.9935, -25.3547 ], [ 29.9906, -25.3383 ], [ 30.0062, -25.3403 ], [ 30.0007, -25.2795 ], [ 30.0129, -25.231 ], [ 30.0054, -25.1444 ], [ 29.9789, -25.0921 ], [ 30.0298, -25.0846 ], [ 30.0299, -25.0641 ], [ 30.0902, -25.1081 ], [ 30.0908, -25.1255 ], [ 30.1444, -25.1238 ], [ 30.1485, -25.0324 ], [ 30.1987, -25.0364 ], [ 30.1721, -24.9892 ], [ 30.192, -24.8555 ], [ 30.2973, -24.8677 ], [ 30.308, -24.885 ], [ 30.3109, -24.8729 ], [ 30.3529, -24.8834 ], [ 30.3542, -24.8493 ], [ 30.3965, -24.8712 ], [ 30.3897, -24.8494 ], [ 30.4251, -24.8549 ], [ 30.4515, -24.912 ], [ 30.4942, -24.9533 ], [ 30.4963, -24.9147 ], [ 30.5629, -24.8965 ], [ 30.5812, -24.9169 ], [ 30.58, -24.8874 ], [ 30.6084, -24.8724 ], [ 30.6187, -24.8442 ], [ 30.6349, -24.8528 ], [ 30.6642, -24.7746 ], [ 30.6337, -24.7585 ], [ 30.6366, -24.7341 ], [ 30.6786, -24.7358 ], [ 30.7201, -24.7052 ], [ 30.6792, -24.6237 ], [ 30.7015, -24.5864 ], [ 30.7303, -24.6087 ], [ 30.7302, -24.4985 ], [ 30.759, -24.4602 ], [ 30.7993, -24.4989 ], [ 30.8717, -24.5385 ], [ 30.795, -24.5775 ] ] ] } },
{ "type": "Feature", "properties": { "muni_code": "MP324" }, "geometry": { "type": "Polygon", "coordinates": [ [ [ 31.7341, -24.9591 ], [ 31.7683, -24.9745 ], [ 31.7699, -24.9966 ], [ 31.8229, -25.0617 ], [ 31.942, -25.1248 ], [ 31.9475, -25.162 ], [ 31.9933, -25.1596 ], [ 32.0151, -25.1848 ], [ 32.032, -25.1831 ], [ 32.0153, -25.3825 ], [ 31.9774, -25.4747 ], [ 31.9813, -25.5238 ], [ 31.9958, -25.5263 ], [ 32.0061, -25.6452 ], [ 31.9786, -25.6937 ], [ 31.9305, -25.8408 ], [ 31.9737, -25.9532 ], [ 31.8679, -25.9996 ], [ 31.4163, -25.7188 ], [ 31.2885, -25.7499 ], [ 31.2946, -25.7301 ], [ 31.2817, -25.7141 ], [ 31.2725, -25.7199 ], [ 31.2572, -25.668 ], [ 31.3033, -25.6639 ], [ 31.306, -25.6389 ], [ 31.3307, -25.6094 ], [ 31.3084, -25.5875 ], [ 31.2796, -25.6065 ], [ 31.2929, -25.5828 ], [ 31.2758, -25.5602 ], [ 31.2836, -25.5319 ], [ 31.3002, -25.5415 ], [ 31.3373, -25.522 ], [ 31.3855, -25.5268 ], [ 31.398, -25.5134 ], [ 31.4827, -25.4966 ], [ 31.5367, -25.465 ], [ 31.5221, -25.4432 ], [ 31.5584, -25.4273 ], [ 31.5848, -25.3349 ], [ 31.6275, -25.2714 ], [ 31.6222, -25.1815 ], [ 31.5885, -25.0117 ], [ 31.6109, -24.9892 ], [ 31.6743, -24.9652 ], [ 31.7341, -24.9591 ] ] ] } },
{ "type": "Feature", "properties": { "muni_code": "MP325" }, "geometry": { "type": "Polygon", "coordinates": [ [ [ 31.8095, -23.9988 ], [ 31.825, -23.9862 ], [ 31.8838, -23.9846 ], [ 31.908, -24.1824 ], [ 31.9871, -24.3022 ], [ 32.0131, -24.4546 ], [ 31.9983, -24.6897 ], [ 32.032, -25.1831 ], [ 32.0151, -25.1848 ], [ 31.9933, -25.1596 ], [ 31.9475, -25.162 ], [ 31.942, -25.1248 ], [ 31.8229, -25.0617 ], [ 31.7699, -24.9966 ], [ 31.7683, -24.9745 ], [ 31.7222, -24.9532 ], [ 31.5937, -24.9919 ], [ 31.5655, -24.9604 ], [ 31.5303, -24.9752 ], [ 31.4954, -24.9687 ], [ 31.455, -24.9881 ], [ 31.4118, -24.9691 ], [ 31.3811, -24.9646 ], [ 31.3448, -24.9775 ], [ 31.3158, -24.9645 ], [ 31.2904, -24.9883 ], [ 31.2528, -24.9811 ], [ 31.2493, -25.0184 ], [ 31.1369, -25.0223 ], [ 31.1128, -24.9865 ], [ 31.0611, -24.9939 ], [ 31.0844, -25.0307 ], [ 31.0157, -25.0292 ], [ 31.0316, -24.9969 ], [ 31.0305, -24.9656 ], [ 31.0054, -24.837 ], [ 30.9194, -24.8052 ], [ 30.8988, -24.7404 ], [ 30.907, -24.7229 ], [ 30.8899, -24.7088 ], [ 30.9132, -24.6729 ], [ 30.8989, -24.6303 ], [ 30.795, -24.5775 ], [ 30.8717, -24.5385 ], [ 30.9543, -24.5213 ], [ 30.9593, -24.5821 ], [ 31.2262, -24.556 ], [ 31.2537, -24.4991 ], [ 31.2032, -24.4265 ], [ 31.1599, -24.4374 ], [ 31.16, -24.3756 ], [ 31.242, -24.3654 ], [ 31.2001, -24.3049 ], [ 31.1525, -24.3187 ], [ 31.056, -24.3219 ], [ 31.0499, -24.1873 ], [ 31.1073, -24.1457 ], [ 31.0961, -24.1174 ], [ 31.1151, -24.1192 ], [ 31.1206, -24.0903 ], [ 31.0634, -24.0915 ], [ 31.1009, -24.0708 ], [ 31.1471, -24.0697 ], [ 31.1919, -24.0311 ], [ 31.2347, -24.0576 ], [ 31.2572, -24.1011 ], [ 31.2935, -24.0744 ], [ 31.3206, -24.0826 ], [ 31.36, -24.0712 ], [ 31.3791, -24.0523 ], [ 31.399, -24.0676 ], [ 31.4312, -24.0524 ], [ 31.4476, -24.0199 ], [ 31.5291, -24.0567 ], [ 31.5682, -24.0331 ], [ 31.5981, -24.0563 ], [ 31.6209, -24.0233 ], [ 31.6593, -24.0141 ], [ 31.68, -24.0567 ], [ 31.7019, -24.0599 ], [ 31.7358, -24.0461 ], [ 31.7349, -24.0113 ], [ 31.77, -23.9832 ], [ 31.8095, -23.9988 ] ] ] } },
{ "type": "Feature", "properties": { "muni_code": "MP326" }, "geometry": { "type": "Polygon", "coordinates": [ [ [ 31.11, -24.9869 ], [ 31.1251, -25.015 ], [ 31.1673, -25.0242 ], [ 31.2507, -25.018 ], [ 31.2528, -24.9811 ], [ 31.2904, -24.9883 ], [ 31.3115, -24.9792 ], [ 31.315, -24.9646 ], [ 31.3454, -24.9775 ], [ 31.3811, -24.9646 ], [ 31.4118, -24.9691 ], [ 31.455, -24.9881 ], [ 31.4954, -24.9687 ], [ 31.5303, -24.9752 ], [ 31.5671, -24.9608 ], [ 31.5919, -24.9916 ], [ 31.6109, -24.9892 ], [ 31.5864, -25.0251 ], [ 31.6196, -25.1656 ], [ 31.6275, -25.2714 ], [ 31.5848, -25.3349 ], [ 31.5584, -25.4273 ], [ 31.5221, -25.4432 ], [ 31.5361, -25.4659 ], [ 31.4827, -25.4966 ], [ 31.398, -25.5134 ], [ 31.3855, -25.5268 ], [ 31.3373, -25.522 ], [ 31.3002, -25.5415 ], [ 31.2836, -25.5319 ], [ 31.2758, -25.5602 ], [ 31.2929, -25.5828 ], [ 31.2796, -25.6065 ], [ 31.3084, -25.5875 ], [ 31.3307, -25.6094 ], [ 31.306, -25.6389 ], [ 31.3033, -25.6639 ], [ 31.2572, -25.668 ], [ 31.2725, -25.7199 ], [ 31.2817, -25.7141 ], [ 31.2946, -25.7301 ], [ 31.2885, -25.7499 ], [ 31.3159, -25.743 ], [ 31.2636, -25.8096 ], [ 31.1266, -25.9211 ], [ 31.0557, -25.9239 ], [ 31.0439, -25.9126 ], [ 31.0395, -25.8663 ], [ 30.969, -25.9348 ], [ 30.8126, -25.9154 ], [ 30.8231, -25.8765 ], [ 30.7668, -25.8553 ], [ 30.7523, -25.7983 ], [ 30.7251, -25.7592 ], [ 30.7327, -25.7414 ], [ 30.6466, -25.7124 ], [ 30.6656, -25.673 ], [ 30.6081, -25.6553 ], [ 30.6326, -25.6297 ], [ 30.5937, -25.5541 ], [ 30.5408, -25.5544 ], [ 30.5341, -25.536 ], [ 30.5653, -25.4812 ], [ 30.5309, -25.4664 ], [ 30.5105, -25.4758 ], [ 30.5005, -25.4511 ], [ 30.4807, -25.4618 ], [ 30.4424, -25.3808 ], [ 30.4492, -25.345 ], [ 30.532, -25.3496 ], [ 30.5483, -25.3131 ], [ 30.5889, -25.3219 ], [ 30.6299, -25.285 ], [ 30.6972, -25.367 ], [ 30.7457, -25.3767 ], [ 30.7907, -25.3533 ], [ 30.8549, -25.398 ], [ 30.8647, -25.3712 ], [ 30.894, -25.3999 ], [ 30.8818, -25.3837 ], [ 30.9457, -25.3577 ], [ 30.9009, -25.321 ], [ 30.9782, -25.2902 ], [ 30.9172, -25.2083 ], [ 30.9383, -25.1674 ], [ 30.9411, -25.1289 ], [ 30.9679, -25.1217 ], [ 30.9812, -25.0611 ], [ 31.0252, -25.0301 ], [ 31.0866, -25.0296 ], [ 31.0611, -24.9939 ], [ 31.11, -24.9869 ] ] ] } },
{ "type": "Feature", "properties": { "muni_code": "NC061" }, "geometry": { "type": "Polygon", "coordinates": [ [ [ 17.4605, -29.0277 ], [ 17.5646, -29.3983 ], [ 17.5209, -29.4374 ], [ 17.4681, -29.42 ], [ 17.3698, -29.4178 ], [ 17.3264, -29.4043 ], [ 17.3564, -29.3275 ], [ 17.2999, -29.3045 ], [ 17.2382, -29.2407 ], [ 17.1967, -29.2685 ], [ 17.1673, -29.2728 ], [ 17.1748, -29.3027 ], [ 17.1326, -29.3088 ], [ 17.133, -29.3253 ], [ 17.0916, -29.3338 ], [ 17.104, -29.3753 ], [ 17.0868, -29.4437 ], [ 17.0373, -29.5007 ], [ 16.9946, -29.515 ], [ 16.9714, -29.4376 ], [ 16.9463, -29.4083 ], [ 16.9418, -29.3718 ], [ 16.8798, -29.2969 ], [ 16.8675, -29.2471 ], [ 16.8382, -29.2114 ], [ 16.8432, -29.1857 ], [ 16.8136, -29.1103 ], [ 16.8174, -29.0934 ], [ 16.7479, -29.0425 ], [ 16.7182, -29.0028 ], [ 16.7212, -28.9784 ], [ 16.7027, -28.9654 ], [ 16.689, -28.9257 ], [ 16.6026, -28.8749 ], [ 16.5616, -28.762 ], [ 16.5704, -28.7277 ], [ 16.5352, -28.7061 ], [ 16.5124, -28.6694 ], [ 16.4519, -28.6321 ], [ 16.4558, -28.5921 ], [ 16.4805, -28.5653 ], [ 16.5958, -28.5339 ], [ 16.6211, -28.5001 ], [ 16.6724, -28.4723 ], [ 16.6899, -28.4711 ], [ 16.7009, -28.4968 ], [ 16.7248, -28.4995 ], [ 16.7689, -28.453 ], [ 16.769, -28.3968 ], [ 16.8084, -28.3619 ], [ 16.755, -28.302 ], [ 16.7545, -28.2728 ], [ 16.7764, -28.2591 ], [ 16.8024, -28.2754 ], [ 16.8247, -28.269 ], [ 16.826, -28.2451 ], [ 16.8031, -28.222 ], [ 16.8561, -28.2117 ], [ 16.8302, -28.1835 ], [ 16.8313, -28.1667 ], [ 16.8707, -28.182 ], [ 16.8879, -28.1729 ], [ 16.8814, -28.0977 ], [ 16.9008, -28.0727 ], [ 16.9545, -28.076 ], [ 16.9738, -28.0587 ], [ 17.002, -28.0755 ], [ 17.0215, -28.0521 ], [ 17.0825, -28.0331 ], [ 17.1257, -28.0674 ], [ 17.1382, -28.0931 ], [ 17.1919, -28.1082 ], [ 17.1825, -28.2034 ], [ 17.2146, -28.2478 ], [ 17.2554, -28.2378 ], [ 17.2781, -28.2454 ], [ 17.3076, -28.2242 ], [ 17.3333, -28.2258 ], [ 17.3821, -28.2956 ], [ 17.3758, -28.3214 ], [ 17.4142, -28.3763 ], [ 17.41, -28.3996 ], [ 17.3848, -28.437 ], [ 17.3487, -28.439 ], [ 17.3331, -28.4757 ], [ 17.3407, -28.496 ], [ 17.3664, -28.5101 ], [ 17.3802, -28.5689 ], [ 17.4297, -28.5699 ], [ 17.4313, -28.6185 ], [ 17.414, -28.6712 ], [ 17.4187, -28.722 ], [ 17.349, -28.7945 ], [ 17.4622, -28.8545 ], [ 17.4605, -29.0277 ] ] ] } },
{ "type": "Feature", "properties": { "muni_code": "NC062" }, "geometry": { "type": "Polygon", "coordinates": [ [ [ 17.5806, -28.689 ], [ 17.6098, -28.7125 ], [ 17.6181, -28.7637 ], [ 17.6463, -28.7735 ], [ 17.6791, -28.7665 ], [ 17.7043, -28.7447 ], [ 17.7314, -28.7601 ], [ 17.7495, -28.7399 ], [ 17.7814, -28.7579 ], [ 17.9072, -28.7724 ], [ 17.9176, -28.7641 ], [ 17.9353, -28.7875 ], [ 17.9628, -28.785 ], [ 17.9935, -28.8095 ], [ 18.0461, -28.8743 ], [ 18.0831, -28.8707 ], [ 18.1869, -28.9158 ], [ 18.2192, -28.8943 ], [ 18.2532, -28.8959 ], [ 18.2635, -28.8794 ], [ 18.3503, -28.8807 ], [ 18.4208, -28.9009 ], [ 18.4829, -28.8836 ], [ 18.5121, -28.8895 ], [ 18.5429, -28.9622 ], [ 18.6063, -28.964 ], [ 18.6195, -29.0181 ], [ 18.5981, -29.0844 ], [ 18.5955, -29.1385 ], [ 18.6429, -29.218 ], [ 18.6323, -29.3541 ], [ 18.651, -29.4217 ], [ 18.708, -29.4085 ], [ 18.7487, -29.4181 ], [ 18.7368, -29.4937 ], [ 18.7767, -29.4837 ], [ 18.7824, -29.5378 ], [ 18.7702, -29.5939 ], [ 18.7273, -29.6733 ], [ 18.7611, -29.6756 ], [ 18.7992, -29.7605 ], [ 18.8085, -29.8317 ], [ 18.7256, -29.8641 ], [ 18.6055, -29.8604 ], [ 18.5619, -29.893 ], [ 18.4937, -29.9181 ], [ 18.3671, -29.9348 ], [ 18.3332, -29.8956 ], [ 18.219, -29.911 ], [ 18.2088, -30.0006 ], [ 18.1272, -30.0165 ], [ 18.0, -30.0659 ], [ 17.9734, -30.0538 ], [ 17.9591, -30.0287 ], [ 17.8878, -30.0386 ], [ 17.8793, -30.095 ], [ 17.8636, -30.0667 ], [ 17.7791, -30.0543 ], [ 17.7325, -30.0207 ], [ 17.7034, -30.0149 ], [ 17.6039, -30.0125 ], [ 17.5617, -30.0471 ], [ 17.5192, -29.9499 ], [ 17.4391, -30.0331 ], [ 17.3961, -30.0189 ], [ 17.3122, -30.0928 ], [ 17.248, -30.0041 ], [ 17.1795, -30.0608 ], [ 17.1586, -29.9824 ], [ 17.1179, -29.9321 ], [ 17.1055, -29.8685 ], [ 17.0748, -29.8144 ], [ 17.0557, -29.6894 ], [ 17.034, -29.6165 ], [ 16.9987, -29.5718 ], [ 17.0063, -29.5542 ], [ 16.9926, -29.5166 ], [ 17.0373, -29.5007 ], [ 17.0868, -29.4437 ], [ 17.104, -29.3753 ], [ 17.0916, -29.3338 ], [ 17.133, -29.3253 ], [ 17.1326, -29.3088 ], [ 17.1748, -29.3027 ], [ 17.1673, -29.2728 ], [ 17.1967, -29.2685 ], [ 17.2382, -29.2407 ], [ 17.2999, -29.3045 ], [ 17.3564, -29.3275 ], [ 17.326, -29.4042 ], [ 17.3698, -29.4178 ], [ 17.4681, -29.42 ], [ 17.5209, -29.4374 ], [ 17.5646, -29.3983 ], [ 17.4605, -29.0277 ], [ 17.4622, -28.8545 ], [ 17.349, -28.7945 ], [ 17.4187, -28.722 ], [ 17.4934, -28.6928 ], [ 17.542, -28.7011 ], [ 17.5586, -28.6872 ], [ 17.5806, -28.689 ] ] ] } },
{ "type": "Feature", "properties": { "muni_code": "NC064" }, "geometry": { "type": "Polygon", "coordinates": [ [ [ 18.8671, -29.8458 ], [ 18.8592, -29.9466 ], [ 18.9083, -30.0639 ], [ 19.0119, -30.0741 ], [ 19.0106, -30.1646 ], [ 19.0913, -30.3097 ], [ 19.006, -30.4968 ], [ 18.9515, -30.7444 ], [ 18.863, -30.7171 ], [ 18.7945, -30.6676 ], [ 18.7959, -30.6249 ], [ 18.7587, -30.5679 ], [ 18.6551, -30.5567 ], [ 18.5701, -30.4303 ], [ 18.5022, -30.4444 ], [ 18.4836, -30.5219 ], [ 18.5223, -30.6065 ], [ 18.4441, -30.5113 ], [ 18.3806, -30.4596 ], [ 18.4138, -30.5273 ], [ 18.3712, -30.5921 ], [ 18.371, -30.6596 ], [ 18.2642, -30.8183 ], [ 18.2518, -30.8275 ], [ 18.2135, -30.8104 ], [ 18.1952, -30.816 ], [ 18.2058, -30.8313 ], [ 18.1692, -30.8486 ], [ 18.0809, -30.7848 ], [ 18.0579, -30.7769 ], [ 18.0065, -30.7912 ], [ 17.9948, -30.8192 ], [ 17.9934, -30.9187 ], [ 17.8803, -30.9239 ], [ 17.8779, -30.9487 ], [ 17.9264, -31.0114 ], [ 17.8113, -31.0925 ], [ 17.8344, -31.1765 ], [ 17.7564, -31.1515 ], [ 17.7039, -31.0664 ], [ 17.6819, -31.0026 ], [ 17.6037, -30.9162 ], [ 17.5236, -30.7356 ], [ 17.4702, -30.6828 ], [ 17.4618, -30.6506 ], [ 17.4319, -30.6204 ], [ 17.4423, -30.5963 ], [ 17.2721, -30.3345 ], [ 17.2691, -30.2875 ], [ 17.2351, -30.225 ], [ 17.2233, -30.1647 ], [ 17.1941, -30.1359 ], [ 17.1812, -30.0614 ], [ 17.248, -30.0041 ], [ 17.3122, -30.0928 ], [ 17.3961, -30.0189 ], [ 17.4391, -30.0331 ], [ 17.5192, -29.9499 ], [ 17.5617, -30.0471 ], [ 17.6039, -30.0125 ], [ 17.7034, -30.0149 ], [ 17.7325, -30.0207 ], [ 17.7791, -30.0543 ], [ 17.8636, -30.0667 ], [ 17.8793, -30.095 ], [ 17.8878, -30.0386 ], [ 17.9591, -30.0287 ], [ 17.9734, -30.0538 ], [ 18.0, -30.0659 ], [ 18.1272, -30.0165 ], [ 18.2088, -30.0006 ], [ 18.219, -29.911 ], [ 18.3332, -29.8956 ], [ 18.3671, -29.9348 ], [ 18.4937, -29.9181 ], [ 18.5619, -29.893 ], [ 18.6055, -29.8604 ], [ 18.7256, -29.8641 ], [ 18.8085, -29.8317 ], [ 18.8671, -29.8458 ] ] ] } },
{ "type": "Feature", "properties": { "muni_code": "NC065" }, "geometry": { "type": "Polygon", "coordinates": [ [ [ 20.5148, -29.7128 ], [ 20.5945, -29.6348 ], [ 20.6256, -29.6203 ], [ 20.6614, -29.6431 ], [ 20.6264, -29.8632 ], [ 20.7081, -29.9856 ], [ 20.7261, -29.9911 ], [ 20.8239, -29.952 ], [ 20.8038, -29.9422 ], [ 20.8316, -29.8828 ], [ 20.8576, -29.8586 ], [ 20.8986, -29.8503 ], [ 21.1954, -29.6372 ], [ 21.2756, -29.6872 ], [ 21.272, -29.7363 ], [ 21.1541, -29.8726 ], [ 21.3053, -29.9804 ], [ 21.2428, -30.0392 ], [ 21.1652, -30.0856 ], [ 21.1522, -30.1918 ], [ 21.2107, -30.1793 ], [ 21.2598, -30.2041 ], [ 21.1492, -30.2077 ], [ 21.1431, -30.2562 ], [ 21.0749, -30.3026 ], [ 21.0729, -30.3322 ], [ 21.2198, -30.3329 ], [ 21.2515, -30.397 ], [ 21.1426, -30.4265 ], [ 21.0821, -30.4018 ], [ 21.056, -30.4851 ], [ 21.0013, -30.4651 ], [ 20.9968, -30.4938 ], [ 20.9254, -30.5 ], [ 20.9101, -30.5198 ], [ 20.9385, -30.6167 ], [ 20.8848, -30.6129 ], [ 20.876, -30.6279 ], [ 20.7993, -30.6363 ], [ 20.79, -30.5882 ], [ 20.691, -30.64 ], [ 20.6156, -30.6549 ], [ 20.5952, -30.7821 ], [ 20.5733, -30.7846 ], [ 20.5315, -30.7061 ], [ 20.4539, -30.7657 ], [ 20.4122, -30.7582 ], [ 20.3832, -30.8153 ], [ 20.4422, -30.88 ], [ 20.4193, -30.8982 ], [ 20.4593, -30.8989 ], [ 20.3899, -30.9568 ], [ 20.3512, -31.0909 ], [ 20.389, -31.1546 ], [ 20.3968, -31.1501 ], [ 20.4031, -31.1855 ], [ 20.4605, -31.1768 ], [ 20.5499, -31.2027 ], [ 20.6315, -31.1927 ], [ 20.5515, -31.2354 ], [ 20.5916, -31.3106 ], [ 20.5463, -31.3315 ], [ 20.5619, -31.3906 ], [ 20.582, -31.3897 ], [ 20.5793, -31.4152 ], [ 20.5277, -31.4248 ], [ 20.5641, -31.4941 ], [ 20.6242, -31.5201 ], [ 20.5576, -31.6048 ], [ 20.6105, -31.6575 ], [ 20.5625, -31.7228 ], [ 20.621, -31.7658 ], [ 20.6484, -31.8445 ], [ 20.5593, -31.8527 ], [ 20.4756, -31.8406 ], [ 20.4747, -31.8062 ], [ 20.4349, -31.8051 ], [ 20.3316, -31.8435 ], [ 20.3176, -31.8641 ], [ 20.3405, -31.8965 ], [ 20.2914, -31.9688 ], [ 20.28, -32.0124 ], [ 20.311, -32.0326 ], [ 20.2774, -32.0838 ], [ 20.1889, -32.0877 ], [ 20.181, -32.114 ], [ 20.1647, -32.0874 ], [ 20.162, -32.1443 ], [ 20.1381, -32.1803 ], [ 20.1518, -32.1865 ], [ 20.119, -32.207 ], [ 20.097, -32.2502 ], [ 20.0536, -32.2523 ], [ 20.0386, -32.2964 ], [ 19.9375, -32.3773 ], [ 19.8739, -32.3832 ], [ 19.8178, -32.3607 ], [ 19.8027, -32.3937 ], [ 19.7641, -32.4111 ], [ 19.7366, -32.3855 ], [ 19.7313, -32.4101 ], [ 19.7074, -32.4203 ], [ 19.7302, -32.4424 ], [ 19.6797, -32.4635 ], [ 19.6549, -32.4388 ], [ 19.6219, -32.4706 ], [ 19.6049, -32.6295 ], [ 19.5282, -32.6732 ], [ 19.4868, -32.5654 ], [ 19.495, -32.4989 ], [ 19.5164, -32.4859 ], [ 19.4954, -32.4737 ], [ 19.4302, -32.3657 ], [ 19.4091, -32.2901 ], [ 19.4919, -32.2517 ], [ 19.4858, -32.2358 ], [ 19.5014, -32.1799 ], [ 19.4793, -32.1677 ], [ 19.4752, -32.1463 ], [ 19.5152, -32.1152 ], [ 19.5075, -32.0861 ], [ 19.4885, -32.1212 ], [ 19.4863, -32.0764 ], [ 19.4675, -32.0731 ], [ 19.4259, -32.0313 ], [ 19.3958, -32.0151 ], [ 19.363, -32.0428 ], [ 19.3298, -32.0126 ], [ 19.3233, -31.9848 ], [ 19.2899, -31.9651 ], [ 19.2775, -31.9797 ], [ 19.2648, -31.9657 ], [ 19.2897, -31.863 ], [ 19.2107, -31.948 ], [ 19.1997, -31.9048 ], [ 19.1723, -31.9098 ], [ 19.1561, -31.8997 ], [ 19.1418, -31.9121 ], [ 19.0262, -31.8766 ], [ 19.0303, -31.8338 ], [ 19.0872, -31.7936 ], [ 19.0661, -31.7809 ], [ 19.0666, -31.766 ], [ 19.0914, -31.7625 ], [ 19.0947, -31.7502 ], [ 19.0549, -31.6703 ], [ 19.0737, -31.6669 ], [ 19.0705, -31.6241 ], [ 19.0905, -31.5978 ], [ 19.0854, -31.572 ], [ 19.0518, -31.5727 ], [ 19.0854, -31.5269 ], [ 19.023, -31.5051 ], [ 19.0062, -31.512 ], [ 19.0369, -31.4643 ], [ 19.043, -31.425 ], [ 19.0307, -31.4154 ], [ 19.0309, -31.3895 ], [ 18.9801, -31.3552 ], [ 19.013, -31.3057 ], [ 18.9664, -31.2845 ], [ 18.9445, -31.2373 ], [ 18.9476, -31.1129 ], [ 18.9035, -31.0418 ], [ 18.9118, -30.9789 ], [ 18.9845, -30.9458 ], [ 18.8754, -30.8871 ], [ 18.9605, -30.8661 ], [ 18.9515, -30.7444 ], [ 19.006, -30.497 ], [ 19.0831, -30.3424 ], [ 19.1358, -30.3769 ], [ 19.1612, -30.3206 ], [ 19.1872, -30.2985 ], [ 19.2981, -30.2541 ], [ 19.3684, -30.2964 ], [ 19.4648, -30.3179 ], [ 19.5338, -30.317 ], [ 19.6496, -30.3786 ], [ 19.753, -30.3928 ], [ 19.8041, -30.3856 ], [ 19.9423, -30.3113 ], [ 20.0224, -30.3136 ], [ 20.0023, -30.2793 ], [ 20.0273, -30.2385 ], [ 19.8781, -30.2283 ], [ 19.8394, -30.1464 ], [ 19.8882, -30.0937 ], [ 19.8462, -30.0327 ], [ 19.7607, -30.0215 ], [ 19.7464, -29.98 ], [ 19.8169, -29.9522 ], [ 19.7863, -29.8756 ], [ 19.8814, -29.777 ], [ 19.9956, -29.8667 ], [ 20.0461, -29.8618 ], [ 20.1046, -29.8289 ], [ 20.1752, -29.7644 ], [ 20.1567, -29.6525 ], [ 20.2734, -29.6435 ], [ 20.3858, -29.6038 ], [ 20.4368, -29.6158 ], [ 20.5148, -29.7128 ] ] ] } },
{ "type": "Feature", "properties": { "muni_code": "NC066" }, "geometry": { "type": "Polygon", "coordinates": [ [ [ 20.3512, -31.0909 ], [ 20.3899, -30.9568 ], [ 20.4593, -30.8989 ], [ 20.4193, -30.8982 ], [ 20.4422, -30.88 ], [ 20.3832, -30.8153 ], [ 20.4123, -30.7582 ], [ 20.4539, -30.7657 ], [ 20.5315, -30.7061 ], [ 20.5733, -30.7846 ], [ 20.5952, -30.7821 ], [ 20.6156, -30.6549 ], [ 20.691, -30.64 ], [ 20.79, -30.5882 ], [ 20.7993, -30.6363 ], [ 20.876, -30.6279 ], [ 20.8848, -30.6129 ], [ 20.9385, -30.6167 ], [ 20.9101, -30.5198 ], [ 20.9254, -30.5 ], [ 20.9968, -30.4938 ], [ 21.0013, -30.4651 ], [ 21.056, -30.4851 ], [ 21.0821, -30.4018 ], [ 21.1426, -30.4265 ], [ 21.2515, -30.397 ], [ 21.2652, -30.4744 ], [ 21.3081, -30.5436 ], [ 21.2709, -30.5895 ], [ 21.3364, -30.6383 ], [ 21.3815, -30.6992 ], [ 21.4209, -30.7286 ], [ 21.4834, -30.7461 ], [ 21.4477, -30.7842 ], [ 21.4651, -30.8204 ], [ 21.4933, -30.8281 ], [ 21.4696, -30.8752 ], [ 21.4842, -30.8906 ], [ 21.5034, -30.8881 ], [ 21.4831, -30.9448 ], [ 21.483, -30.9939 ], [ 21.5255, -31.0035 ], [ 21.5098, -31.0572 ], [ 21.5672, -31.0969 ], [ 21.5881, -31.0619 ], [ 21.6707, -31.0976 ], [ 21.688, -31.127 ], [ 21.7022, -31.1648 ], [ 21.6938, -31.1701 ], [ 21.6219, -31.1514 ], [ 21.6082, -31.1973 ], [ 21.6148, -31.2499 ], [ 21.7624, -31.2714 ], [ 21.7473, -31.3158 ], [ 21.796, -31.3163 ], [ 21.8137, -31.3334 ], [ 21.8228, -31.3535 ], [ 21.8145, -31.3978 ], [ 21.8802, -31.3995 ], [ 21.9378, -31.4259 ], [ 21.8499, -31.4564 ], [ 21.8655, -31.4973 ], [ 21.9199, -31.4912 ], [ 21.9533, -31.4707 ], [ 21.9619, -31.5122 ], [ 22.0117, -31.5905 ], [ 21.9497, -31.601 ], [ 21.9155, -31.6457 ], [ 21.9441, -31.6822 ], [ 21.9854, -31.6959 ], [ 21.9868, -31.7199 ], [ 22.0496, -31.77 ], [ 22.1161, -31.7584 ], [ 22.1833, -31.7816 ], [ 22.204, -31.764 ], [ 22.2063, -31.7923 ], [ 22.1599, -31.8097 ], [ 22.1769, -31.8207 ], [ 22.1666, -31.8931 ], [ 22.0789, -31.8549 ], [ 22.1017, -31.9005 ], [ 22.1004, -31.9243 ], [ 22.0713, -31.9393 ], [ 22.095, -32.0011 ], [ 22.0741, -32.0179 ], [ 22.0936, -32.0459 ], [ 22.134, -32.0644 ], [ 22.0897, -32.1464 ], [ 22.0696, -32.0814 ], [ 22.0164, -32.1143 ], [ 21.9995, -32.206 ], [ 21.9362, -32.2229 ], [ 21.9246, -32.262 ], [ 21.9074, -32.2528 ], [ 21.9017, -32.2709 ], [ 21.8742, -32.2766 ], [ 21.7806, -32.2509 ], [ 21.773, -32.2268 ], [ 21.746, -32.2252 ], [ 21.7359, -32.205 ], [ 21.6916, -32.2486 ], [ 21.6446, -32.2087 ], [ 21.536, -32.2292 ], [ 21.5618, -32.3147 ], [ 21.5504, -32.3269 ], [ 21.5191, -32.337 ], [ 21.4756, -32.3315 ], [ 21.4299, -32.3752 ], [ 21.4084, -32.3688 ], [ 21.3528, -32.3915 ], [ 21.3015, -32.3773 ], [ 21.303, -32.4024 ], [ 21.2815, -32.4397 ], [ 21.2311, -32.4631 ], [ 21.1821, -32.5087 ], [ 21.1401, -32.5898 ], [ 21.157, -32.6289 ], [ 21.0945, -32.653 ], [ 20.9628, -32.6393 ], [ 20.8441, -32.6624 ], [ 20.8228, -32.6945 ], [ 20.7898, -32.7112 ], [ 20.7922, -32.735 ], [ 20.8303, -32.7846 ], [ 20.8324, -32.8174 ], [ 20.7986, -32.8947 ], [ 20.7442, -32.9129 ], [ 20.7312, -32.945 ], [ 20.6503, -32.9323 ], [ 20.5901, -32.943 ], [ 20.5921, -32.9265 ], [ 20.5612, -32.881 ], [ 20.4993, -32.9416 ], [ 20.4386, -32.9401 ], [ 20.38, -32.9018 ], [ 20.3639, -32.9108 ], [ 20.3572, -32.8641 ], [ 20.2999, -32.805 ], [ 20.219, -32.7847 ], [ 20.1876, -32.7527 ], [ 20.1917, -32.6858 ], [ 20.1412, -32.6437 ], [ 20.1147, -32.5702 ], [ 20.1228, -32.557 ], [ 20.0968, -32.503 ], [ 20.0796, -32.3973 ], [ 20.132, -32.4211 ], [ 20.1705, -32.3809 ], [ 20.1635, -32.351 ], [ 20.216, -32.3032 ], [ 20.2542, -32.3108 ], [ 20.2408, -32.2242 ], [ 20.1664, -32.2275 ], [ 20.181, -32.1845 ], [ 20.1381, -32.1803 ], [ 20.162, -32.1443 ], [ 20.1647, -32.0874 ], [ 20.181, -32.114 ], [ 20.1889, -32.0877 ], [ 20.2774, -32.0838 ], [ 20.311, -32.0326 ], [ 20.28, -32.0124 ], [ 20.2914, -31.9688 ], [ 20.3405, -31.8965 ], [ 20.3176, -31.8641 ], [ 20.3316, -31.8435 ], [ 20.4349, -31.8051 ], [ 20.4747, -31.8062 ], [ 20.4756, -31.8406 ], [ 20.5593, -31.8527 ], [ 20.6484, -31.8445 ], [ 20.621, -31.7658 ], [ 20.5625, -31.7228 ], [ 20.6105, -31.6575 ], [ 20.5576, -31.6048 ], [ 20.6242, -31.5201 ], [ 20.5641, -31.4941 ], [ 20.5277, -31.4248 ], [ 20.5793, -31.4152 ], [ 20.582, -31.3897 ], [ 20.5619, -31.3906 ], [ 20.5463, -31.3315 ], [ 20.5916, -31.3106 ], [ 20.5515, -31.2354 ], [ 20.6315, -31.1927 ], [ 20.5499, -31.2027 ], [ 20.4605, -31.1768 ], [ 20.4031, -31.1855 ], [ 20.3968, -31.1501 ], [ 20.389, -31.1546 ], [ 20.3512, -31.0909 ] ] ] } },
{ "type": "Feature", "properties": { "muni_code": "NC067" }, "geometry": { "type": "Polygon", "coordinates": [ [ [ 19.6191, -28.6906 ], [ 19.6662, -28.8298 ], [ 19.7795, -28.8764 ], [ 19.5767, -29.0947 ], [ 19.6013, -29.2719 ], [ 19.657, -29.321 ], [ 19.7053, -29.4009 ], [ 19.7026, -29.423 ], [ 19.7403, -29.4286 ], [ 19.767, -29.54 ], [ 19.7622, -29.582 ], [ 19.586, -29.6099 ], [ 19.6109, -29.6809 ], [ 19.5748, -29.7253 ], [ 19.6591, -29.793 ], [ 19.8814, -29.777 ], [ 19.7863, -29.8756 ], [ 19.8169, -29.9522 ], [ 19.7464, -29.98 ], [ 19.7607, -30.0215 ], [ 19.8462, -30.0327 ], [ 19.8882, -30.0937 ], [ 19.8394, -30.1464 ], [ 19.8781, -30.2283 ], [ 20.0273, -30.2385 ], [ 20.0023, -30.2793 ], [ 20.0224, -30.3136 ], [ 19.9423, -30.3113 ], [ 19.8041, -30.3856 ], [ 19.753, -30.3928 ], [ 19.6496, -30.3786 ], [ 19.5338, -30.317 ], [ 19.4648, -30.3179 ], [ 19.3684, -30.2964 ], [ 19.2981, -30.2541 ], [ 19.1872, -30.2985 ], [ 19.1612, -30.3206 ], [ 19.1358, -30.3769 ], [ 19.0831, -30.3424 ], [ 19.0913, -30.3097 ], [ 19.0106, -30.1646 ], [ 19.0119, -30.0741 ], [ 18.9083, -30.0639 ], [ 18.8592, -29.9466 ], [ 18.8671, -29.8458 ], [ 18.8085, -29.8317 ], [ 18.7992, -29.7605 ], [ 18.7611, -29.6756 ], [ 18.7273, -29.6733 ], [ 18.7702, -29.5939 ], [ 18.7824, -29.5378 ], [ 18.7767, -29.4837 ], [ 18.7368, -29.4937 ], [ 18.7487, -29.4181 ], [ 18.708, -29.4085 ], [ 18.651, -29.4217 ], [ 18.6323, -29.3541 ], [ 18.6429, -29.218 ], [ 18.5955, -29.1385 ], [ 18.5981, -29.0844 ], [ 18.6195, -29.0181 ], [ 18.6063, -28.964 ], [ 18.5429, -28.9622 ], [ 18.5121, -28.8895 ], [ 18.538, -28.8661 ], [ 18.6321, -28.8404 ], [ 18.7297, -28.8316 ], [ 18.8557, -28.8444 ], [ 18.9722, -28.8705 ], [ 18.9954, -28.8902 ], [ 19.0087, -28.929 ], [ 19.042, -28.9314 ], [ 19.0736, -28.9586 ], [ 19.1189, -28.9694 ], [ 19.1914, -28.95 ], [ 19.2452, -28.9025 ], [ 19.2854, -28.9082 ], [ 19.2964, -28.8854 ], [ 19.265, -28.8696 ], [ 19.2392, -28.8126 ], [ 19.2677, -28.7439 ], [ 19.3033, -28.7318 ], [ 19.3509, -28.743 ], [ 19.4036, -28.7368 ], [ 19.4668, -28.7061 ], [ 19.4914, -28.6799 ], [ 19.5093, -28.5965 ], [ 19.6191, -28.6906 ] ] ] } },
{ "type": "Feature", "properties": { "muni_code": "NC071" }, "geometry": { "type": "Polygon", "coordinates": [ [ [ 23.1648, -30.8626 ], [ 23.175, -30.893 ], [ 23.2253, -30.9537 ], [ 23.3255, -30.954 ], [ 23.4017, -31.0341 ], [ 23.5135, -30.9506 ], [ 23.5567, -31.0076 ], [ 23.5894, -31.003 ], [ 23.5993, -30.9429 ], [ 23.6583, -30.8969 ], [ 23.7125, -30.9652 ], [ 23.7617, -30.9054 ], [ 23.814, -30.9069 ], [ 23.8229, -30.8858 ], [ 23.8604, -30.8649 ], [ 23.9386, -30.8906 ], [ 23.9696, -30.8771 ], [ 23.9676, -30.8975 ], [ 23.9876, -30.9109 ], [ 23.9506, -30.9717 ], [ 23.9154, -30.9888 ], [ 24.0211, -30.9674 ], [ 24.1185, -31.0221 ], [ 24.1368, -31.0429 ], [ 24.1235, -31.1053 ], [ 24.1706, -31.1535 ], [ 24.1523, -31.1804 ], [ 24.2349, -31.218 ], [ 24.2372, -31.2737 ], [ 24.2713, -31.2756 ], [ 24.2656, -31.324 ], [ 24.2929, -31.3127 ], [ 24.3226, -31.3177 ], [ 24.3214, -31.3636 ], [ 24.3875, -31.3868 ], [ 24.408, -31.4261 ], [ 24.3949, -31.4436 ], [ 24.4457, -31.4786 ], [ 24.4864, -31.4775 ], [ 24.4788, -31.4317 ], [ 24.5672, -31.4186 ], [ 24.5589, -31.4818 ], [ 24.5194, -31.4979 ], [ 24.533, -31.5098 ], [ 24.5246, -31.5454 ], [ 24.5039, -31.5684 ], [ 24.523, -31.6037 ], [ 24.5141, -31.705 ], [ 24.4413, -31.7126 ], [ 24.4126, -31.6885 ], [ 24.4233, -31.7116 ], [ 24.3407, -31.7138 ], [ 24.3153, -31.7501 ], [ 24.285, -31.7652 ], [ 24.1616, -31.7401 ], [ 24.1474, -31.7673 ], [ 24.1525, -31.7886 ], [ 24.0709, -31.8071 ], [ 24.0285, -31.7302 ], [ 24.0468, -31.7067 ], [ 23.9631, -31.7067 ], [ 23.9487, -31.7733 ], [ 23.9179, -31.7954 ], [ 23.9159, -31.822 ], [ 23.894, -31.8368 ], [ 23.8294, -31.7803 ], [ 23.8372, -31.7679 ], [ 23.8085, -31.7637 ], [ 23.8476, -31.7292 ], [ 23.8416, -31.7151 ], [ 23.7565, -31.6957 ], [ 23.7345, -31.6546 ], [ 23.7152, -31.6471 ], [ 23.6395, -31.6601 ], [ 23.6191, -31.6494 ], [ 23.5745, -31.6892 ], [ 23.5355, -31.6918 ], [ 23.5239, -31.7053 ], [ 23.4165, -31.6722 ], [ 23.4017, -31.6996 ], [ 23.4071, -31.7138 ], [ 23.3451, -31.7109 ], [ 23.3024, -31.7301 ], [ 23.2634, -31.7783 ], [ 23.2624, -31.8154 ], [ 23.225, -31.854 ], [ 23.2304, -31.8757 ], [ 23.1394, -31.9515 ], [ 23.1043, -31.9606 ], [ 23.0985, -31.9777 ], [ 23.0587, -31.9548 ], [ 23.0523, -31.9103 ], [ 23.0674, -31.8907 ], [ 23.0387, -31.8774 ], [ 22.9758, -31.8608 ], [ 22.902, -31.8758 ], [ 22.8747, -31.8616 ], [ 22.859, -31.8183 ], [ 22.7769, -31.8569 ], [ 22.7351, -31.7994 ], [ 22.6307, -31.8235 ], [ 22.5783, -31.8055 ], [ 22.6191, -31.7247 ], [ 22.5661, -31.7132 ], [ 22.5648, -31.6779 ], [ 22.4958, -31.6703 ], [ 22.3123, -31.5835 ], [ 22.2729, -31.5925 ], [ 22.2601, -31.6625 ], [ 22.1879, -31.7814 ], [ 22.1161, -31.7584 ], [ 22.0496, -31.77 ], [ 21.9868, -31.7199 ], [ 21.9854, -31.6959 ], [ 21.9441, -31.6822 ], [ 21.9155, -31.6457 ], [ 21.9497, -31.601 ], [ 22.0117, -31.5905 ], [ 21.9619, -31.5122 ], [ 21.9533, -31.4707 ], [ 21.9199, -31.4912 ], [ 21.8655, -31.4973 ], [ 21.8499, -31.4564 ], [ 21.9378, -31.4259 ], [ 21.8802, -31.3995 ], [ 21.8145, -31.3978 ], [ 21.8228, -31.3535 ], [ 21.8137, -31.3334 ], [ 21.796, -31.3163 ], [ 21.7473, -31.3158 ], [ 21.7624, -31.2714 ], [ 21.6148, -31.2499 ], [ 21.6082, -31.1973 ], [ 21.6219, -31.1514 ], [ 21.7022, -31.1648 ], [ 21.6707, -31.0976 ], [ 21.7034, -31.078 ], [ 21.7001, -31.0635 ], [ 21.846, -31.0641 ], [ 21.9183, -31.0435 ], [ 21.9497, -31.0129 ], [ 21.9827, -31.0326 ], [ 22.0032, -31.0124 ], [ 22.0822, -31.0515 ], [ 22.0875, -31.1005 ], [ 22.077, -31.1343 ], [ 22.0863, -31.1485 ], [ 22.1875, -31.1689 ], [ 22.1843, -31.1934 ], [ 22.2145, -31.2163 ], [ 22.2665, -31.1658 ], [ 22.3185, -31.1429 ], [ 22.4435, -31.131 ], [ 22.4824, -31.1087 ], [ 22.4976, -31.0958 ], [ 22.5012, -31.0583 ], [ 22.4624, -31.0068 ], [ 22.5101, -30.9678 ], [ 22.5248, -30.9677 ], [ 22.5291, -30.9852 ], [ 22.665, -30.9542 ], [ 22.6901, -30.9755 ], [ 22.7526, -30.9514 ], [ 22.7393, -30.9258 ], [ 22.7819, -30.9476 ], [ 22.8966, -30.8797 ], [ 22.8969, -30.8563 ], [ 22.9888, -30.8715 ], [ 22.9862, -30.8832 ], [ 23.0562, -30.8823 ], [ 23.1094, -30.8282 ], [ 23.1648, -30.8626 ] ] ] } },
{ "type": "Feature", "properties": { "muni_code": "NC072" }, "geometry": { "type": "Polygon", "coordinates": [ [ [ 24.9516, -30.2249 ], [ 24.9465, -30.2518 ], [ 24.9855, -30.2894 ], [ 25.035, -30.2869 ], [ 25.0471, -30.3162 ], [ 25.0385, -30.3625 ], [ 25.064, -30.3569 ], [ 25.0961, -30.3732 ], [ 25.1896, -30.4984 ], [ 25.2353, -30.4999 ], [ 25.3054, -30.5765 ], [ 25.3337, -30.5577 ], [ 25.3747, -30.5591 ], [ 25.418, -30.5777 ], [ 25.4663, -30.6227 ], [ 25.4565, -30.637 ], [ 25.4719, -30.6729 ], [ 25.4602, -30.6833 ], [ 25.4623, -30.7221 ], [ 25.4764, -30.7282 ], [ 25.4802, -30.7789 ], [ 25.5249, -30.7964 ], [ 25.5493, -30.791 ], [ 25.5216, -30.8332 ], [ 25.4852, -30.8498 ], [ 25.4713, -30.8698 ], [ 25.5178, -30.9015 ], [ 25.5046, -30.933 ], [ 25.5109, -30.9557 ], [ 25.475, -30.9839 ], [ 25.4848, -31.0063 ], [ 25.5016, -31.0074 ], [ 25.4868, -31.0369 ], [ 25.4388, -31.0615 ], [ 25.4543, -31.0793 ], [ 25.4464, -31.1002 ], [ 25.4156, -31.1344 ], [ 25.3919, -31.1384 ], [ 25.3778, -31.1989 ], [ 25.3862, -31.2178 ], [ 25.3544, -31.236 ], [ 25.2906, -31.2135 ], [ 25.2682, -31.2208 ], [ 25.211, -31.1921 ], [ 25.2048, -31.2151 ], [ 25.1791, -31.2222 ], [ 25.1705, -31.2392 ], [ 25.1552, -31.2312 ], [ 25.1527, -31.2431 ], [ 25.1307, -31.2394 ], [ 25.0844, -31.2623 ], [ 25.0735, -31.2533 ], [ 25.0585, -31.2694 ], [ 25.0056, -31.2631 ], [ 24.9605, -31.2855 ], [ 24.9336, -31.3204 ], [ 24.8988, -31.3137 ], [ 24.853, -31.3282 ], [ 24.8629, -31.3736 ], [ 24.8255, -31.3565 ], [ 24.7887, -31.3895 ], [ 24.7106, -31.4095 ], [ 24.665, -31.3837 ], [ 24.5961, -31.3992 ], [ 24.5672, -31.4186 ], [ 24.5694, -31.4057 ], [ 24.5217, -31.3752 ], [ 24.5293, -31.3648 ], [ 24.564, -31.3774 ], [ 24.6125, -31.3553 ], [ 24.5941, -31.3417 ], [ 24.6615, -31.2878 ], [ 24.6444, -31.2478 ], [ 24.6791, -31.258 ], [ 24.7264, -31.1869 ], [ 24.7086, -31.1424 ], [ 24.676, -31.1495 ], [ 24.6832, -31.1357 ], [ 24.729, -31.1307 ], [ 24.7515, -31.1403 ], [ 24.7509, -31.096 ], [ 24.7899, -31.0693 ], [ 24.7831, -31.0541 ], [ 24.8224, -31.0404 ], [ 24.8214, -31.0215 ], [ 24.8473, -30.9919 ], [ 24.8026, -30.9724 ], [ 24.7511, -30.8498 ], [ 24.7393, -30.8552 ], [ 24.7038, -30.8285 ], [ 24.6717, -30.8517 ], [ 24.6238, -30.8273 ], [ 24.6674, -30.767 ], [ 24.6458, -30.7542 ], [ 24.6796, -30.626 ], [ 24.7276, -30.5263 ], [ 24.7523, -30.5231 ], [ 24.7638, -30.4428 ], [ 24.7404, -30.4386 ], [ 24.7268, -30.4062 ], [ 24.7852, -30.4163 ], [ 24.8034, -30.3849 ], [ 24.8429, -30.3661 ], [ 24.8792, -30.2711 ], [ 24.9209, -30.2715 ], [ 24.9068, -30.2521 ], [ 24.9516, -30.2249 ] ] ] } },
{ "type": "Feature", "properties": { "muni_code": "NC073" }, "geometry": { "type": "Polygon", "coordinates": [ [ [ 24.1083, -30.3731 ], [ 24.2779, -30.4496 ], [ 24.2819, -30.4679 ], [ 24.2526, -30.5122 ], [ 24.2916, -30.5467 ], [ 24.2743, -30.5839 ], [ 24.3781, -30.6206 ], [ 24.4123, -30.6589 ], [ 24.4524, -30.6584 ], [ 24.5408, -30.7314 ], [ 24.5545, -30.7229 ], [ 24.5535, -30.7354 ], [ 24.5697, -30.7021 ], [ 24.5867, -30.7026 ], [ 24.6128, -30.7604 ], [ 24.636, -30.7449 ], [ 24.6502, -30.7656 ], [ 24.6674, -30.767 ], [ 24.6238, -30.8273 ], [ 24.6303, -30.8362 ], [ 24.6804, -30.8516 ], [ 24.7038, -30.8285 ], [ 24.7393, -30.8552 ], [ 24.7511, -30.8498 ], [ 24.8026, -30.9724 ], [ 24.8473, -30.9919 ], [ 24.8214, -31.0215 ], [ 24.8224, -31.0404 ], [ 24.7831, -31.0541 ], [ 24.7899, -31.0693 ], [ 24.7509, -31.096 ], [ 24.7515, -31.1403 ], [ 24.729, -31.1307 ], [ 24.6832, -31.1357 ], [ 24.676, -31.1495 ], [ 24.7086, -31.1424 ], [ 24.7264, -31.1869 ], [ 24.6791, -31.258 ], [ 24.6444, -31.2478 ], [ 24.6615, -31.2878 ], [ 24.5941, -31.3417 ], [ 24.6125, -31.3553 ], [ 24.564, -31.3774 ], [ 24.5293, -31.3648 ], [ 24.5217, -31.3752 ], [ 24.5694, -31.4057 ], [ 24.5672, -31.4186 ], [ 24.4788, -31.4317 ], [ 24.4864, -31.4775 ], [ 24.4457, -31.4786 ], [ 24.3949, -31.4436 ], [ 24.408, -31.4261 ], [ 24.3875, -31.3868 ], [ 24.3214, -31.3636 ], [ 24.3226, -31.3177 ], [ 24.2929, -31.3127 ], [ 24.2656, -31.324 ], [ 24.2713, -31.2756 ], [ 24.2372, -31.2737 ], [ 24.2349, -31.218 ], [ 24.1523, -31.1804 ], [ 24.1706, -31.1535 ], [ 24.1235, -31.1053 ], [ 24.1368, -31.0429 ], [ 24.1185, -31.0221 ], [ 24.0211, -30.9674 ], [ 23.9154, -30.9888 ], [ 23.9506, -30.9717 ], [ 23.9876, -30.9109 ], [ 23.9676, -30.8975 ], [ 23.9696, -30.8771 ], [ 23.9386, -30.8906 ], [ 23.8604, -30.8649 ], [ 23.8229, -30.8858 ], [ 23.814, -30.9069 ], [ 23.7617, -30.9054 ], [ 23.7125, -30.9652 ], [ 23.6583, -30.8969 ], [ 23.5993, -30.9429 ], [ 23.5894, -31.003 ], [ 23.5567, -31.0076 ], [ 23.5135, -30.9506 ], [ 23.4017, -31.0341 ], [ 23.3255, -30.954 ], [ 23.2253, -30.9537 ], [ 23.175, -30.893 ], [ 23.1648, -30.8626 ], [ 23.1094, -30.8282 ], [ 23.0983, -30.7902 ], [ 23.0674, -30.7993 ], [ 23.0555, -30.7285 ], [ 23.0133, -30.6588 ], [ 23.0645, -30.6512 ], [ 23.0677, -30.6866 ], [ 23.0922, -30.6797 ], [ 23.0852, -30.6501 ], [ 23.1029, -30.6526 ], [ 23.1148, -30.625 ], [ 23.0839, -30.6189 ], [ 23.0943, -30.5674 ], [ 23.1623, -30.5889 ], [ 23.1702, -30.5543 ], [ 23.2425, -30.5413 ], [ 23.2243, -30.4882 ], [ 23.2303, -30.3987 ], [ 23.1787, -30.3843 ], [ 23.0668, -30.3916 ], [ 22.998, -30.3774 ], [ 22.9592, -30.2732 ], [ 22.982, -30.2381 ], [ 23.1132, -30.1565 ], [ 23.1141, -30.1321 ], [ 23.182, -30.095 ], [ 23.2069, -30.0379 ], [ 23.2022, -29.9988 ], [ 23.1831, -29.9786 ], [ 23.1836, -29.9382 ], [ 23.2394, -29.902 ], [ 23.2917, -29.9685 ], [ 23.2598, -30.017 ], [ 23.2961, -29.994 ], [ 23.3529, -30.0661 ], [ 23.371, -30.0737 ], [ 23.3774, -30.0607 ], [ 23.4337, -30.0616 ], [ 23.45, -30.1195 ], [ 23.4742, -30.054 ], [ 23.5228, -30.0771 ], [ 23.5363, -30.1088 ], [ 23.6054, -30.1122 ], [ 23.6425, -30.1443 ], [ 23.6861, -30.0901 ], [ 23.714, -30.1202 ], [ 23.7763, -30.103 ], [ 23.7899, -30.1403 ], [ 23.8206, -30.1412 ], [ 23.8421, -30.1951 ], [ 23.9563, -30.2366 ], [ 23.905, -30.2807 ], [ 23.9317, -30.2782 ], [ 24.0189, -30.34 ], [ 24.0766, -30.331 ], [ 24.1193, -30.3467 ], [ 24.1083, -30.3731 ] ] ] } },
{ "type": "Feature", "properties": { "muni_code": "NC074" }, "geometry": { "type": "Polygon", "coordinates": [ [ [ 21.9375, -30.0231 ], [ 22.0142, -30.0058 ], [ 22.0346, -30.0576 ], [ 22.1355, -30.1132 ], [ 22.209, -30.1249 ], [ 22.1819, -30.1757 ], [ 22.2044, -30.2177 ], [ 22.2559, -30.1738 ], [ 22.2896, -30.1726 ], [ 22.2996, -30.1964 ], [ 22.4663, -30.1904 ], [ 22.5235, -30.1584 ], [ 22.6081, -30.1993 ], [ 22.6739, -30.1886 ], [ 22.6478, -30.1302 ], [ 22.7483, -30.0793 ], [ 22.8108, -30.0839 ], [ 22.8648, -30.1122 ], [ 22.867, -30.1703 ], [ 22.9376, -30.1236 ], [ 22.9988, -30.1139 ], [ 22.9838, -30.1255 ], [ 22.9949, -30.1361 ], [ 22.9555, -30.1546 ], [ 22.9549, -30.2222 ], [ 22.982, -30.2381 ], [ 22.9592, -30.2732 ], [ 22.998, -30.3774 ], [ 23.0668, -30.3916 ], [ 23.1787, -30.3843 ], [ 23.2303, -30.3987 ], [ 23.2243, -30.4882 ], [ 23.2425, -30.5413 ], [ 23.1702, -30.5543 ], [ 23.1623, -30.5889 ], [ 23.0943, -30.5674 ], [ 23.0839, -30.6189 ], [ 23.1148, -30.625 ], [ 23.1029, -30.6526 ], [ 23.0852, -30.6501 ], [ 23.0922, -30.6797 ], [ 23.0677, -30.6866 ], [ 23.0645, -30.6512 ], [ 23.0133, -30.6588 ], [ 23.0555, -30.7285 ], [ 23.0674, -30.7993 ], [ 23.0983, -30.7902 ], [ 23.1094, -30.8282 ], [ 23.0562, -30.8823 ], [ 22.9862, -30.8832 ], [ 22.9888, -30.8715 ], [ 22.8969, -30.8563 ], [ 22.8966, -30.8797 ], [ 22.7819, -30.9476 ], [ 22.7393, -30.9258 ], [ 22.7526, -30.9514 ], [ 22.6901, -30.9755 ], [ 22.665, -30.9542 ], [ 22.5291, -30.9852 ], [ 22.5248, -30.9677 ], [ 22.5101, -30.9678 ], [ 22.4624, -31.0068 ], [ 22.5012, -31.0583 ], [ 22.4976, -31.0958 ], [ 22.4824, -31.1087 ], [ 22.4435, -31.131 ], [ 22.3185, -31.1429 ], [ 22.2665, -31.1658 ], [ 22.2145, -31.2163 ], [ 22.1843, -31.1934 ], [ 22.1875, -31.1689 ], [ 22.0863, -31.1485 ], [ 22.077, -31.1343 ], [ 22.0875, -31.1005 ], [ 22.0822, -31.0515 ], [ 22.0032, -31.0124 ], [ 21.9827, -31.0326 ], [ 21.9497, -31.0129 ], [ 21.9183, -31.0435 ], [ 21.846, -31.0641 ], [ 21.7001, -31.0635 ], [ 21.7034, -31.078 ], [ 21.6707, -31.0976 ], [ 21.5881, -31.0619 ], [ 21.5672, -31.0969 ], [ 21.5098, -31.0572 ], [ 21.5255, -31.0035 ], [ 21.483, -30.9939 ], [ 21.4831, -30.9448 ], [ 21.5034, -30.8881 ], [ 21.4842, -30.8906 ], [ 21.4696, -30.8752 ], [ 21.4933, -30.8281 ], [ 21.4651, -30.8204 ], [ 21.4477, -30.7842 ], [ 21.4834, -30.7461 ], [ 21.4209, -30.7286 ], [ 21.3815, -30.6992 ], [ 21.3364, -30.6383 ], [ 21.2709, -30.5895 ], [ 21.3081, -30.5436 ], [ 21.2652, -30.4744 ], [ 21.2517, -30.3975 ], [ 21.2198, -30.3329 ], [ 21.0729, -30.3322 ], [ 21.0749, -30.3026 ], [ 21.1431, -30.2562 ], [ 21.1492, -30.2077 ], [ 21.2598, -30.2041 ], [ 21.2107, -30.1793 ], [ 21.1522, -30.1918 ], [ 21.1652, -30.0856 ], [ 21.243, -30.0391 ], [ 21.3713, -30.0175 ], [ 21.4257, -29.9864 ], [ 21.5069, -30.0312 ], [ 21.5752, -30.0444 ], [ 21.5922, -30.0116 ], [ 21.6947, -29.9954 ], [ 21.8327, -30.0279 ], [ 21.9146, -29.9911 ], [ 21.9375, -30.0231 ] ] ] } },
{ "type": "Feature", "properties": { "muni_code": "NC075" }, "geometry": { "type": "Polygon", "coordinates": [ [ [ 24.4716, -29.812 ], [ 24.4977, -29.8161 ], [ 24.5103, -29.8415 ], [ 24.547, -29.8449 ], [ 24.5642, -29.8777 ], [ 24.6072, -29.911 ], [ 24.665, -29.902 ], [ 24.6744, -29.9756 ], [ 24.794, -29.999 ], [ 24.808, -30.023 ], [ 24.7972, -30.05 ], [ 24.8385, -30.0952 ], [ 24.8373, -30.1174 ], [ 24.8701, -30.1329 ], [ 24.901, -30.2078 ], [ 24.9251, -30.2007 ], [ 24.9502, -30.2248 ], [ 24.9068, -30.2521 ], [ 24.9209, -30.2715 ], [ 24.8792, -30.2711 ], [ 24.8429, -30.3661 ], [ 24.8034, -30.3849 ], [ 24.7852, -30.4163 ], [ 24.7268, -30.4062 ], [ 24.7404, -30.4386 ], [ 24.7638, -30.4428 ], [ 24.7523, -30.5231 ], [ 24.7276, -30.5263 ], [ 24.6796, -30.626 ], [ 24.6458, -30.7542 ], [ 24.636, -30.7449 ], [ 24.6128, -30.7604 ], [ 24.5867, -30.7026 ], [ 24.5697, -30.7021 ], [ 24.5535, -30.7354 ], [ 24.5545, -30.7229 ], [ 24.5408, -30.7314 ], [ 24.4524, -30.6584 ], [ 24.4123, -30.6589 ], [ 24.3781, -30.6206 ], [ 24.2743, -30.5839 ], [ 24.2916, -30.5467 ], [ 24.2526, -30.5122 ], [ 24.2819, -30.4679 ], [ 24.2779, -30.4496 ], [ 24.1083, -30.3731 ], [ 24.1193, -30.3467 ], [ 24.0766, -30.331 ], [ 24.0189, -30.34 ], [ 23.9317, -30.2782 ], [ 23.905, -30.2807 ], [ 23.9563, -30.2366 ], [ 23.8421, -30.1951 ], [ 23.9393, -30.2103 ], [ 23.9258, -30.1441 ], [ 23.9458, -30.1045 ], [ 23.9623, -30.1171 ], [ 23.9929, -30.1127 ], [ 24.0054, -30.0811 ], [ 24.0395, -30.0968 ], [ 24.0296, -30.0208 ], [ 24.0565, -30.0037 ], [ 24.1959, -30.0024 ], [ 24.2439, -29.9752 ], [ 24.2614, -29.9815 ], [ 24.2906, -29.9666 ], [ 24.282, -29.9348 ], [ 24.2983, -29.8972 ], [ 24.3774, -29.8878 ], [ 24.4029, -29.9162 ], [ 24.4536, -29.8677 ], [ 24.4716, -29.812 ] ] ] } },
{ "type": "Feature", "properties": { "muni_code": "NC076" }, "geometry": { "type": "Polygon", "coordinates": [ [ [ 23.6365, -29.0729 ], [ 23.7045, -29.1108 ], [ 23.6888, -29.1551 ], [ 23.7127, -29.1917 ], [ 23.7584, -29.1956 ], [ 23.7854, -29.2248 ], [ 23.7795, -29.2857 ], [ 23.8607, -29.2856 ], [ 23.881, -29.2998 ], [ 23.8874, -29.3354 ], [ 23.9315, -29.3975 ], [ 23.9177, -29.4602 ], [ 23.9365, -29.4814 ], [ 23.97, -29.4862 ], [ 24.0127, -29.5186 ], [ 24.0451, -29.5034 ], [ 24.1431, -29.5386 ], [ 24.1952, -29.5224 ], [ 24.2044, -29.5381 ], [ 24.2763, -29.4988 ], [ 24.3651, -29.3981 ], [ 24.3947, -29.4293 ], [ 24.4521, -29.4358 ], [ 24.4643, -29.4106 ], [ 24.4785, -29.4158 ], [ 24.3466, -29.6559 ], [ 24.351, -29.7086 ], [ 24.3763, -29.7273 ], [ 24.4105, -29.7895 ], [ 24.44, -29.8154 ], [ 24.47, -29.8118 ], [ 24.4536, -29.8677 ], [ 24.4029, -29.9162 ], [ 24.3774, -29.8878 ], [ 24.2983, -29.8972 ], [ 24.282, -29.9348 ], [ 24.2906, -29.9666 ], [ 24.2614, -29.9815 ], [ 24.2439, -29.9752 ], [ 24.1959, -30.0024 ], [ 24.0565, -30.0037 ], [ 24.0296, -30.0208 ], [ 24.0395, -30.0968 ], [ 24.0054, -30.0811 ], [ 23.9929, -30.1127 ], [ 23.9623, -30.1171 ], [ 23.9458, -30.1045 ], [ 23.9258, -30.1441 ], [ 23.9393, -30.2103 ], [ 23.8421, -30.1951 ], [ 23.8206, -30.1412 ], [ 23.7899, -30.1403 ], [ 23.7763, -30.103 ], [ 23.714, -30.1202 ], [ 23.6861, -30.0901 ], [ 23.6425, -30.1443 ], [ 23.6054, -30.1122 ], [ 23.5363, -30.1088 ], [ 23.5228, -30.0771 ], [ 23.4742, -30.054 ], [ 23.45, -30.1195 ], [ 23.4337, -30.0616 ], [ 23.3774, -30.0607 ], [ 23.371, -30.0737 ], [ 23.3529, -30.0661 ], [ 23.2961, -29.994 ], [ 23.2598, -30.017 ], [ 23.2917, -29.9685 ], [ 23.2394, -29.902 ], [ 23.3453, -29.8963 ], [ 23.3249, -29.8434 ], [ 23.3399, -29.8188 ], [ 23.2939, -29.8091 ], [ 23.2829, -29.7907 ], [ 23.3418, -29.731 ], [ 23.2907, -29.7008 ], [ 23.2999, -29.6513 ], [ 23.2558, -29.6253 ], [ 23.2331, -29.6387 ], [ 23.2278, -29.5374 ], [ 23.2792, -29.4761 ], [ 23.3645, -29.4527 ], [ 23.3627, -29.392 ], [ 23.409, -29.3458 ], [ 23.4193, -29.3046 ], [ 23.4438, -29.3226 ], [ 23.5145, -29.3059 ], [ 23.4881, -29.2406 ], [ 23.5048, -29.2141 ], [ 23.5568, -29.1999 ], [ 23.616, -29.132 ], [ 23.6175, -29.0808 ], [ 23.6365, -29.0729 ] ] ] } },
{ "type": "Feature", "properties": { "muni_code": "NC077" }, "geometry": { "type": "Polygon", "coordinates": [ [ [ 21.9992, -28.9464 ], [ 22.0863, -28.9506 ], [ 22.117, -29.0121 ], [ 22.1812, -29.0624 ], [ 22.235, -29.1695 ], [ 22.2529, -29.1752 ], [ 22.2759, -29.223 ], [ 22.268, -29.313 ], [ 22.2889, -29.3359 ], [ 22.3384, -29.3148 ], [ 22.3555, -29.2319 ], [ 22.4156, -29.1908 ], [ 22.4428, -29.1344 ], [ 22.6355, -29.1382 ], [ 22.6513, -29.1964 ], [ 22.6783, -29.1995 ], [ 22.68, -29.2585 ], [ 22.7265, -29.2827 ], [ 22.8527, -29.2736 ], [ 22.831, -29.1299 ], [ 22.9076, -29.1294 ], [ 22.9068, -29.158 ], [ 23.0722, -29.1807 ], [ 23.1113, -29.2182 ], [ 23.1649, -29.1404 ], [ 23.2234, -29.1299 ], [ 23.3207, -29.1512 ], [ 23.3322, -29.209 ], [ 23.3499, -29.2186 ], [ 23.343, -29.2681 ], [ 23.2711, -29.2756 ], [ 23.2052, -29.307 ], [ 23.1936, -29.3362 ], [ 23.2453, -29.3962 ], [ 23.2712, -29.3783 ], [ 23.2725, -29.3989 ], [ 23.2131, -29.4373 ], [ 23.2331, -29.6387 ], [ 23.2558, -29.6253 ], [ 23.2999, -29.6513 ], [ 23.2907, -29.7008 ], [ 23.3418, -29.731 ], [ 23.2829, -29.7907 ], [ 23.2939, -29.8091 ], [ 23.3399, -29.8188 ], [ 23.3249, -29.8434 ], [ 23.3453, -29.8963 ], [ 23.2396, -29.9018 ], [ 23.1838, -29.9379 ], [ 23.1831, -29.9786 ], [ 23.2022, -29.9988 ], [ 23.2069, -30.0379 ], [ 23.182, -30.095 ], [ 23.1141, -30.1321 ], [ 23.1132, -30.1565 ], [ 22.982, -30.2381 ], [ 22.9549, -30.2222 ], [ 22.9555, -30.1546 ], [ 22.9949, -30.1361 ], [ 22.9838, -30.1255 ], [ 22.9988, -30.1139 ], [ 22.9376, -30.1236 ], [ 22.867, -30.1703 ], [ 22.8648, -30.1122 ], [ 22.8108, -30.0839 ], [ 22.7483, -30.0793 ], [ 22.6478, -30.1302 ], [ 22.6739, -30.1886 ], [ 22.6081, -30.1993 ], [ 22.5235, -30.1584 ], [ 22.4663, -30.1904 ], [ 22.2996, -30.1964 ], [ 22.2896, -30.1726 ], [ 22.2559, -30.1738 ], [ 22.2044, -30.2177 ], [ 22.1819, -30.1757 ], [ 22.209, -30.1249 ], [ 22.1355, -30.1132 ], [ 22.0346, -30.0576 ], [ 21.9944, -29.9538 ], [ 22.0104, -29.9024 ], [ 21.8114, -29.842 ], [ 21.7216, -29.7748 ], [ 21.7789, -29.666 ], [ 21.83, -29.6232 ], [ 21.7849, -29.5566 ], [ 21.8998, -29.4491 ], [ 21.8457, -29.3959 ], [ 21.911, -29.3539 ], [ 21.9793, -29.2778 ], [ 21.8381, -29.0974 ], [ 21.9586, -29.0157 ], [ 21.9992, -28.9464 ] ] ] } },
{ "type": "Feature", "properties": { "muni_code": "NC078" }, "geometry": { "type": "Polygon", "coordinates": [ [ [ 24.5934, -29.0419 ], [ 24.5648, -29.1267 ], [ 24.534, -29.1377 ], [ 24.5265, -29.1618 ], [ 24.5588, -29.1953 ], [ 24.5909, -29.1996 ], [ 24.5893, -29.2127 ], [ 24.4785, -29.4158 ], [ 24.4643, -29.4106 ], [ 24.4521, -29.4358 ], [ 24.3947, -29.4293 ], [ 24.3651, -29.3981 ], [ 24.2763, -29.4988 ], [ 24.2044, -29.5381 ], [ 24.1952, -29.5224 ], [ 24.1431, -29.5386 ], [ 24.0451, -29.5034 ], [ 24.0127, -29.5186 ], [ 23.97, -29.4862 ], [ 23.9359, -29.481 ], [ 23.916, -29.4542 ], [ 23.9292, -29.3893 ], [ 23.8874, -29.3354 ], [ 23.8819, -29.3007 ], [ 23.8607, -29.2856 ], [ 23.7801, -29.2864 ], [ 23.7852, -29.2246 ], [ 23.7584, -29.1956 ], [ 23.714, -29.1932 ], [ 23.6888, -29.1551 ], [ 23.7039, -29.1063 ], [ 23.6351, -29.0725 ], [ 23.6145, -29.0862 ], [ 23.618, -29.129 ], [ 23.5731, -29.1847 ], [ 23.5472, -29.2058 ], [ 23.5048, -29.2141 ], [ 23.4881, -29.2406 ], [ 23.5145, -29.3059 ], [ 23.4438, -29.3226 ], [ 23.4193, -29.3046 ], [ 23.409, -29.3458 ], [ 23.3627, -29.392 ], [ 23.3645, -29.4527 ], [ 23.2792, -29.4761 ], [ 23.2278, -29.5374 ], [ 23.2131, -29.4373 ], [ 23.2725, -29.3989 ], [ 23.2712, -29.3783 ], [ 23.2453, -29.3962 ], [ 23.1936, -29.3362 ], [ 23.2052, -29.307 ], [ 23.2711, -29.2756 ], [ 23.343, -29.2681 ], [ 23.3499, -29.2186 ], [ 23.3322, -29.209 ], [ 23.3207, -29.1512 ], [ 23.2234, -29.1299 ], [ 23.1649, -29.1404 ], [ 23.1113, -29.2182 ], [ 23.0722, -29.1807 ], [ 22.9068, -29.158 ], [ 22.9076, -29.1294 ], [ 22.831, -29.1299 ], [ 22.8527, -29.2736 ], [ 22.7265, -29.2827 ], [ 22.68, -29.2585 ], [ 22.6783, -29.1995 ], [ 22.6513, -29.1964 ], [ 22.6355, -29.1382 ], [ 22.4428, -29.1344 ], [ 22.4156, -29.1908 ], [ 22.3932, -29.2025 ], [ 22.3786, -29.1439 ], [ 22.3558, -29.1333 ], [ 22.4057, -29.0715 ], [ 22.4118, -29.0021 ], [ 22.3094, -28.968 ], [ 22.124, -28.812 ], [ 22.1308, -28.8016 ], [ 22.1081, -28.7777 ], [ 22.4606, -28.4445 ], [ 22.5243, -28.4973 ], [ 22.583, -28.4991 ], [ 22.5914, -28.5148 ], [ 22.6007, -28.5029 ], [ 22.6672, -28.5027 ], [ 22.7296, -28.5176 ], [ 22.7967, -28.5775 ], [ 22.9176, -28.577 ], [ 22.9625, -28.5614 ], [ 22.9957, -28.5803 ], [ 23.097, -28.5993 ], [ 23.1824, -28.5705 ], [ 23.1924, -28.5456 ], [ 23.223, -28.5573 ], [ 23.2022, -28.6296 ], [ 23.2336, -28.6373 ], [ 23.2551, -28.6144 ], [ 23.292, -28.6499 ], [ 23.3791, -28.6363 ], [ 23.4103, -28.6953 ], [ 23.4794, -28.7139 ], [ 23.5424, -28.7474 ], [ 23.6685, -28.7667 ], [ 23.693, -28.7369 ], [ 23.6238, -28.7084 ], [ 23.7547, -28.5288 ], [ 23.9087, -28.6414 ], [ 23.9693, -28.6711 ], [ 24.0009, -28.6619 ], [ 23.9496, -28.6034 ], [ 24.0465, -28.5998 ], [ 24.0866, -28.5583 ], [ 24.1178, -28.5997 ], [ 24.0915, -28.6252 ], [ 24.0817, -28.6602 ], [ 24.0581, -28.6659 ], [ 24.0755, -28.7076 ], [ 24.0575, -28.733 ], [ 24.0301, -28.7373 ], [ 24.0309, -28.8007 ], [ 24.0546, -28.7868 ], [ 24.1485, -28.8283 ], [ 24.1164, -28.8559 ], [ 24.1806, -28.9004 ], [ 24.2026, -28.8768 ], [ 24.2524, -28.9467 ], [ 24.2799, -28.9517 ], [ 24.286, -28.9294 ], [ 24.3095, -28.9238 ], [ 24.3226, -28.9335 ], [ 24.3514, -28.9276 ], [ 24.4094, -28.9536 ], [ 24.4343, -28.9978 ], [ 24.4905, -28.9985 ], [ 24.5128, -29.0184 ], [ 24.5057, -29.0507 ], [ 24.5934, -29.0419 ] ] ] } },
{ "type": "Feature", "properties": { "muni_code": "NC082" }, "geometry": { "type": "Polygon", "coordinates": [ [ [ 20.0002, -27.774 ], [ 20.1537, -27.8526 ], [ 20.2486, -27.7906 ], [ 20.2708, -27.9149 ], [ 20.2656, -27.9411 ], [ 20.3254, -27.9865 ], [ 20.4834, -27.9395 ], [ 20.5118, -27.9587 ], [ 20.5647, -27.9593 ], [ 20.5234, -27.9868 ], [ 20.5659, -28.0617 ], [ 20.58, -28.1819 ], [ 20.638, -28.1749 ], [ 20.6642, -28.2295 ], [ 20.7123, -28.2815 ], [ 20.805, -28.3548 ], [ 20.8496, -28.351 ], [ 20.9262, -28.4127 ], [ 21.0012, -28.4007 ], [ 21.02, -28.3832 ], [ 21.041, -28.4045 ], [ 21.0178, -28.4439 ], [ 21.1604, -28.5932 ], [ 21.1937, -28.6012 ], [ 21.2605, -28.7115 ], [ 21.1258, -28.8316 ], [ 21.1398, -28.8631 ], [ 21.251, -28.9309 ], [ 21.2113, -29.0089 ], [ 21.3086, -29.0674 ], [ 21.3017, -29.1547 ], [ 21.1824, -29.2586 ], [ 21.2251, -29.2882 ], [ 21.2359, -29.3255 ], [ 21.2742, -29.358 ], [ 21.2496, -29.4042 ], [ 21.2786, -29.5115 ], [ 21.2193, -29.5063 ], [ 21.2262, -29.5239 ], [ 21.1954, -29.6372 ], [ 20.8986, -29.8503 ], [ 20.8576, -29.8586 ], [ 20.8316, -29.8828 ], [ 20.8038, -29.9422 ], [ 20.8239, -29.952 ], [ 20.7548, -29.9827 ], [ 20.7081, -29.9856 ], [ 20.6264, -29.8632 ], [ 20.6614, -29.6431 ], [ 20.6256, -29.6203 ], [ 20.5945, -29.6348 ], [ 20.5198, -29.719 ], [ 20.4368, -29.6158 ], [ 20.3858, -29.6038 ], [ 20.2734, -29.6435 ], [ 20.1567, -29.6525 ], [ 20.1752, -29.7644 ], [ 20.1046, -29.8289 ], [ 20.0461, -29.8618 ], [ 20.0036, -29.8665 ], [ 19.883, -29.7769 ], [ 19.6591, -29.793 ], [ 19.5748, -29.7253 ], [ 19.6109, -29.6809 ], [ 19.586, -29.6099 ], [ 19.7622, -29.582 ], [ 19.767, -29.54 ], [ 19.7403, -29.4286 ], [ 19.7026, -29.423 ], [ 19.7053, -29.4009 ], [ 19.657, -29.321 ], [ 19.6013, -29.2719 ], [ 19.5767, -29.0947 ], [ 19.7795, -28.8764 ], [ 19.6662, -28.8298 ], [ 19.6191, -28.6906 ], [ 19.5093, -28.5965 ], [ 19.536, -28.5871 ], [ 19.546, -28.544 ], [ 19.5676, -28.5267 ], [ 19.6252, -28.5109 ], [ 19.6683, -28.5311 ], [ 19.7386, -28.4857 ], [ 19.8132, -28.5083 ], [ 19.8476, -28.4596 ], [ 19.8771, -28.4427 ], [ 19.9992, -28.4278 ], [ 20.0002, -27.774 ] ] ] } },
{ "type": "Feature", "properties": { "muni_code": "NC084" }, "geometry": { "type": "Polygon", "coordinates": [ [ [ 21.9215, -28.5004 ], [ 22.026, -28.6587 ], [ 22.0687, -28.7029 ], [ 22.0989, -28.7098 ], [ 22.1233, -28.7632 ], [ 22.1081, -28.7777 ], [ 22.1308, -28.8016 ], [ 22.124, -28.812 ], [ 22.3094, -28.968 ], [ 22.4118, -29.0021 ], [ 22.4057, -29.0715 ], [ 22.3558, -29.1333 ], [ 22.3786, -29.1439 ], [ 22.3932, -29.2025 ], [ 22.3555, -29.2319 ], [ 22.3384, -29.3148 ], [ 22.2838, -29.3343 ], [ 22.2679, -29.3125 ], [ 22.2759, -29.223 ], [ 22.2529, -29.1752 ], [ 22.235, -29.1695 ], [ 22.1812, -29.0624 ], [ 22.117, -29.0121 ], [ 22.0863, -28.9506 ], [ 21.991, -28.9461 ], [ 21.9586, -29.0157 ], [ 21.8381, -29.0974 ], [ 21.9793, -29.2778 ], [ 21.911, -29.3539 ], [ 21.8457, -29.3959 ], [ 21.8998, -29.4491 ], [ 21.7849, -29.5566 ], [ 21.83, -29.6232 ], [ 21.7789, -29.666 ], [ 21.7216, -29.7748 ], [ 21.8114, -29.842 ], [ 22.0104, -29.9024 ], [ 21.9944, -29.9538 ], [ 22.0143, -30.0058 ], [ 21.9384, -30.0243 ], [ 21.9146, -29.9911 ], [ 21.8327, -30.0279 ], [ 21.6947, -29.9954 ], [ 21.5922, -30.0116 ], [ 21.5752, -30.0444 ], [ 21.5069, -30.0312 ], [ 21.4257, -29.9864 ], [ 21.3713, -30.0175 ], [ 21.243, -30.0391 ], [ 21.3053, -29.9804 ], [ 21.1541, -29.8726 ], [ 21.272, -29.7363 ], [ 21.2756, -29.6872 ], [ 21.1954, -29.6372 ], [ 21.2262, -29.5239 ], [ 21.2193, -29.5063 ], [ 21.2786, -29.5115 ], [ 21.2496, -29.4042 ], [ 21.2742, -29.358 ], [ 21.2359, -29.3255 ], [ 21.2251, -29.2882 ], [ 21.1824, -29.2586 ], [ 21.3017, -29.1547 ], [ 21.3086, -29.0674 ], [ 21.2113, -29.0089 ], [ 21.251, -28.9309 ], [ 21.1398, -28.8631 ], [ 21.1258, -28.8316 ], [ 21.3418, -28.6319 ], [ 21.5316, -28.5634 ], [ 21.61, -28.551 ], [ 21.6534, -28.5059 ], [ 21.6854, -28.5283 ], [ 21.7016, -28.5125 ], [ 21.696, -28.5029 ], [ 21.7385, -28.4753 ], [ 21.7625, -28.5142 ], [ 21.787, -28.5051 ], [ 21.8376, -28.3827 ], [ 21.9007, -28.4252 ], [ 21.9215, -28.5004 ] ] ] } },
{ "type": "Feature", "properties": { "muni_code": "NC085" }, "geometry": { "type": "Polygon", "coordinates": [ [ [ 22.1503, -27.0305 ], [ 22.2094, -27.0945 ], [ 22.2517, -27.0399 ], [ 22.3248, -27.0777 ], [ 22.3413, -27.2611 ], [ 22.3975, -27.264 ], [ 22.3964, -27.2782 ], [ 22.5383, -27.2767 ], [ 22.6204, -27.2631 ], [ 22.6521, -27.2369 ], [ 22.6857, -27.2673 ], [ 22.6726, -27.3029 ], [ 22.6531, -27.314 ], [ 22.6458, -27.3498 ], [ 22.6816, -27.3477 ], [ 22.6691, -27.4507 ], [ 22.7198, -27.4564 ], [ 22.7014, -27.6657 ], [ 22.6747, -27.6678 ], [ 22.7663, -27.7508 ], [ 22.8193, -27.8316 ], [ 22.7395, -27.8507 ], [ 22.7887, -27.8902 ], [ 22.715, -27.8951 ], [ 22.7274, -27.9304 ], [ 22.6424, -27.9397 ], [ 22.6448, -27.9879 ], [ 22.7728, -27.9841 ], [ 22.9331, -27.8879 ], [ 22.9916, -27.898 ], [ 23.023, -27.858 ], [ 23.0447, -27.89 ], [ 23.0551, -27.8811 ], [ 23.0977, -27.8888 ], [ 23.1118, -27.9628 ], [ 23.2668, -27.9466 ], [ 23.3044, -27.9365 ], [ 23.3496, -27.9019 ], [ 23.4412, -28.086 ], [ 23.5236, -28.0953 ], [ 23.4872, -28.1602 ], [ 23.442, -28.203 ], [ 23.3988, -28.2824 ], [ 23.4201, -28.295 ], [ 23.3887, -28.3716 ], [ 23.5682, -28.4499 ], [ 23.5431, -28.5173 ], [ 23.707, -28.5877 ], [ 23.6238, -28.7084 ], [ 23.693, -28.7369 ], [ 23.6685, -28.7667 ], [ 23.5424, -28.7474 ], [ 23.4794, -28.7139 ], [ 23.4103, -28.6953 ], [ 23.3791, -28.6363 ], [ 23.292, -28.6499 ], [ 23.2551, -28.6144 ], [ 23.2336, -28.6373 ], [ 23.2022, -28.6296 ], [ 23.223, -28.5573 ], [ 23.1924, -28.5456 ], [ 23.1824, -28.5705 ], [ 23.097, -28.5993 ], [ 22.9957, -28.5803 ], [ 22.9625, -28.5614 ], [ 22.9176, -28.577 ], [ 22.7967, -28.5775 ], [ 22.7296, -28.5176 ], [ 22.6672, -28.5027 ], [ 22.6007, -28.5029 ], [ 22.5914, -28.5148 ], [ 22.583, -28.4991 ], [ 22.5243, -28.4973 ], [ 22.4606, -28.4445 ], [ 22.1233, -28.7632 ], [ 22.0989, -28.7098 ], [ 22.0688, -28.703 ], [ 22.0459, -28.6817 ], [ 21.9266, -28.5205 ], [ 21.9007, -28.4252 ], [ 21.8376, -28.3827 ], [ 21.8168, -28.3479 ], [ 21.7742, -28.353 ], [ 21.7465, -28.3008 ], [ 21.6896, -28.2752 ], [ 21.7479, -28.2363 ], [ 21.6813, -28.2096 ], [ 21.809, -28.08 ], [ 21.8261, -28.0389 ], [ 21.8329, -28.0106 ], [ 21.7885, -27.9682 ], [ 21.9872, -27.8069 ], [ 21.987, -27.761 ], [ 22.0062, -27.7604 ], [ 21.9163, -27.5538 ], [ 21.9994, -27.5248 ], [ 21.9995, -27.1102 ], [ 22.1243, -27.0736 ], [ 22.1503, -27.0305 ] ] ] } },
{ "type": "Feature", "properties": { "muni_code": "NC086" }, "geometry": { "type": "Polygon", "coordinates": [ [ [ 23.5809, -27.8793 ], [ 23.597, -27.9113 ], [ 23.6286, -27.9217 ], [ 23.6372, -27.9095 ], [ 23.8346, -28.0151 ], [ 23.7907, -28.0828 ], [ 23.8914, -28.1259 ], [ 23.8144, -28.3338 ], [ 23.8423, -28.3487 ], [ 23.828, -28.391 ], [ 23.7673, -28.4715 ], [ 23.7924, -28.4911 ], [ 23.7074, -28.5879 ], [ 23.5431, -28.5173 ], [ 23.5682, -28.4499 ], [ 23.3887, -28.3716 ], [ 23.4201, -28.295 ], [ 23.3988, -28.2824 ], [ 23.442, -28.203 ], [ 23.4872, -28.1602 ], [ 23.5236, -28.0953 ], [ 23.4412, -28.086 ], [ 23.362, -27.9422 ], [ 23.4166, -27.9158 ], [ 23.4439, -27.9552 ], [ 23.5809, -27.8793 ] ] ] } },
{ "type": "Feature", "properties": { "muni_code": "NC087" }, "geometry": { "type": "Polygon", "coordinates": [ [ [ 20.0446, -24.8109 ], [ 20.0902, -24.8328 ], [ 20.0877, -24.852 ], [ 20.1214, -24.8849 ], [ 20.1502, -24.8795 ], [ 20.1818, -24.9118 ], [ 20.2036, -24.8964 ], [ 20.222, -24.9199 ], [ 20.2595, -24.9238 ], [ 20.2965, -24.9806 ], [ 20.3842, -25.0344 ], [ 20.3788, -25.0619 ], [ 20.4127, -25.0829 ], [ 20.4309, -25.1543 ], [ 20.469, -25.1569 ], [ 20.4464, -25.199 ], [ 20.4711, -25.2283 ], [ 20.4989, -25.2284 ], [ 20.4873, -25.2531 ], [ 20.4997, -25.2722 ], [ 20.5459, -25.2862 ], [ 20.5139, -25.3171 ], [ 20.547, -25.3206 ], [ 20.5392, -25.3448 ], [ 20.5616, -25.3895 ], [ 20.6016, -25.3947 ], [ 20.6012, -25.4274 ], [ 20.631, -25.4253 ], [ 20.616, -25.4453 ], [ 20.6225, -25.4618 ], [ 20.6441, -25.4627 ], [ 20.6597, -25.4461 ], [ 20.6744, -25.4532 ], [ 20.6677, -25.4696 ], [ 20.6362, -25.4735 ], [ 20.6434, -25.498 ], [ 20.6292, -25.525 ], [ 20.67, -25.5498 ], [ 20.6982, -25.5951 ], [ 20.6654, -25.604 ], [ 20.6518, -25.6375 ], [ 20.6879, -25.6355 ], [ 20.6779, -25.6904 ], [ 20.7181, -25.7187 ], [ 20.7317, -25.7717 ], [ 20.7635, -25.7804 ], [ 20.7393, -25.8227 ], [ 20.7535, -25.8262 ], [ 20.7887, -25.8037 ], [ 20.7827, -25.855 ], [ 20.8131, -25.8697 ], [ 20.8121, -25.8903 ], [ 20.7981, -25.8996 ], [ 20.8029, -25.921 ], [ 20.8404, -25.9559 ], [ 20.8154, -26.0059 ], [ 20.8361, -26.0361 ], [ 20.8187, -26.0586 ], [ 20.8418, -26.0804 ], [ 20.8209, -26.1053 ], [ 20.8633, -26.1327 ], [ 20.8193, -26.1823 ], [ 20.7905, -26.2712 ], [ 20.7594, -26.2865 ], [ 20.744, -26.3178 ], [ 20.7199, -26.3338 ], [ 20.6934, -26.3977 ], [ 20.6768, -26.3979 ], [ 20.6498, -26.4329 ], [ 20.6174, -26.4437 ], [ 20.6048, -26.5147 ], [ 20.61, -26.5599 ], [ 20.6326, -26.5918 ], [ 20.6353, -26.6653 ], [ 20.6145, -26.6869 ], [ 20.6345, -26.7256 ], [ 20.6257, -26.7493 ], [ 20.6377, -26.7675 ], [ 20.6224, -26.7869 ], [ 20.6504, -26.8095 ], [ 20.6454, -26.829 ], [ 20.6827, -26.8406 ], [ 20.6853, -26.9073 ], [ 20.715, -26.8701 ], [ 20.7635, -26.8664 ], [ 20.7866, -26.8417 ], [ 20.8163, -26.8417 ], [ 20.8207, -26.8193 ], [ 20.8858, -26.7971 ], [ 20.9466, -26.8139 ], [ 20.9718, -26.8072 ], [ 21.0109, -26.8467 ], [ 21.0789, -26.8485 ], [ 21.1342, -26.8738 ], [ 21.2217, -26.8438 ], [ 21.2686, -26.8375 ], [ 21.2992, -26.8494 ], [ 21.3327, -26.8256 ], [ 21.4049, -26.8221 ], [ 21.5255, -26.8619 ], [ 21.5411, -26.843 ], [ 21.5949, -26.8413 ], [ 21.6271, -26.8667 ], [ 21.7024, -26.858 ], [ 21.781, -26.8023 ], [ 21.7929, -26.7696 ], [ 21.831, -26.7978 ], [ 21.8724, -26.8601 ], [ 21.9171, -26.9587 ], [ 21.9516, -26.9488 ], [ 21.9852, -27.0182 ], [ 21.9995, -27.0248 ], [ 21.9994, -27.5248 ], [ 21.9163, -27.5538 ], [ 22.0062, -27.7604 ], [ 21.987, -27.761 ], [ 21.9872, -27.8069 ], [ 21.7885, -27.9682 ], [ 21.8329, -28.0106 ], [ 21.809, -28.08 ], [ 21.6813, -28.2096 ], [ 21.7479, -28.2363 ], [ 21.6896, -28.2752 ], [ 21.7465, -28.3008 ], [ 21.7742, -28.353 ], [ 21.8168, -28.3479 ], [ 21.8376, -28.3827 ], [ 21.787, -28.5051 ], [ 21.7625, -28.5142 ], [ 21.7385, -28.4753 ], [ 21.696, -28.5029 ], [ 21.7016, -28.5125 ], [ 21.6854, -28.5283 ], [ 21.6534, -28.5059 ], [ 21.61, -28.551 ], [ 21.5316, -28.5634 ], [ 21.3418, -28.6319 ], [ 21.2605, -28.7115 ], [ 21.1937, -28.6012 ], [ 21.1604, -28.5932 ], [ 21.0178, -28.4439 ], [ 21.041, -28.4045 ], [ 21.02, -28.3832 ], [ 21.0012, -28.4007 ], [ 20.9262, -28.4127 ], [ 20.8496, -28.351 ], [ 20.805, -28.3548 ], [ 20.7123, -28.2815 ], [ 20.6642, -28.2295 ], [ 20.638, -28.1749 ], [ 20.58, -28.1819 ], [ 20.5659, -28.0617 ], [ 20.5234, -27.9868 ], [ 20.5647, -27.9593 ], [ 20.5118, -27.9587 ], [ 20.4834, -27.9395 ], [ 20.3254, -27.9865 ], [ 20.2656, -27.9411 ], [ 20.2708, -27.9149 ], [ 20.2486, -27.7906 ], [ 20.1537, -27.8526 ], [ 20.0002, -27.774 ], [ 19.9989, -24.7659 ], [ 20.0446, -24.8109 ] ] ] } },
{ "type": "Feature", "properties": { "muni_code": "NC091" }, "geometry": { "type": "Polygon", "coordinates": [ [ [ 24.7688, -28.4229 ], [ 24.7988, -28.448 ], [ 24.8451, -28.4278 ], [ 24.8993, -28.4305 ], [ 24.8868, -28.465 ], [ 24.8469, -28.5038 ], [ 24.8678, -28.5171 ], [ 24.8277, -28.627 ], [ 24.9018, -28.648 ], [ 24.5893, -29.2127 ], [ 24.5909, -29.1996 ], [ 24.5588, -29.1953 ], [ 24.5265, -29.1618 ], [ 24.534, -29.1377 ], [ 24.5648, -29.1267 ], [ 24.5934, -29.0419 ], [ 24.5057, -29.0507 ], [ 24.5128, -29.0184 ], [ 24.4905, -28.9985 ], [ 24.4343, -28.9978 ], [ 24.4094, -28.9536 ], [ 24.3514, -28.9276 ], [ 24.3226, -28.9335 ], [ 24.3095, -28.9238 ], [ 24.286, -28.9294 ], [ 24.2799, -28.9517 ], [ 24.2524, -28.9467 ], [ 24.2026, -28.8768 ], [ 24.1806, -28.9004 ], [ 24.1164, -28.8559 ], [ 24.1485, -28.8283 ], [ 24.0546, -28.7868 ], [ 24.0281, -28.7968 ], [ 24.0301, -28.7373 ], [ 24.0575, -28.733 ], [ 24.0755, -28.7076 ], [ 24.0583, -28.6657 ], [ 24.0815, -28.6605 ], [ 24.0926, -28.6234 ], [ 24.199, -28.5164 ], [ 24.3335, -28.5608 ], [ 24.3388, -28.5806 ], [ 24.4089, -28.6268 ], [ 24.5217, -28.6746 ], [ 24.5487, -28.7137 ], [ 24.5955, -28.6426 ], [ 24.5953, -28.604 ], [ 24.6082, -28.5972 ], [ 24.6044, -28.5515 ], [ 24.5927, -28.5403 ], [ 24.6046, -28.4972 ], [ 24.6464, -28.4809 ], [ 24.6501, -28.5031 ], [ 24.707, -28.5132 ], [ 24.7149, -28.501 ], [ 24.706, -28.4821 ], [ 24.6826, -28.4735 ], [ 24.7554, -28.4436 ], [ 24.7688, -28.4229 ] ] ] } },
{ "type": "Feature", "properties": { "muni_code": "NC092" }, "geometry": { "type": "Polygon", "coordinates": [ [ [ 24.5346, -28.0921 ], [ 24.5479, -28.1178 ], [ 24.6563, -28.2024 ], [ 24.63, -28.2271 ], [ 24.698, -28.2778 ], [ 24.6963, -28.3004 ], [ 24.7406, -28.3582 ], [ 24.7322, -28.374 ], [ 24.7111, -28.3718 ], [ 24.6984, -28.3875 ], [ 24.7215, -28.41 ], [ 24.7272, -28.4514 ], [ 24.6821, -28.4744 ], [ 24.7056, -28.4815 ], [ 24.7149, -28.501 ], [ 24.7074, -28.5129 ], [ 24.6501, -28.5031 ], [ 24.6464, -28.4809 ], [ 24.6046, -28.4972 ], [ 24.5927, -28.5403 ], [ 24.6044, -28.5515 ], [ 24.6082, -28.5972 ], [ 24.5953, -28.604 ], [ 24.5955, -28.6426 ], [ 24.5487, -28.7137 ], [ 24.5217, -28.6746 ], [ 24.4089, -28.6268 ], [ 24.3388, -28.5806 ], [ 24.3335, -28.5608 ], [ 24.199, -28.5164 ], [ 24.117, -28.5986 ], [ 24.0866, -28.5583 ], [ 24.0465, -28.5998 ], [ 23.9496, -28.6034 ], [ 24.0009, -28.6619 ], [ 23.9693, -28.6711 ], [ 23.9087, -28.6414 ], [ 23.7547, -28.5288 ], [ 23.7924, -28.4911 ], [ 23.7673, -28.4715 ], [ 23.828, -28.391 ], [ 23.8423, -28.3487 ], [ 23.8144, -28.3338 ], [ 23.8914, -28.1259 ], [ 23.7907, -28.0828 ], [ 23.8346, -28.0151 ], [ 23.6372, -27.9095 ], [ 23.6286, -27.9217 ], [ 23.597, -27.9113 ], [ 23.5978, -27.8883 ], [ 23.5809, -27.8793 ], [ 23.6441, -27.8335 ], [ 24.4053, -27.6812 ], [ 24.4468, -27.7029 ], [ 24.4088, -27.7611 ], [ 24.4526, -27.7825 ], [ 24.4274, -27.8405 ], [ 24.4099, -27.8427 ], [ 24.3605, -27.9107 ], [ 24.3926, -27.9415 ], [ 24.4099, -27.9233 ], [ 24.4673, -27.9806 ], [ 24.4445, -28.0319 ], [ 24.4655, -28.0358 ], [ 24.5346, -28.0921 ] ] ] } },
{ "type": "Feature", "properties": { "muni_code": "NC093" }, "geometry": { "type": "Polygon", "coordinates": [ [ [ 24.611, -27.8976 ], [ 24.6528, -27.9143 ], [ 24.7328, -27.9202 ], [ 24.7379, -27.9379 ], [ 24.7638, -27.9521 ], [ 24.7433, -27.9669 ], [ 24.7752, -27.9941 ], [ 24.7954, -27.9834 ], [ 24.8073, -27.994 ], [ 24.8474, -27.958 ], [ 24.9506, -28.1132 ], [ 24.9734, -28.081 ], [ 25.0281, -28.0735 ], [ 24.9646, -28.2507 ], [ 24.9267, -28.2469 ], [ 24.9053, -28.2748 ], [ 24.8705, -28.2704 ], [ 24.8903, -28.3102 ], [ 24.9376, -28.3249 ], [ 24.8993, -28.4305 ], [ 24.8451, -28.4278 ], [ 24.7988, -28.448 ], [ 24.7679, -28.4223 ], [ 24.7554, -28.4436 ], [ 24.7235, -28.4447 ], [ 24.7215, -28.41 ], [ 24.6983, -28.3879 ], [ 24.7111, -28.3718 ], [ 24.7332, -28.3732 ], [ 24.7332, -28.3406 ], [ 24.6963, -28.3004 ], [ 24.698, -28.2778 ], [ 24.63, -28.2271 ], [ 24.6563, -28.2024 ], [ 24.5479, -28.1178 ], [ 24.5346, -28.0921 ], [ 24.5637, -28.07 ], [ 24.5595, -28.0388 ], [ 24.6089, -28.0273 ], [ 24.6082, -28.0117 ], [ 24.6283, -27.9995 ], [ 24.6198, -27.9512 ], [ 24.6288, -27.9353 ], [ 24.6068, -27.9084 ], [ 24.611, -27.8976 ] ] ] } },
{ "type": "Feature", "properties": { "muni_code": "NC094" }, "geometry": { "type": "Polygon", "coordinates": [ [ [ 24.7822, -27.633 ], [ 24.8012, -27.7018 ], [ 24.9997, -27.6808 ], [ 25.0479, -27.6997 ], [ 24.8469, -27.9112 ], [ 24.8615, -27.9083 ], [ 24.8574, -27.9253 ], [ 24.8298, -27.9313 ], [ 24.8474, -27.958 ], [ 24.8405, -27.9727 ], [ 24.8205, -27.9759 ], [ 24.8073, -27.994 ], [ 24.7954, -27.9834 ], [ 24.7752, -27.9941 ], [ 24.7433, -27.9669 ], [ 24.7638, -27.9521 ], [ 24.7379, -27.9379 ], [ 24.7328, -27.9202 ], [ 24.6645, -27.9164 ], [ 24.6168, -27.9071 ], [ 24.6155, -27.9039 ], [ 24.6453, -27.8874 ], [ 24.6583, -27.8527 ], [ 24.6968, -27.8476 ], [ 24.6881, -27.8365 ], [ 24.6993, -27.8283 ], [ 24.6587, -27.7909 ], [ 24.6731, -27.7828 ], [ 24.6805, -27.7393 ], [ 24.6937, -27.7357 ], [ 24.6955, -27.7183 ], [ 24.6727, -27.6856 ], [ 24.686, -27.6784 ], [ 24.6782, -27.6669 ], [ 24.6916, -27.646 ], [ 24.7621, -27.6332 ], [ 24.7568, -27.6096 ], [ 24.7843, -27.6046 ], [ 24.7822, -27.633 ] ] ] } },
{ "type": "Feature", "properties": { "muni_code": "NC451" }, "geometry": { "type": "Polygon", "coordinates": [ [ [ 23.3874, -26.0062 ], [ 23.3539, -26.0895 ], [ 23.2321, -26.0527 ], [ 23.2158, -26.1157 ], [ 23.2519, -26.1138 ], [ 23.311, -26.1419 ], [ 23.2217, -26.2713 ], [ 23.2821, -26.3395 ], [ 23.2664, -26.4854 ], [ 23.463, -26.5311 ], [ 23.5838, -26.6171 ], [ 23.4871, -26.7397 ], [ 23.6465, -26.8075 ], [ 23.7607, -26.8409 ], [ 23.8532, -26.8901 ], [ 23.8695, -26.8567 ], [ 23.9169, -26.8579 ], [ 23.9704, -26.8942 ], [ 24.026, -26.9993 ], [ 24.0375, -27.0537 ], [ 23.976, -27.0794 ], [ 23.8983, -27.2356 ], [ 23.8965, -27.2527 ], [ 24.0149, -27.3237 ], [ 23.987, -27.3646 ], [ 24.0005, -27.3708 ], [ 23.9921, -27.3927 ], [ 24.0019, -27.42 ], [ 23.9745, -27.408 ], [ 23.9731, -27.4201 ], [ 23.9366, -27.4108 ], [ 23.918, -27.3931 ], [ 23.8842, -27.4487 ], [ 23.935, -27.4757 ], [ 23.9215, -27.4943 ], [ 23.9016, -27.4959 ], [ 23.873, -27.4702 ], [ 23.8629, -27.4894 ], [ 23.8146, -27.4788 ], [ 23.7671, -27.5532 ], [ 23.6715, -27.5161 ], [ 23.6108, -27.4724 ], [ 23.6065, -27.4275 ], [ 23.5837, -27.3778 ], [ 23.5663, -27.3811 ], [ 23.564, -27.335 ], [ 23.5275, -27.3409 ], [ 23.4762, -27.2918 ], [ 23.3941, -27.2991 ], [ 23.1781, -27.1358 ], [ 23.1169, -27.2011 ], [ 23.1324, -27.237 ], [ 23.2718, -27.3785 ], [ 23.2757, -27.3979 ], [ 23.2294, -27.3991 ], [ 23.2205, -27.4035 ], [ 23.232, -27.4166 ], [ 23.2159, -27.4192 ], [ 23.123, -27.4065 ], [ 22.9877, -27.4123 ], [ 22.8374, -27.3904 ], [ 22.8223, -27.3947 ], [ 22.8488, -27.4588 ], [ 22.8474, -27.5047 ], [ 22.8341, -27.5072 ], [ 22.8445, -27.5437 ], [ 22.7146, -27.5492 ], [ 22.7198, -27.4564 ], [ 22.6691, -27.4507 ], [ 22.6816, -27.3477 ], [ 22.6458, -27.3498 ], [ 22.6531, -27.314 ], [ 22.6726, -27.3029 ], [ 22.6857, -27.2673 ], [ 22.6521, -27.2369 ], [ 22.6204, -27.2631 ], [ 22.5383, -27.2767 ], [ 22.3964, -27.2782 ], [ 22.3975, -27.264 ], [ 22.3413, -27.2611 ], [ 22.3248, -27.0777 ], [ 22.2517, -27.0399 ], [ 22.2094, -27.0945 ], [ 22.1503, -27.0305 ], [ 22.1243, -27.0736 ], [ 21.9995, -27.1102 ], [ 21.9995, -27.0248 ], [ 21.9852, -27.0182 ], [ 21.9516, -26.9488 ], [ 21.9171, -26.9587 ], [ 21.8724, -26.8601 ], [ 21.831, -26.7978 ], [ 21.7929, -26.7696 ], [ 21.7873, -26.7222 ], [ 21.7692, -26.6957 ], [ 21.7874, -26.6761 ], [ 21.8241, -26.6597 ], [ 21.949, -26.67 ], [ 22.0174, -26.6365 ], [ 22.0514, -26.6335 ], [ 22.079, -26.5792 ], [ 22.1086, -26.5488 ], [ 22.1326, -26.5448 ], [ 22.1352, -26.5235 ], [ 22.1635, -26.5083 ], [ 22.1601, -26.4833 ], [ 22.1823, -26.4692 ], [ 22.1815, -26.4392 ], [ 22.2002, -26.4248 ], [ 22.1905, -26.4 ], [ 22.2387, -26.3706 ], [ 22.2423, -26.3499 ], [ 22.3069, -26.3441 ], [ 22.3259, -26.3223 ], [ 22.363, -26.3255 ], [ 22.3631, -26.2858 ], [ 22.4027, -26.2729 ], [ 22.3988, -26.2481 ], [ 22.4201, -26.2244 ], [ 22.4541, -26.2279 ], [ 22.4717, -26.2006 ], [ 22.5288, -26.2267 ], [ 22.5527, -26.225 ], [ 22.5777, -26.1916 ], [ 22.5781, -26.1426 ], [ 22.6002, -26.1517 ], [ 22.6139, -26.1254 ], [ 22.7029, -26.1199 ], [ 22.7088, -26.4109 ], [ 22.8032, -26.4537 ], [ 22.8484, -26.3759 ], [ 22.8993, -26.2136 ], [ 22.9071, -26.1459 ], [ 22.9811, -26.1526 ], [ 22.987, -26.09 ], [ 23.0648, -26.0991 ], [ 23.0881, -26.0436 ], [ 23.0869, -25.9826 ], [ 23.3205, -25.9928 ], [ 23.3874, -26.0062 ] ] ] } },
{ "type": "Feature", "properties": { "muni_code": "NC452" }, "geometry": { "type": "Polygon", "coordinates": [ [ [ 23.3937, -27.2988 ], [ 23.4762, -27.2918 ], [ 23.5275, -27.3409 ], [ 23.564, -27.335 ], [ 23.5663, -27.3811 ], [ 23.5837, -27.3778 ], [ 23.6065, -27.4275 ], [ 23.6108, -27.4724 ], [ 23.6715, -27.5161 ], [ 23.7671, -27.5532 ], [ 23.8146, -27.4788 ], [ 23.8629, -27.4894 ], [ 23.873, -27.4702 ], [ 23.9016, -27.4959 ], [ 23.9215, -27.4943 ], [ 23.935, -27.4757 ], [ 23.8842, -27.4487 ], [ 23.918, -27.3931 ], [ 23.9366, -27.4108 ], [ 23.9731, -27.4201 ], [ 23.9745, -27.408 ], [ 24.0019, -27.42 ], [ 23.9921, -27.3927 ], [ 24.0005, -27.3708 ], [ 23.987, -27.3646 ], [ 24.0149, -27.3237 ], [ 24.0639, -27.3532 ], [ 24.0863, -27.3535 ], [ 24.0522, -27.4627 ], [ 24.0506, -27.6027 ], [ 24.1186, -27.6217 ], [ 24.0933, -27.7049 ], [ 24.111, -27.739 ], [ 23.6441, -27.8335 ], [ 23.5556, -27.8975 ], [ 23.4439, -27.9552 ], [ 23.4166, -27.9158 ], [ 23.362, -27.9422 ], [ 23.3496, -27.9019 ], [ 23.3044, -27.9365 ], [ 23.2668, -27.9466 ], [ 23.1118, -27.9628 ], [ 23.0855, -27.8448 ], [ 23.109, -27.7961 ], [ 23.1602, -27.7286 ], [ 23.2886, -27.7142 ], [ 23.2649, -27.5191 ], [ 23.3074, -27.5147 ], [ 23.3727, -27.4645 ], [ 23.342, -27.4152 ], [ 23.3438, -27.387 ], [ 23.3136, -27.3519 ], [ 23.2718, -27.3785 ], [ 23.1324, -27.237 ], [ 23.1169, -27.2011 ], [ 23.1781, -27.1358 ], [ 23.3937, -27.2988 ] ] ] } },
{ "type": "Feature", "properties": { "muni_code": "NC453" }, "geometry": { "type": "Polygon", "coordinates": [ [ [ 23.3136, -27.3519 ], [ 23.3438, -27.387 ], [ 23.342, -27.4152 ], [ 23.3727, -27.4645 ], [ 23.3074, -27.5147 ], [ 23.2649, -27.5191 ], [ 23.2886, -27.7142 ], [ 23.1602, -27.7286 ], [ 23.0855, -27.8448 ], [ 23.0977, -27.8888 ], [ 23.0551, -27.8811 ], [ 23.0447, -27.89 ], [ 23.023, -27.858 ], [ 22.9916, -27.898 ], [ 22.9331, -27.8879 ], [ 22.7728, -27.9841 ], [ 22.6448, -27.9879 ], [ 22.6424, -27.9397 ], [ 22.7274, -27.9304 ], [ 22.715, -27.8951 ], [ 22.7887, -27.8902 ], [ 22.7395, -27.8507 ], [ 22.8193, -27.8316 ], [ 22.7663, -27.7508 ], [ 22.6747, -27.6678 ], [ 22.7014, -27.6657 ], [ 22.7146, -27.5492 ], [ 22.8445, -27.5437 ], [ 22.8341, -27.5072 ], [ 22.8474, -27.5047 ], [ 22.8488, -27.4588 ], [ 22.8223, -27.3947 ], [ 23.2159, -27.4192 ], [ 23.232, -27.4166 ], [ 23.2205, -27.4035 ], [ 23.2294, -27.3991 ], [ 23.2757, -27.3979 ], [ 23.2718, -27.3785 ], [ 23.3136, -27.3519 ] ] ] } },
{ "type": "Feature", "properties": { "muni_code": "NW371" }, "geometry": { "type": "Polygon", "coordinates": [ [ [ 27.9131, -25.3128 ], [ 27.9891, -25.2666 ], [ 27.9855, -25.2385 ], [ 27.961, -25.2517 ], [ 27.9313, -25.2337 ], [ 27.882, -25.2703 ], [ 27.8314, -25.2096 ], [ 27.8624, -25.2026 ], [ 27.845, -25.1725 ], [ 27.8857, -25.1542 ], [ 27.8963, -25.1357 ], [ 27.8646, -25.0805 ], [ 27.8288, -25.1097 ], [ 27.8048, -25.0184 ], [ 27.8217, -24.9746 ], [ 27.9465, -25.0012 ], [ 27.955, -24.9702 ], [ 27.9836, -24.9578 ], [ 28.037, -24.9853 ], [ 28.12, -24.9795 ], [ 28.1252, -25.0048 ], [ 28.2598, -25.0504 ], [ 28.215, -25.1281 ], [ 28.1738, -25.12 ], [ 28.1539, -25.0868 ], [ 28.0839, -25.1004 ], [ 28.0943, -25.1485 ], [ 28.129, -25.1457 ], [ 28.1357, -25.2056 ], [ 28.2112, -25.1981 ], [ 28.2463, -25.2129 ], [ 28.2982, -25.2932 ], [ 28.2981, -25.3393 ], [ 28.2283, -25.3542 ], [ 28.2015, -25.3237 ], [ 28.1768, -25.3286 ], [ 28.1767, -25.3659 ], [ 28.1107, -25.3789 ], [ 28.108, -25.367 ], [ 28.0447, -25.4017 ], [ 28.0004, -25.3594 ], [ 27.9708, -25.3629 ], [ 27.9131, -25.3128 ] ] ] } },
{ "type": "Feature", "properties": { "muni_code": "NW372" }, "geometry": { "type": "Polygon", "coordinates": [ [ [ 27.7889, -24.9665 ], [ 27.8217, -24.9746 ], [ 27.8048, -25.0184 ], [ 27.8288, -25.1097 ], [ 27.8646, -25.0805 ], [ 27.8963, -25.1357 ], [ 27.8857, -25.1542 ], [ 27.845, -25.1725 ], [ 27.8624, -25.2026 ], [ 27.8314, -25.2096 ], [ 27.882, -25.2703 ], [ 27.9313, -25.2337 ], [ 27.961, -25.2517 ], [ 27.9855, -25.2385 ], [ 27.9891, -25.2666 ], [ 27.9131, -25.3128 ], [ 27.9708, -25.3629 ], [ 27.9456, -25.4067 ], [ 27.9582, -25.4264 ], [ 27.9697, -25.4391 ], [ 27.9917, -25.4245 ], [ 28.036, -25.4706 ], [ 28.0075, -25.4841 ], [ 27.9924, -25.518 ], [ 28.0524, -25.5358 ], [ 28.0495, -25.5596 ], [ 27.9815, -25.5428 ], [ 27.9576, -25.5926 ], [ 27.9722, -25.5979 ], [ 27.9806, -25.6328 ], [ 27.9523, -25.6536 ], [ 27.9575, -25.6937 ], [ 27.9482, -25.6952 ], [ 27.9795, -25.7515 ], [ 27.9493, -25.7598 ], [ 27.9632, -25.7871 ], [ 27.9602, -25.816 ], [ 27.9258, -25.8241 ], [ 27.9395, -25.8368 ], [ 27.9005, -25.8408 ], [ 27.8982, -25.8597 ], [ 27.8826, -25.8619 ], [ 27.8917, -25.8229 ], [ 27.8587, -25.8188 ], [ 27.8518, -25.8464 ], [ 27.8315, -25.8602 ], [ 27.7445, -25.8946 ], [ 27.7427, -25.8502 ], [ 27.6849, -25.8754 ], [ 27.6639, -25.84 ], [ 27.6471, -25.8406 ], [ 27.6435, -25.7959 ], [ 27.5323, -25.85 ], [ 27.5059, -25.7774 ], [ 27.5156, -25.7754 ], [ 27.5012, -25.6378 ], [ 27.5484, -25.625 ], [ 27.5682, -25.6049 ], [ 27.5734, -25.6655 ], [ 27.6465, -25.6502 ], [ 27.6251, -25.5316 ], [ 27.6112, -25.5105 ], [ 27.6197, -25.475 ], [ 27.5859, -25.4446 ], [ 27.5849, -25.4289 ], [ 27.5193, -25.4199 ], [ 27.5212, -25.3414 ], [ 27.471, -25.2866 ], [ 27.453, -25.297 ], [ 27.4242, -25.2795 ], [ 27.4902, -25.1972 ], [ 27.4834, -25.1128 ], [ 27.5099, -25.1101 ], [ 27.4869, -25.0784 ], [ 27.5212, -25.076 ], [ 27.5428, -25.098 ], [ 27.5645, -25.0837 ], [ 27.5678, -25.0594 ], [ 27.594, -25.0294 ], [ 27.5975, -24.9849 ], [ 27.6286, -24.9737 ], [ 27.6873, -24.9943 ], [ 27.7889, -24.9665 ] ] ] } },
{ "type": "Feature", "properties": { "muni_code": "NW373" }, "geometry": { "type": "Polygon", "coordinates": [ [ [ 27.0491, -25.3856 ], [ 27.0606, -25.4386 ], [ 27.0614, -25.4206 ], [ 27.0989, -25.4202 ], [ 27.0886, -25.436 ], [ 27.1052, -25.4276 ], [ 27.0886, -25.3675 ], [ 27.1452, -25.3504 ], [ 27.1572, -25.3644 ], [ 27.1793, -25.3499 ], [ 27.1885, -25.3682 ], [ 27.2461, -25.3321 ], [ 27.2899, -25.3386 ], [ 27.3626, -25.3271 ], [ 27.3645, -25.3173 ], [ 27.3924, -25.3156 ], [ 27.4045, -25.2933 ], [ 27.428, -25.2897 ], [ 27.4242, -25.2795 ], [ 27.453, -25.297 ], [ 27.471, -25.2866 ], [ 27.5212, -25.3414 ], [ 27.5193, -25.4199 ], [ 27.5849, -25.4289 ], [ 27.5859, -25.4446 ], [ 27.6156, -25.4639 ], [ 27.6112, -25.5105 ], [ 27.6251, -25.5316 ], [ 27.6465, -25.6502 ], [ 27.5734, -25.6655 ], [ 27.5682, -25.6049 ], [ 27.5484, -25.625 ], [ 27.5012, -25.6378 ], [ 27.5156, -25.7754 ], [ 27.5059, -25.7774 ], [ 27.534, -25.849 ], [ 27.4619, -25.8676 ], [ 27.47, -25.8881 ], [ 27.457, -25.8883 ], [ 27.457, -25.9818 ], [ 27.4498, -26.0163 ], [ 27.434, -26.0225 ], [ 27.4194, -26.1175 ], [ 27.1698, -26.0802 ], [ 27.1651, -25.9921 ], [ 27.1882, -25.9313 ], [ 27.1738, -25.8849 ], [ 27.2082, -25.8548 ], [ 27.1327, -25.8093 ], [ 27.1198, -25.7522 ], [ 27.1671, -25.7203 ], [ 27.1585, -25.6685 ], [ 27.1262, -25.6185 ], [ 27.1341, -25.6143 ], [ 27.1017, -25.5974 ], [ 27.0669, -25.5332 ], [ 27.0497, -25.481 ], [ 27.0611, -25.4755 ], [ 27.0151, -25.4631 ], [ 27.0034, -25.39 ], [ 27.0491, -25.3856 ] ] ] } },
{ "type": "Feature", "properties": { "muni_code": "NW374" }, "geometry": { "type": "Polygon", "coordinates": [ [ [ 26.5091, -25.5269 ], [ 26.5428, -25.5289 ], [ 26.5408, -25.5122 ], [ 26.5704, -25.5034 ], [ 26.6056, -25.5135 ], [ 26.6083, -25.5244 ], [ 26.6528, -25.5223 ], [ 26.6511, -25.4894 ], [ 26.6683, -25.4865 ], [ 26.6875, -25.3936 ], [ 26.7605, -25.3592 ], [ 26.8515, -25.3582 ], [ 26.8532, -25.3741 ], [ 26.9351, -25.3823 ], [ 27.0075, -25.3745 ], [ 27.0151, -25.4631 ], [ 27.0611, -25.4755 ], [ 27.0497, -25.481 ], [ 27.0669, -25.5332 ], [ 27.1017, -25.5974 ], [ 27.1341, -25.6143 ], [ 27.1262, -25.6185 ], [ 27.1585, -25.6685 ], [ 27.1671, -25.7203 ], [ 27.1198, -25.7522 ], [ 27.1327, -25.8093 ], [ 27.2082, -25.8548 ], [ 27.1738, -25.8849 ], [ 27.1882, -25.9313 ], [ 27.1651, -25.9921 ], [ 27.1718, -26.0947 ], [ 27.0927, -26.0961 ], [ 27.0867, -26.1429 ], [ 27.0597, -26.1406 ], [ 27.0809, -26.0981 ], [ 27.0445, -26.1317 ], [ 27.0538, -26.1007 ], [ 26.9321, -26.0316 ], [ 26.9174, -26.0711 ], [ 26.8479, -26.0597 ], [ 26.8071, -26.084 ], [ 26.7636, -25.9911 ], [ 26.7706, -25.9523 ], [ 26.7606, -25.9354 ], [ 26.7493, -25.9261 ], [ 26.704, -25.9293 ], [ 26.6633, -25.8715 ], [ 26.6435, -25.868 ], [ 26.6437, -25.838 ], [ 26.58, -25.7827 ], [ 26.5714, -25.7892 ], [ 26.5204, -25.7553 ], [ 26.4624, -25.7454 ], [ 26.4847, -25.6775 ], [ 26.5034, -25.6841 ], [ 26.5112, -25.6552 ], [ 26.5131, -25.6004 ], [ 26.4776, -25.6005 ], [ 26.4978, -25.5643 ], [ 26.5095, -25.578 ], [ 26.5091, -25.5269 ] ] ] } },
{ "type": "Feature", "properties": { "muni_code": "NW375" }, "geometry": { "type": "Polygon", "coordinates": [ [ [ 27.0263, -24.7186 ], [ 27.0412, -24.887 ], [ 27.1012, -24.9 ], [ 27.1439, -24.9462 ], [ 27.154, -24.979 ], [ 27.1834, -24.9485 ], [ 27.2261, -24.9639 ], [ 27.2035, -25.0332 ], [ 27.2317, -25.0361 ], [ 27.2236, -25.0674 ], [ 27.2719, -25.0367 ], [ 27.3136, -25.0421 ], [ 27.3369, -25.0878 ], [ 27.4818, -25.0671 ], [ 27.5099, -25.1101 ], [ 27.4834, -25.1128 ], [ 27.4902, -25.1972 ], [ 27.4242, -25.2795 ], [ 27.428, -25.2897 ], [ 27.4045, -25.2933 ], [ 27.3924, -25.3156 ], [ 27.3645, -25.3173 ], [ 27.3626, -25.3271 ], [ 27.2899, -25.3386 ], [ 27.2461, -25.3321 ], [ 27.1885, -25.3682 ], [ 27.1793, -25.3499 ], [ 27.1572, -25.3644 ], [ 27.1452, -25.3504 ], [ 27.0886, -25.3675 ], [ 27.1052, -25.4276 ], [ 27.0886, -25.436 ], [ 27.0989, -25.4202 ], [ 27.0614, -25.4206 ], [ 27.0606, -25.4386 ], [ 27.0491, -25.3856 ], [ 27.0034, -25.39 ], [ 27.0075, -25.3745 ], [ 26.9351, -25.3823 ], [ 26.8532, -25.3741 ], [ 26.8515, -25.3582 ], [ 26.7605, -25.3592 ], [ 26.6875, -25.3936 ], [ 26.6683, -25.4865 ], [ 26.6511, -25.4894 ], [ 26.6528, -25.5223 ], [ 26.6083, -25.5244 ], [ 26.6056, -25.5135 ], [ 26.5704, -25.5034 ], [ 26.5408, -25.5122 ], [ 26.5428, -25.5289 ], [ 26.5091, -25.5269 ], [ 26.506, -25.5019 ], [ 26.4621, -25.4878 ], [ 26.4355, -25.5112 ], [ 26.417, -25.4544 ], [ 26.4456, -25.3724 ], [ 26.4444, -25.3361 ], [ 26.4631, -25.3354 ], [ 26.466, -25.2907 ], [ 26.405, -25.2858 ], [ 26.4144, -25.2602 ], [ 26.4053, -25.2505 ], [ 26.4175, -25.2353 ], [ 26.4024, -25.2181 ], [ 26.42, -25.1936 ], [ 26.4227, -25.1325 ], [ 26.4113, -25.0846 ], [ 26.385, -25.0593 ], [ 26.4182, -25.0467 ], [ 26.4304, -24.991 ], [ 26.4508, -24.9791 ], [ 26.4446, -24.9676 ], [ 26.4551, -24.9528 ], [ 26.4421, -24.9355 ], [ 26.4497, -24.8622 ], [ 26.4883, -24.8405 ], [ 26.4583, -24.8095 ], [ 26.5665, -24.8199 ], [ 26.622, -24.8099 ], [ 26.6993, -24.8673 ], [ 26.7051, -24.857 ], [ 26.7513, -24.883 ], [ 26.7795, -24.8377 ], [ 26.9427, -24.7763 ], [ 26.9807, -24.7758 ], [ 26.9759, -24.7207 ], [ 27.0263, -24.7186 ] ] ] } },
{ "type": "Feature", "properties": { "muni_code": "NW381" }, "geometry": { "type": "Polygon", "coordinates": [ [ [ 25.0375, -25.7222 ], [ 25.1043, -25.7411 ], [ 25.1214, -25.7637 ], [ 25.3393, -25.7693 ], [ 25.3493, -25.7927 ], [ 25.329, -25.8321 ], [ 25.2648, -25.8705 ], [ 25.4024, -25.9516 ], [ 25.4498, -25.9985 ], [ 25.4731, -26.0427 ], [ 25.501, -26.0618 ], [ 25.458, -26.1034 ], [ 25.4303, -26.1591 ], [ 25.458, -26.1574 ], [ 25.4847, -26.2156 ], [ 25.5102, -26.2144 ], [ 25.4591, -26.2346 ], [ 25.3855, -26.3322 ], [ 25.3721, -26.3388 ], [ 25.2973, -26.3218 ], [ 25.2249, -26.3858 ], [ 25.2475, -26.445 ], [ 25.1739, -26.4982 ], [ 25.1696, -26.5199 ], [ 25.0662, -26.5503 ], [ 25.0407, -26.5014 ], [ 25.0701, -26.4862 ], [ 25.0455, -26.4364 ], [ 25.026, -26.4478 ], [ 24.9912, -26.3909 ], [ 24.9302, -26.4206 ], [ 24.9007, -26.3634 ], [ 24.8578, -26.395 ], [ 24.8523, -26.3813 ], [ 24.8336, -26.3829 ], [ 24.8476, -26.3681 ], [ 24.8317, -26.327 ], [ 24.7642, -26.2053 ], [ 24.8171, -26.1988 ], [ 24.8041, -26.1582 ], [ 24.7339, -26.0396 ], [ 24.6392, -25.9343 ], [ 24.667, -25.9213 ], [ 24.4651, -25.7902 ], [ 24.4853, -25.7494 ], [ 24.6818, -25.8237 ], [ 24.729, -25.804 ], [ 24.7947, -25.8252 ], [ 24.8132, -25.8103 ], [ 24.8969, -25.8108 ], [ 24.9128, -25.7844 ], [ 24.9278, -25.7877 ], [ 24.9544, -25.7603 ], [ 24.9667, -25.7661 ], [ 25.0036, -25.7387 ], [ 25.0006, -25.7296 ], [ 25.0375, -25.7222 ] ] ] } },
{ "type": "Feature", "properties": { "muni_code": "NW382" }, "geometry": { "type": "Polygon", "coordinates": [ [ [ 26.102, -26.4618 ], [ 26.1066, -26.4904 ], [ 26.1282, -26.5106 ], [ 26.0996, -26.5131 ], [ 26.1032, -26.5784 ], [ 26.2481, -26.5873 ], [ 26.2758, -26.6447 ], [ 26.251, -26.6457 ], [ 26.2724, -26.6914 ], [ 26.1854, -26.7106 ], [ 26.189, -26.7338 ], [ 26.1151, -26.771 ], [ 26.0768, -26.8623 ], [ 26.0683, -26.8647 ], [ 26.0561, -26.8343 ], [ 26.0362, -26.8615 ], [ 26.0189, -26.8667 ], [ 26.0042, -26.8552 ], [ 25.9863, -26.8753 ], [ 25.9137, -26.9068 ], [ 25.891, -26.8752 ], [ 25.8938, -26.8984 ], [ 25.8333, -26.9362 ], [ 25.8097, -26.9012 ], [ 25.6919, -26.9416 ], [ 25.6778, -26.9677 ], [ 25.6656, -26.9669 ], [ 25.6658, -26.8991 ], [ 25.5831, -26.9439 ], [ 25.4834, -26.9203 ], [ 25.4926, -26.9179 ], [ 25.3985, -26.8553 ], [ 25.3208, -26.8863 ], [ 25.2575, -26.8022 ], [ 25.1942, -26.8576 ], [ 25.1483, -26.8006 ], [ 25.127, -26.8121 ], [ 25.12, -26.7972 ], [ 25.1787, -26.6625 ], [ 25.1712, -26.6385 ], [ 25.2267, -26.6148 ], [ 25.1769, -26.5583 ], [ 25.1696, -26.5199 ], [ 25.1739, -26.4982 ], [ 25.2475, -26.445 ], [ 25.2249, -26.3858 ], [ 25.2973, -26.3218 ], [ 25.3721, -26.3388 ], [ 25.3855, -26.3322 ], [ 25.4151, -26.3001 ], [ 25.4223, -26.2708 ], [ 25.5029, -26.3801 ], [ 25.5549, -26.3624 ], [ 25.546, -26.3277 ], [ 25.5891, -26.3058 ], [ 25.6553, -26.2966 ], [ 25.7122, -26.2285 ], [ 25.7228, -26.2569 ], [ 25.8269, -26.2004 ], [ 25.8657, -26.2745 ], [ 25.8833, -26.2706 ], [ 25.8688, -26.2806 ], [ 25.8892, -26.3205 ], [ 25.8345, -26.3577 ], [ 25.8668, -26.3599 ], [ 25.8984, -26.423 ], [ 25.948, -26.4004 ], [ 25.9533, -26.4296 ], [ 25.9793, -26.4228 ], [ 26.0152, -26.4488 ], [ 26.102, -26.4618 ] ] ] } },
{ "type": "Feature", "properties": { "muni_code": "NW383" }, "geometry": { "type": "Polygon", "coordinates": [ [ [ 25.4358, -26.1642 ], [ 25.458, -26.1034 ], [ 25.501, -26.0618 ], [ 25.4731, -26.0427 ], [ 25.4498, -25.9985 ], [ 25.4024, -25.9516 ], [ 25.2648, -25.8705 ], [ 25.329, -25.8321 ], [ 25.3493, -25.7927 ], [ 25.3393, -25.7693 ], [ 25.4238, -25.7314 ], [ 25.4695, -25.6959 ], [ 25.513, -25.6847 ], [ 25.5809, -25.6388 ], [ 25.6298, -25.5378 ], [ 25.6421, -25.5444 ], [ 25.6795, -25.5201 ], [ 25.7407, -25.5139 ], [ 25.7966, -25.525 ], [ 25.8456, -25.6656 ], [ 25.8869, -25.6753 ], [ 25.9488, -25.6654 ], [ 26.0954, -25.6178 ], [ 26.0973, -25.6466 ], [ 26.1135, -25.6433 ], [ 26.0916, -25.665 ], [ 26.1092, -25.7021 ], [ 26.0717, -25.768 ], [ 26.1006, -25.787 ], [ 26.1124, -25.8253 ], [ 26.1539, -25.8155 ], [ 26.1152, -25.8306 ], [ 26.0793, -25.8827 ], [ 26.0229, -25.838 ], [ 25.9864, -25.8392 ], [ 25.9881, -25.8657 ], [ 25.9433, -25.8511 ], [ 25.9075, -25.8573 ], [ 25.9246, -25.9116 ], [ 25.8019, -25.9001 ], [ 25.8054, -25.9517 ], [ 25.7874, -26.0196 ], [ 25.7721, -26.0358 ], [ 25.7495, -26.0274 ], [ 25.7383, -26.0472 ], [ 25.7585, -26.0742 ], [ 25.7516, -26.0932 ], [ 25.7667, -26.0852 ], [ 25.7441, -26.1673 ], [ 25.713, -26.2276 ], [ 25.6553, -26.2966 ], [ 25.5891, -26.3058 ], [ 25.546, -26.3277 ], [ 25.5549, -26.3624 ], [ 25.5029, -26.3801 ], [ 25.4223, -26.2708 ], [ 25.4591, -26.2346 ], [ 25.5101, -26.214 ], [ 25.4847, -26.2156 ], [ 25.458, -26.1574 ], [ 25.4358, -26.1642 ] ] ] } },
{ "type": "Feature", "properties": { "muni_code": "NW384" }, "geometry": { "type": "Polygon", "coordinates": [ [ [ 26.2977, -25.6675 ], [ 26.3728, -25.684 ], [ 26.3622, -25.6946 ], [ 26.4299, -25.6935 ], [ 26.399, -25.699 ], [ 26.4093, -25.7213 ], [ 26.3904, -25.7576 ], [ 26.4464, -25.7693 ], [ 26.4624, -25.7454 ], [ 26.5204, -25.7553 ], [ 26.5714, -25.7892 ], [ 26.58, -25.7827 ], [ 26.6437, -25.838 ], [ 26.6435, -25.868 ], [ 26.6633, -25.8715 ], [ 26.704, -25.9293 ], [ 26.7493, -25.9261 ], [ 26.7606, -25.9354 ], [ 26.7706, -25.9523 ], [ 26.7636, -25.9911 ], [ 26.8071, -26.084 ], [ 26.7331, -26.1016 ], [ 26.7092, -26.0476 ], [ 26.6177, -26.0649 ], [ 26.6296, -26.1361 ], [ 26.5458, -26.1727 ], [ 26.5861, -26.2452 ], [ 26.5347, -26.2642 ], [ 26.5587, -26.3098 ], [ 26.5584, -26.3404 ], [ 26.4836, -26.3864 ], [ 26.5007, -26.4166 ], [ 26.4584, -26.4351 ], [ 26.4786, -26.4791 ], [ 26.385, -26.5006 ], [ 26.3294, -26.5462 ], [ 26.3337, -26.5552 ], [ 26.2481, -26.5873 ], [ 26.1032, -26.5784 ], [ 26.0996, -26.5131 ], [ 26.1282, -26.5106 ], [ 26.1066, -26.4904 ], [ 26.102, -26.4618 ], [ 26.0152, -26.4488 ], [ 25.9793, -26.4228 ], [ 25.9533, -26.4296 ], [ 25.948, -26.4004 ], [ 25.8984, -26.423 ], [ 25.8668, -26.3599 ], [ 25.8345, -26.3577 ], [ 25.8892, -26.3205 ], [ 25.8688, -26.2806 ], [ 25.8833, -26.2706 ], [ 25.8657, -26.2745 ], [ 25.8269, -26.2004 ], [ 25.7228, -26.2569 ], [ 25.7122, -26.2285 ], [ 25.7441, -26.1673 ], [ 25.7667, -26.0852 ], [ 25.7516, -26.0932 ], [ 25.7585, -26.0742 ], [ 25.7383, -26.0472 ], [ 25.7495, -26.0274 ], [ 25.7721, -26.0358 ], [ 25.7874, -26.0196 ], [ 25.8054, -25.9517 ], [ 25.8019, -25.9001 ], [ 25.9246, -25.9116 ], [ 25.9075, -25.8573 ], [ 25.9433, -25.8511 ], [ 25.9881, -25.8657 ], [ 25.9864, -25.8392 ], [ 26.0229, -25.838 ], [ 26.0793, -25.8827 ], [ 26.1152, -25.8306 ], [ 26.1539, -25.8155 ], [ 26.1124, -25.8253 ], [ 26.1006, -25.787 ], [ 26.0717, -25.768 ], [ 26.1092, -25.7021 ], [ 26.1548, -25.6769 ], [ 26.1888, -25.6733 ], [ 26.185, -25.7566 ], [ 26.2583, -25.7749 ], [ 26.2382, -25.7343 ], [ 26.2571, -25.749 ], [ 26.2835, -25.7219 ], [ 26.2977, -25.6675 ] ] ] } },
{ "type": "Feature", "properties": { "muni_code": "NW385" }, "geometry": { "type": "Polygon", "coordinates": [ [ [ 26.3933, -24.6366 ], [ 26.4276, -24.6588 ], [ 26.4182, -24.729 ], [ 26.4262, -24.7716 ], [ 26.4595, -24.7905 ], [ 26.4591, -24.815 ], [ 26.4883, -24.8405 ], [ 26.4497, -24.8622 ], [ 26.4422, -24.9412 ], [ 26.455, -24.955 ], [ 26.4482, -24.9846 ], [ 26.4237, -25.0074 ], [ 26.4257, -25.0364 ], [ 26.385, -25.0593 ], [ 26.4113, -25.0846 ], [ 26.4227, -25.1325 ], [ 26.42, -25.1936 ], [ 26.4024, -25.2181 ], [ 26.4175, -25.2353 ], [ 26.4053, -25.2505 ], [ 26.4144, -25.2602 ], [ 26.405, -25.2858 ], [ 26.466, -25.2907 ], [ 26.4631, -25.3354 ], [ 26.4444, -25.3361 ], [ 26.4193, -25.4776 ], [ 26.4355, -25.5112 ], [ 26.4621, -25.4878 ], [ 26.506, -25.5019 ], [ 26.5095, -25.578 ], [ 26.4978, -25.5643 ], [ 26.4776, -25.6005 ], [ 26.5131, -25.6004 ], [ 26.5034, -25.6841 ], [ 26.4847, -25.6775 ], [ 26.4765, -25.7243 ], [ 26.4464, -25.7693 ], [ 26.3904, -25.7576 ], [ 26.4093, -25.7213 ], [ 26.399, -25.699 ], [ 26.4269, -25.6917 ], [ 26.3622, -25.6946 ], [ 26.3728, -25.684 ], [ 26.2977, -25.6675 ], [ 26.2835, -25.7219 ], [ 26.2571, -25.749 ], [ 26.2382, -25.7343 ], [ 26.2583, -25.7749 ], [ 26.2068, -25.769 ], [ 26.185, -25.7566 ], [ 26.1888, -25.6733 ], [ 26.1548, -25.6769 ], [ 26.1092, -25.7021 ], [ 26.0916, -25.665 ], [ 26.1135, -25.6433 ], [ 26.0973, -25.6466 ], [ 26.0954, -25.6178 ], [ 25.8869, -25.6753 ], [ 25.8456, -25.6656 ], [ 25.7966, -25.525 ], [ 25.7407, -25.5139 ], [ 25.6795, -25.5201 ], [ 25.6421, -25.5444 ], [ 25.6298, -25.5378 ], [ 25.6808, -25.404 ], [ 25.6998, -25.291 ], [ 25.7291, -25.2569 ], [ 25.8608, -24.9243 ], [ 25.8818, -24.9142 ], [ 25.8726, -24.9053 ], [ 25.8888, -24.8825 ], [ 25.8733, -24.8291 ], [ 25.8593, -24.8262 ], [ 25.8632, -24.8085 ], [ 25.8424, -24.7903 ], [ 25.8483, -24.755 ], [ 25.9644, -24.7494 ], [ 26.0074, -24.7243 ], [ 26.3933, -24.6366 ] ] ] } },
{ "type": "Feature", "properties": { "muni_code": "NW392" }, "geometry": { "type": "Polygon", "coordinates": [ [ [ 24.8476, -26.3681 ], [ 24.8336, -26.3829 ], [ 24.8523, -26.3813 ], [ 24.8578, -26.395 ], [ 24.9007, -26.3634 ], [ 24.9302, -26.4206 ], [ 24.9912, -26.3909 ], [ 25.026, -26.4478 ], [ 25.0455, -26.4364 ], [ 25.0701, -26.4862 ], [ 25.0407, -26.5014 ], [ 25.0662, -26.5503 ], [ 25.1697, -26.5199 ], [ 25.1769, -26.5583 ], [ 25.2267, -26.6148 ], [ 25.1712, -26.6385 ], [ 25.1787, -26.6625 ], [ 25.12, -26.7972 ], [ 25.127, -26.8121 ], [ 25.1483, -26.8006 ], [ 25.1942, -26.8576 ], [ 25.2575, -26.8022 ], [ 25.3208, -26.8863 ], [ 25.3827, -26.8617 ], [ 25.4215, -26.9201 ], [ 25.3491, -26.9524 ], [ 25.3908, -27.0043 ], [ 25.3991, -27.0377 ], [ 25.3654, -27.0637 ], [ 25.3245, -27.0143 ], [ 25.2922, -27.024 ], [ 25.2606, -27.0073 ], [ 25.2226, -27.0293 ], [ 25.1874, -26.9794 ], [ 25.1081, -27.0179 ], [ 25.1623, -27.1014 ], [ 25.1472, -27.1119 ], [ 25.1536, -27.1587 ], [ 25.0764, -27.2015 ], [ 25.0073, -27.0933 ], [ 24.9657, -27.1371 ], [ 24.8952, -27.179 ], [ 24.8532, -27.2526 ], [ 24.7785, -27.3176 ], [ 24.7772, -27.3332 ], [ 24.744, -27.3087 ], [ 24.6993, -27.2342 ], [ 24.6413, -27.2525 ], [ 24.5857, -27.2928 ], [ 24.6129, -27.338 ], [ 24.4562, -27.4246 ], [ 24.3514, -27.239 ], [ 24.4154, -27.2116 ], [ 24.4019, -27.1774 ], [ 24.3199, -27.0822 ], [ 24.3414, -27.068 ], [ 24.2658, -26.9606 ], [ 24.3044, -26.9429 ], [ 24.277, -26.8832 ], [ 24.7802, -26.6426 ], [ 24.7531, -26.5907 ], [ 24.7714, -26.5813 ], [ 24.7633, -26.5649 ], [ 24.7531, -26.5704 ], [ 24.7613, -26.5801 ], [ 24.7292, -26.5964 ], [ 24.6574, -26.4858 ], [ 24.6022, -26.5154 ], [ 24.5361, -26.4017 ], [ 24.6779, -26.3291 ], [ 24.6351, -26.2697 ], [ 24.7642, -26.2053 ], [ 24.8317, -26.327 ], [ 24.8476, -26.3681 ] ] ] } },
{ "type": "Feature", "properties": { "muni_code": "WC014" }, "geometry": { "type": "MultiPolygon", "coordinates": [ [ [ [ 17.9804, -33.1507 ], [ 17.9846, -33.1545 ], [ 17.9791, -33.1521 ], [ 17.9804, -33.1507 ] ] ], [ [ [ 17.9909, -33.1465 ], [ 17.9928, -33.1479 ], [ 17.9909, -33.1475 ], [ 17.9909, -33.1465 ] ] ], [ [ [ 18.0178, -33.0931 ], [ 18.0265, -33.0909 ], [ 18.0238, -33.0946 ], [ 18.0178, -33.0931 ] ] ], [ [ [ 17.9545, -33.0874 ], [ 17.9596, -33.0831 ], [ 17.9588, -33.0863 ], [ 17.9545, -33.0874 ] ] ], [ [ [ 18.0065, -33.0863 ], [ 18.0107, -33.0849 ], [ 18.011, -33.0865 ], [ 18.0065, -33.0863 ] ] ], [ [ [ 17.9242, -33.051 ], [ 17.9293, -33.0533 ], [ 17.9238, -33.0545 ], [ 17.9242, -33.051 ] ] ], [ [ [ 17.9678, -32.7008 ], [ 17.9821, -32.7046 ], [ 17.9786, -32.7254 ], [ 18.0149, -32.7401 ], [ 18.0553, -32.7842 ], [ 18.1248, -32.7778 ], [ 18.101, -32.8252 ], [ 18.1245, -32.8105 ], [ 18.1551, -32.8133 ], [ 18.1449, -32.8371 ], [ 18.1964, -32.8559 ], [ 18.1709, -32.8641 ], [ 18.1641, -32.8883 ], [ 18.2053, -32.8918 ], [ 18.2003, -32.9022 ], [ 18.2328, -32.8968 ], [ 18.2404, -32.9323 ], [ 18.2719, -32.9533 ], [ 18.2926, -32.962 ], [ 18.368, -32.9375 ], [ 18.3732, -32.9586 ], [ 18.4454, -32.938 ], [ 18.4562, -32.9546 ], [ 18.5113, -32.946 ], [ 18.5385, -33.0051 ], [ 18.5384, -33.0347 ], [ 18.5039, -33.0464 ], [ 18.5354, -33.0817 ], [ 18.4944, -33.1263 ], [ 18.4871, -33.1587 ], [ 18.5169, -33.1983 ], [ 18.4993, -33.2276 ], [ 18.4443, -33.2181 ], [ 18.4466, -33.2091 ], [ 18.3939, -33.186 ], [ 18.368, -33.1554 ], [ 18.3084, -33.1799 ], [ 18.2879, -33.13 ], [ 18.2317, -33.1527 ], [ 18.2384, -33.1957 ], [ 18.2021, -33.2112 ], [ 18.2061, -33.2733 ], [ 18.2266, -33.3095 ], [ 18.1913, -33.2956 ], [ 18.1884, -33.3167 ], [ 18.1562, -33.3206 ], [ 18.0786, -33.21 ], [ 18.0069, -33.1491 ], [ 17.9707, -33.1375 ], [ 17.9728, -33.118 ], [ 17.9519, -33.1059 ], [ 17.9792, -33.0913 ], [ 17.9722, -33.0677 ], [ 17.9947, -33.0699 ], [ 18.0045, -33.0877 ], [ 17.9848, -33.0896 ], [ 17.982, -33.095 ], [ 18.0134, -33.0958 ], [ 18.0135, -33.1212 ], [ 18.0307, -33.1283 ], [ 18.025, -33.1447 ], [ 18.05, -33.1543 ], [ 18.0966, -33.2047 ], [ 18.1255, -33.1868 ], [ 18.0847, -33.1738 ], [ 18.0827, -33.1655 ], [ 18.0962, -33.1682 ], [ 18.0905, -33.1431 ], [ 18.0323, -33.1054 ], [ 18.0279, -33.0843 ], [ 18.0427, -33.0492 ], [ 18.0193, -33.0136 ], [ 17.9949, -33.0088 ], [ 17.9838, -33.0323 ], [ 17.996, -32.9992 ], [ 17.9564, -32.9991 ], [ 17.9468, -33.019 ], [ 17.9639, -33.0238 ], [ 17.9735, -33.0361 ], [ 17.9717, -33.044 ], [ 17.9429, -33.0256 ], [ 17.9104, -33.0519 ], [ 17.8893, -33.0269 ], [ 17.902, -33.0248 ], [ 17.9001, -33.009 ], [ 17.8723, -32.9998 ], [ 17.8863, -32.9785 ], [ 17.8782, -32.9555 ], [ 17.8868, -32.9422 ], [ 17.879, -32.9192 ], [ 17.8567, -32.9053 ], [ 17.8847, -32.8709 ], [ 17.8792, -32.851 ], [ 17.8439, -32.8249 ], [ 17.9015, -32.802 ], [ 17.9069, -32.7681 ], [ 17.8952, -32.7422 ], [ 17.9222, -32.7256 ], [ 17.9212, -32.7135 ], [ 17.9486, -32.7223 ], [ 17.9678, -32.7008 ] ] ] ] } },
{ "type": "Feature", "properties": { "muni_code": "WC015" }, "geometry": { "type": "MultiPolygon", "coordinates": [ [ [ [ 18.0743, -33.4126 ], [ 18.0896, -33.4135 ], [ 18.0985, -33.4315 ], [ 18.0817, -33.4322 ], [ 18.0743, -33.4126 ] ] ], [ [ [ 18.5903, -32.9002 ], [ 18.6079, -32.9198 ], [ 18.6775, -32.9207 ], [ 18.6825, -32.9439 ], [ 18.7258, -32.9501 ], [ 18.7714, -32.9858 ], [ 18.7894, -33.0281 ], [ 18.8166, -33.0319 ], [ 18.8057, -33.0505 ], [ 18.8315, -33.0696 ], [ 18.8644, -33.1463 ], [ 18.9118, -33.158 ], [ 18.9214, -33.1862 ], [ 18.9387, -33.195 ], [ 18.9322, -33.2029 ], [ 18.9471, -33.2024 ], [ 18.9574, -33.2238 ], [ 18.9509, -33.2655 ], [ 18.9974, -33.3076 ], [ 18.9784, -33.3185 ], [ 18.9899, -33.3316 ], [ 18.9792, -33.3417 ], [ 18.9929, -33.3539 ], [ 18.9924, -33.3944 ], [ 18.9781, -33.3996 ], [ 18.97, -33.4299 ], [ 18.9555, -33.4299 ], [ 18.9542, -33.4619 ], [ 18.938, -33.4701 ], [ 18.9381, -33.546 ], [ 18.8997, -33.5511 ], [ 18.8928, -33.5715 ], [ 18.8443, -33.575 ], [ 18.8363, -33.6044 ], [ 18.8182, -33.5952 ], [ 18.7367, -33.687 ], [ 18.6927, -33.6813 ], [ 18.6709, -33.6474 ], [ 18.627, -33.6246 ], [ 18.618, -33.5844 ], [ 18.5744, -33.5735 ], [ 18.5764, -33.5315 ], [ 18.5242, -33.5252 ], [ 18.5245, -33.5036 ], [ 18.4848, -33.4777 ], [ 18.4555, -33.4713 ], [ 18.4262, -33.5112 ], [ 18.3837, -33.5117 ], [ 18.3413, -33.5586 ], [ 18.3419, -33.5721 ], [ 18.3196, -33.5745 ], [ 18.3076, -33.5651 ], [ 18.3253, -33.5167 ], [ 18.3073, -33.4813 ], [ 18.2502, -33.4227 ], [ 18.1458, -33.3494 ], [ 18.1602, -33.343 ], [ 18.1562, -33.3206 ], [ 18.1884, -33.3167 ], [ 18.1913, -33.2956 ], [ 18.2266, -33.3095 ], [ 18.2061, -33.2733 ], [ 18.2021, -33.2112 ], [ 18.2384, -33.1957 ], [ 18.2317, -33.1527 ], [ 18.2879, -33.13 ], [ 18.3084, -33.1799 ], [ 18.368, -33.1554 ], [ 18.3939, -33.186 ], [ 18.4466, -33.2091 ], [ 18.4443, -33.2181 ], [ 18.4993, -33.2276 ], [ 18.5169, -33.1983 ], [ 18.4871, -33.1587 ], [ 18.4944, -33.1263 ], [ 18.5354, -33.0817 ], [ 18.5039, -33.0464 ], [ 18.5384, -33.0347 ], [ 18.5385, -33.0051 ], [ 18.5113, -32.946 ], [ 18.5479, -32.94 ], [ 18.5504, -32.917 ], [ 18.5903, -32.9002 ] ] ] ] } },
{ "type": "Feature", "properties": { "muni_code": "WC022" }, "geometry": { "type": "Polygon", "coordinates": [ [ [ 20.1665, -32.2271 ], [ 20.2408, -32.2242 ], [ 20.2542, -32.3108 ], [ 20.216, -32.3032 ], [ 20.1635, -32.351 ], [ 20.1705, -32.3809 ], [ 20.132, -32.4211 ], [ 20.0796, -32.3973 ], [ 20.0968, -32.503 ], [ 20.1228, -32.557 ], [ 20.1147, -32.5702 ], [ 20.1412, -32.6437 ], [ 20.1917, -32.6858 ], [ 20.1876, -32.7527 ], [ 20.219, -32.7847 ], [ 20.2999, -32.805 ], [ 20.3572, -32.8641 ], [ 20.3639, -32.9108 ], [ 20.38, -32.9018 ], [ 20.4386, -32.9401 ], [ 20.4347, -32.9719 ], [ 20.395, -32.9932 ], [ 20.3838, -33.0363 ], [ 20.3343, -33.0358 ], [ 20.3025, -33.068 ], [ 20.2791, -33.0639 ], [ 20.3185, -33.1209 ], [ 20.3064, -33.1593 ], [ 20.2512, -33.1499 ], [ 20.087, -33.1933 ], [ 20.0138, -33.2388 ], [ 19.972, -33.3168 ], [ 19.9554, -33.3177 ], [ 19.9085, -33.3627 ], [ 19.8298, -33.381 ], [ 19.7545, -33.3726 ], [ 19.6687, -33.3819 ], [ 19.5807, -33.3645 ], [ 19.5497, -33.3953 ], [ 19.5379, -33.4264 ], [ 19.4732, -33.4617 ], [ 19.4053, -33.4805 ], [ 19.3954, -33.5574 ], [ 19.3672, -33.5678 ], [ 19.3811, -33.5837 ], [ 19.3786, -33.6191 ], [ 19.3623, -33.624 ], [ 19.3481, -33.6008 ], [ 19.3167, -33.5975 ], [ 19.28, -33.6139 ], [ 19.2885, -33.5979 ], [ 19.2521, -33.5797 ], [ 19.2395, -33.5588 ], [ 19.1854, -33.562 ], [ 19.1694, -33.5975 ], [ 19.0995, -33.5299 ], [ 19.1113, -33.5092 ], [ 19.0864, -33.4311 ], [ 19.0867, -33.3326 ], [ 19.0617, -33.297 ], [ 19.0577, -33.2675 ], [ 19.0659, -33.2667 ], [ 19.063, -33.2313 ], [ 19.078, -33.2371 ], [ 19.0752, -33.2131 ], [ 19.0577, -33.2001 ], [ 19.08, -33.1796 ], [ 19.0824, -33.1654 ], [ 19.0657, -33.1496 ], [ 19.0724, -33.1277 ], [ 19.173, -33.0919 ], [ 19.1774, -33.06 ], [ 19.1537, -32.984 ], [ 19.1861, -32.8682 ], [ 19.1718, -32.7368 ], [ 19.2086, -32.731 ], [ 19.143, -32.6214 ], [ 19.1376, -32.6046 ], [ 19.1564, -32.6043 ], [ 19.1486, -32.5855 ], [ 19.1592, -32.5719 ], [ 19.2647, -32.5887 ], [ 19.3201, -32.5746 ], [ 19.3412, -32.5831 ], [ 19.3569, -32.6164 ], [ 19.3961, -32.6067 ], [ 19.4379, -32.6259 ], [ 19.4413, -32.6381 ], [ 19.4868, -32.5654 ], [ 19.5282, -32.6732 ], [ 19.6049, -32.6295 ], [ 19.6219, -32.4706 ], [ 19.6549, -32.4388 ], [ 19.6797, -32.4635 ], [ 19.7302, -32.4424 ], [ 19.7074, -32.4203 ], [ 19.7313, -32.4101 ], [ 19.7366, -32.3855 ], [ 19.7641, -32.4111 ], [ 19.8027, -32.3937 ], [ 19.8178, -32.3607 ], [ 19.8739, -32.3832 ], [ 19.9375, -32.3773 ], [ 20.0386, -32.2964 ], [ 20.0536, -32.2523 ], [ 20.097, -32.2502 ], [ 20.1359, -32.1923 ], [ 20.181, -32.1845 ], [ 20.1665, -32.2271 ] ] ] } },
{ "type": "Feature", "properties": { "muni_code": "WC023" }, "geometry": { "type": "Polygon", "coordinates": [ [ [ 19.074, -33.1317 ], [ 19.0657, -33.1496 ], [ 19.0824, -33.1654 ], [ 19.08, -33.1796 ], [ 19.0577, -33.2001 ], [ 19.0752, -33.2131 ], [ 19.078, -33.2371 ], [ 19.063, -33.2313 ], [ 19.0659, -33.2667 ], [ 19.0577, -33.2675 ], [ 19.0617, -33.297 ], [ 19.084, -33.3195 ], [ 19.0864, -33.4311 ], [ 19.1113, -33.5092 ], [ 19.0995, -33.5299 ], [ 19.102, -33.6068 ], [ 19.1475, -33.6561 ], [ 19.1488, -33.7022 ], [ 19.184, -33.7154 ], [ 19.214, -33.8571 ], [ 19.1646, -33.8685 ], [ 19.0942, -33.8317 ], [ 19.0558, -33.8596 ], [ 19.0466, -33.8405 ], [ 18.9904, -33.8543 ], [ 18.9724, -33.8444 ], [ 18.965, -33.8627 ], [ 18.9315, -33.8791 ], [ 18.8848, -33.8464 ], [ 18.8954, -33.8421 ], [ 18.8968, -33.7934 ], [ 18.8344, -33.8076 ], [ 18.8277, -33.7964 ], [ 18.8212, -33.8114 ], [ 18.7897, -33.8201 ], [ 18.7848, -33.8036 ], [ 18.8098, -33.7813 ], [ 18.7877, -33.7667 ], [ 18.811, -33.7588 ], [ 18.8095, -33.7408 ], [ 18.833, -33.7382 ], [ 18.8182, -33.7223 ], [ 18.822, -33.7083 ], [ 18.7946, -33.7068 ], [ 18.7937, -33.6794 ], [ 18.8222, -33.6418 ], [ 18.7875, -33.6376 ], [ 18.8182, -33.5952 ], [ 18.8363, -33.6044 ], [ 18.8443, -33.575 ], [ 18.8928, -33.5715 ], [ 18.8997, -33.5511 ], [ 18.9381, -33.546 ], [ 18.938, -33.4701 ], [ 18.9542, -33.4619 ], [ 18.9555, -33.4299 ], [ 18.97, -33.4299 ], [ 18.9781, -33.3996 ], [ 18.9924, -33.3944 ], [ 18.9929, -33.3539 ], [ 18.9792, -33.3417 ], [ 18.9899, -33.3316 ], [ 18.9784, -33.3185 ], [ 18.9974, -33.3076 ], [ 18.9509, -33.2655 ], [ 18.9571, -33.2218 ], [ 18.9471, -33.2024 ], [ 18.9319, -33.2011 ], [ 18.9565, -33.1881 ], [ 18.956, -33.1674 ], [ 18.9801, -33.1521 ], [ 19.074, -33.1317 ] ] ] } },
{ "type": "Feature", "properties": { "muni_code": "WC024" }, "geometry": { "type": "Polygon", "coordinates": [ [ [ 18.805, -34.0513 ], [ 18.8092, -34.0634 ], [ 18.7444, -34.0248 ], [ 18.7518, -34.0053 ], [ 18.7283, -33.9693 ], [ 18.7453, -33.9315 ], [ 18.7098, -33.9218 ], [ 18.7173, -33.8985 ], [ 18.7512, -33.8937 ], [ 18.7529, -33.8344 ], [ 18.8212, -33.8114 ], [ 18.8277, -33.7964 ], [ 18.8344, -33.8076 ], [ 18.9028, -33.7966 ], [ 18.8954, -33.8421 ], [ 18.8848, -33.8464 ], [ 18.9315, -33.8791 ], [ 18.965, -33.8627 ], [ 18.9724, -33.8444 ], [ 18.9904, -33.8543 ], [ 19.0466, -33.8405 ], [ 19.0558, -33.8596 ], [ 19.0942, -33.8317 ], [ 19.1646, -33.8685 ], [ 19.214, -33.8571 ], [ 19.2438, -33.8975 ], [ 19.2066, -33.9504 ], [ 19.191, -33.9472 ], [ 19.1646, -33.9714 ], [ 19.1456, -33.956 ], [ 19.1261, -33.9617 ], [ 18.9846, -34.0359 ], [ 18.9274, -33.9999 ], [ 18.909, -34.0212 ], [ 18.8803, -34.0231 ], [ 18.8418, -34.0471 ], [ 18.8189, -34.0397 ], [ 18.805, -34.0513 ] ] ] } },
{ "type": "Feature", "properties": { "muni_code": "WC025" }, "geometry": { "type": "Polygon", "coordinates": [ [ [ 20.2395, -33.3099 ], [ 20.2092, -33.3798 ], [ 20.3673, -33.3663 ], [ 20.3356, -33.4256 ], [ 20.3898, -33.424 ], [ 20.4275, -33.4489 ], [ 20.2678, -33.5129 ], [ 20.2415, -33.538 ], [ 20.1731, -33.5262 ], [ 20.1254, -33.5563 ], [ 20.0631, -33.5429 ], [ 19.9925, -33.5568 ], [ 19.9833, -33.5333 ], [ 19.9587, -33.5176 ], [ 19.9257, -33.5333 ], [ 19.9171, -33.5193 ], [ 19.8701, -33.5421 ], [ 19.8652, -33.57 ], [ 19.7985, -33.5379 ], [ 19.6907, -33.5277 ], [ 19.6376, -33.5366 ], [ 19.6026, -33.5618 ], [ 19.6504, -33.5935 ], [ 19.651, -33.6096 ], [ 19.7412, -33.6496 ], [ 19.695, -33.6797 ], [ 19.69, -33.7043 ], [ 19.7021, -33.7184 ], [ 19.6912, -33.7394 ], [ 19.7023, -33.7463 ], [ 19.6828, -33.7488 ], [ 19.6596, -33.7751 ], [ 19.683, -33.7995 ], [ 19.6522, -33.8136 ], [ 19.6527, -33.8346 ], [ 19.5945, -33.8542 ], [ 19.5979, -33.8782 ], [ 19.566, -33.8637 ], [ 19.5658, -33.8492 ], [ 19.5626, -33.8664 ], [ 19.5323, -33.8784 ], [ 19.5454, -33.9156 ], [ 19.5069, -33.9717 ], [ 19.4558, -33.9999 ], [ 19.3251, -33.9521 ], [ 19.2974, -33.8897 ], [ 19.2782, -33.8795 ], [ 19.2584, -33.8831 ], [ 19.2652, -33.9003 ], [ 19.2438, -33.8975 ], [ 19.214, -33.8571 ], [ 19.184, -33.7154 ], [ 19.1488, -33.7022 ], [ 19.1475, -33.6561 ], [ 19.102, -33.6068 ], [ 19.107, -33.5411 ], [ 19.1694, -33.5975 ], [ 19.1854, -33.562 ], [ 19.2395, -33.5588 ], [ 19.2521, -33.5797 ], [ 19.2885, -33.5979 ], [ 19.28, -33.6139 ], [ 19.3167, -33.5975 ], [ 19.3481, -33.6008 ], [ 19.3623, -33.624 ], [ 19.3786, -33.6191 ], [ 19.3811, -33.5837 ], [ 19.3672, -33.5678 ], [ 19.3954, -33.5574 ], [ 19.4053, -33.4805 ], [ 19.4732, -33.4617 ], [ 19.5379, -33.4264 ], [ 19.5497, -33.3953 ], [ 19.5807, -33.3645 ], [ 19.6687, -33.3819 ], [ 19.7545, -33.3726 ], [ 19.8298, -33.381 ], [ 19.9085, -33.3627 ], [ 19.9554, -33.3177 ], [ 19.972, -33.3168 ], [ 20.0138, -33.2388 ], [ 20.087, -33.1933 ], [ 20.1202, -33.1916 ], [ 20.1461, -33.1735 ], [ 20.2022, -33.1701 ], [ 20.258, -33.1884 ], [ 20.2356, -33.2624 ], [ 20.2512, -33.2915 ], [ 20.2035, -33.3027 ], [ 20.2395, -33.3099 ] ] ] } },
{ "type": "Feature", "properties": { "muni_code": "WC026" }, "geometry": { "type": "Polygon", "coordinates": [ [ [ 20.4756, -33.5134 ], [ 20.4782, -33.5278 ], [ 20.5476, -33.5195 ], [ 20.5494, -33.5287 ], [ 20.5771, -33.5281 ], [ 20.5031, -33.637 ], [ 20.5352, -33.6607 ], [ 20.5039, -33.682 ], [ 20.4692, -33.682 ], [ 20.4728, -33.7292 ], [ 20.4479, -33.774 ], [ 20.5145, -33.8026 ], [ 20.4805, -33.8228 ], [ 20.4502, -33.8068 ], [ 20.4266, -33.8109 ], [ 20.4415, -33.8198 ], [ 20.4425, -33.8579 ], [ 20.4699, -33.8897 ], [ 20.436, -33.9577 ], [ 20.3244, -33.9496 ], [ 20.2344, -33.8979 ], [ 20.2225, -33.9128 ], [ 20.2584, -33.9417 ], [ 20.328, -33.9731 ], [ 20.3242, -34.0018 ], [ 20.3071, -34.0056 ], [ 20.3071, -34.0294 ], [ 20.2792, -34.0396 ], [ 20.2989, -34.0603 ], [ 20.2858, -34.065 ], [ 20.2862, -34.0789 ], [ 20.3057, -34.0773 ], [ 20.2913, -34.0913 ], [ 20.2701, -34.0902 ], [ 20.2727, -34.1062 ], [ 20.2497, -34.1061 ], [ 20.2468, -34.1173 ], [ 20.2218, -34.1111 ], [ 20.23, -34.0952 ], [ 20.2031, -34.0884 ], [ 20.1873, -34.102 ], [ 20.1405, -34.0854 ], [ 20.2022, -34.0786 ], [ 20.1961, -34.04 ], [ 20.1778, -34.0298 ], [ 20.1417, -34.0592 ], [ 20.0085, -34.0639 ], [ 20.0075, -34.0939 ], [ 19.9865, -34.0782 ], [ 19.7552, -34.0544 ], [ 19.735, -34.0412 ], [ 19.7001, -34.0464 ], [ 19.6807, -34.0091 ], [ 19.5898, -34.0124 ], [ 19.5333, -33.9695 ], [ 19.5069, -33.9717 ], [ 19.5454, -33.9156 ], [ 19.5323, -33.8784 ], [ 19.5626, -33.8664 ], [ 19.5658, -33.8492 ], [ 19.566, -33.8637 ], [ 19.5979, -33.8782 ], [ 19.5945, -33.8542 ], [ 19.6527, -33.8346 ], [ 19.6522, -33.8136 ], [ 19.683, -33.7995 ], [ 19.6596, -33.7751 ], [ 19.6828, -33.7488 ], [ 19.7023, -33.7463 ], [ 19.6912, -33.7394 ], [ 19.7021, -33.7184 ], [ 19.69, -33.7043 ], [ 19.695, -33.6797 ], [ 19.7412, -33.6496 ], [ 19.651, -33.6096 ], [ 19.6504, -33.5935 ], [ 19.6244, -33.5679 ], [ 19.6026, -33.5619 ], [ 19.6376, -33.5366 ], [ 19.775, -33.5333 ], [ 19.8652, -33.57 ], [ 19.8701, -33.5421 ], [ 19.9171, -33.5193 ], [ 19.9257, -33.5333 ], [ 19.9587, -33.5176 ], [ 19.9833, -33.5333 ], [ 19.9925, -33.5568 ], [ 20.0631, -33.5429 ], [ 20.1254, -33.5563 ], [ 20.1731, -33.5262 ], [ 20.2415, -33.538 ], [ 20.2678, -33.5129 ], [ 20.3361, -33.4878 ], [ 20.498, -33.4639 ], [ 20.5017, -33.4985 ], [ 20.4756, -33.5134 ] ] ] } },
{ "type": "Feature", "properties": { "muni_code": "WC031" }, "geometry": { "type": "Polygon", "coordinates": [ [ [ 19.2974, -33.8897 ], [ 19.3189, -33.9472 ], [ 19.4005, -33.9855 ], [ 19.4558, -33.9999 ], [ 19.5333, -33.9695 ], [ 19.5898, -34.0124 ], [ 19.6807, -34.0091 ], [ 19.7001, -34.0464 ], [ 19.735, -34.0412 ], [ 19.7552, -34.0544 ], [ 19.9865, -34.0782 ], [ 20.0075, -34.0939 ], [ 19.9896, -34.1153 ], [ 20.0028, -34.1284 ], [ 19.9801, -34.1317 ], [ 19.9848, -34.1574 ], [ 19.9657, -34.1763 ], [ 19.9325, -34.181 ], [ 19.9313, -34.1625 ], [ 19.8932, -34.1748 ], [ 19.8914, -34.1925 ], [ 19.9059, -34.1936 ], [ 19.9009, -34.2147 ], [ 19.8899, -34.207 ], [ 19.8561, -34.2336 ], [ 19.8502, -34.2588 ], [ 19.8375, -34.2603 ], [ 19.8501, -34.2596 ], [ 19.8454, -34.2804 ], [ 19.7977, -34.2846 ], [ 19.7944, -34.3207 ], [ 19.7746, -34.3328 ], [ 19.7409, -34.3126 ], [ 19.705, -34.3503 ], [ 19.6746, -34.3606 ], [ 19.6642, -34.3443 ], [ 19.6722, -34.3273 ], [ 19.6575, -34.3173 ], [ 19.6183, -34.3495 ], [ 19.6412, -34.3723 ], [ 19.6508, -34.3685 ], [ 19.6172, -34.3994 ], [ 19.6269, -34.4169 ], [ 19.5831, -34.4297 ], [ 19.6032, -34.406 ], [ 19.5822, -34.4041 ], [ 19.5904, -34.3905 ], [ 19.4951, -34.3998 ], [ 19.403, -34.3756 ], [ 19.3516, -34.3876 ], [ 19.3006, -34.3753 ], [ 19.303, -34.3286 ], [ 19.2578, -34.3163 ], [ 19.2134, -34.3267 ], [ 19.2109, -34.2936 ], [ 19.1536, -34.2687 ], [ 19.1301, -34.2431 ], [ 19.0391, -34.2742 ], [ 19.0118, -34.2742 ], [ 18.9477, -34.2454 ], [ 18.956, -34.2105 ], [ 18.9296, -34.1977 ], [ 18.9803, -34.155 ], [ 18.9439, -34.1382 ], [ 18.9668, -34.1024 ], [ 19.0048, -34.0756 ], [ 18.9846, -34.0359 ], [ 19.1261, -33.9617 ], [ 19.1456, -33.956 ], [ 19.1646, -33.9714 ], [ 19.191, -33.9472 ], [ 19.2066, -33.9504 ], [ 19.2438, -33.8975 ], [ 19.2652, -33.9003 ], [ 19.2584, -33.8831 ], [ 19.2974, -33.8897 ] ] ] } },
{ "type": "Feature", "properties": { "muni_code": "WC032" }, "geometry": { "type": "MultiPolygon", "coordinates": [ [ [ [ 19.4099, -34.6882 ], [ 19.4177, -34.6888 ], [ 19.4153, -34.69 ], [ 19.4124, -34.6904 ], [ 19.4099, -34.6882 ] ] ], [ [ [ 19.4182, -34.6804 ], [ 19.4234, -34.6802 ], [ 19.4113, -34.6852 ], [ 19.4182, -34.6804 ] ] ], [ [ [ 18.9551, -34.2122 ], [ 18.9477, -34.2454 ], [ 19.0118, -34.2742 ], [ 19.1301, -34.2431 ], [ 19.1536, -34.2687 ], [ 19.2109, -34.2936 ], [ 19.2134, -34.3267 ], [ 19.2578, -34.3163 ], [ 19.303, -34.3286 ], [ 19.3006, -34.3753 ], [ 19.3516, -34.3876 ], [ 19.403, -34.3756 ], [ 19.4951, -34.3998 ], [ 19.5904, -34.3905 ], [ 19.5822, -34.4041 ], [ 19.6032, -34.406 ], [ 19.5831, -34.4297 ], [ 19.6637, -34.4167 ], [ 19.6959, -34.4322 ], [ 19.6947, -34.4601 ], [ 19.7133, -34.4686 ], [ 19.6867, -34.5165 ], [ 19.7027, -34.5381 ], [ 19.6882, -34.5622 ], [ 19.7197, -34.5998 ], [ 19.7146, -34.6878 ], [ 19.74, -34.7124 ], [ 19.7247, -34.7672 ], [ 19.6852, -34.7652 ], [ 19.663, -34.7884 ], [ 19.6349, -34.7811 ], [ 19.6322, -34.7551 ], [ 19.6003, -34.7508 ], [ 19.5916, -34.7258 ], [ 19.5732, -34.7283 ], [ 19.5501, -34.7121 ], [ 19.5205, -34.6713 ], [ 19.4503, -34.6556 ], [ 19.4116, -34.6074 ], [ 19.2934, -34.6336 ], [ 19.3016, -34.6169 ], [ 19.3292, -34.6074 ], [ 19.3526, -34.5597 ], [ 19.379, -34.544 ], [ 19.3486, -34.4715 ], [ 19.2874, -34.4141 ], [ 19.2537, -34.4129 ], [ 19.2185, -34.4381 ], [ 19.1706, -34.4161 ], [ 19.1422, -34.4236 ], [ 19.1206, -34.4159 ], [ 19.1243, -34.3948 ], [ 19.1026, -34.3721 ], [ 19.0424, -34.3411 ], [ 18.9987, -34.3436 ], [ 18.9654, -34.363 ], [ 18.9113, -34.3577 ], [ 18.8929, -34.376 ], [ 18.8588, -34.3747 ], [ 18.8619, -34.389 ], [ 18.8433, -34.378 ], [ 18.826, -34.3881 ], [ 18.8095, -34.3487 ], [ 18.8318, -34.3389 ], [ 18.8129, -34.2961 ], [ 18.8227, -34.299 ], [ 18.8305, -34.2744 ], [ 18.8654, -34.2641 ], [ 18.8802, -34.2482 ], [ 18.8753, -34.2294 ], [ 18.8929, -34.2343 ], [ 18.8994, -34.2169 ], [ 18.9307, -34.2035 ], [ 18.9551, -34.2122 ] ] ] ] } },
{ "type": "Feature", "properties": { "muni_code": "WC033" }, "geometry": { "type": "Polygon", "coordinates": [ [ [ 20.0635, -34.217 ], [ 20.0655, -34.2413 ], [ 20.134, -34.2504 ], [ 20.1486, -34.2712 ], [ 20.175, -34.2794 ], [ 20.2449, -34.2889 ], [ 20.2621, -34.2742 ], [ 20.2913, -34.2763 ], [ 20.2675, -34.3136 ], [ 20.2863, -34.3452 ], [ 20.2637, -34.375 ], [ 20.2891, -34.4178 ], [ 20.3573, -34.3884 ], [ 20.392, -34.4263 ], [ 20.5085, -34.4195 ], [ 20.4848, -34.4013 ], [ 20.4834, -34.3729 ], [ 20.5178, -34.3732 ], [ 20.5317, -34.3605 ], [ 20.6593, -34.3991 ], [ 20.6829, -34.3888 ], [ 20.6878, -34.4176 ], [ 20.8168, -34.4289 ], [ 20.8181, -34.443 ], [ 20.8714, -34.4524 ], [ 20.87, -34.4646 ], [ 20.8478, -34.4749 ], [ 20.7309, -34.4512 ], [ 20.6456, -34.4499 ], [ 20.4894, -34.4862 ], [ 20.4385, -34.5159 ], [ 20.3994, -34.5714 ], [ 20.2468, -34.6457 ], [ 20.2328, -34.6618 ], [ 20.2363, -34.6916 ], [ 20.1676, -34.6961 ], [ 20.0798, -34.7365 ], [ 20.0479, -34.7747 ], [ 20.0638, -34.806 ], [ 20.0072, -34.8338 ], [ 19.9642, -34.8271 ], [ 19.8729, -34.766 ], [ 19.7247, -34.7672 ], [ 19.74, -34.7124 ], [ 19.7146, -34.6878 ], [ 19.7197, -34.5998 ], [ 19.6882, -34.5622 ], [ 19.7027, -34.5381 ], [ 19.6867, -34.5165 ], [ 19.7133, -34.4686 ], [ 19.6947, -34.4601 ], [ 19.6959, -34.4322 ], [ 19.6637, -34.4167 ], [ 19.6269, -34.4169 ], [ 19.6172, -34.3994 ], [ 19.6508, -34.3685 ], [ 19.6412, -34.3723 ], [ 19.6183, -34.3495 ], [ 19.6575, -34.3173 ], [ 19.6722, -34.3273 ], [ 19.6642, -34.3443 ], [ 19.6746, -34.3606 ], [ 19.705, -34.3503 ], [ 19.7409, -34.3126 ], [ 19.7746, -34.3328 ], [ 19.7944, -34.3207 ], [ 19.7977, -34.2846 ], [ 19.8454, -34.2804 ], [ 19.8501, -34.2596 ], [ 19.8469, -34.262 ], [ 19.8375, -34.2603 ], [ 19.8804, -34.2201 ], [ 19.94, -34.2396 ], [ 19.9778, -34.2132 ], [ 20.011, -34.2206 ], [ 20.0324, -34.2036 ], [ 20.0635, -34.217 ] ] ] } },
{ "type": "Feature", "properties": { "muni_code": "WC034" }, "geometry": { "type": "Polygon", "coordinates": [ [ [ 20.7189, -34.1955 ], [ 20.638, -34.2271 ], [ 20.6124, -34.2296 ], [ 20.6377, -34.2429 ], [ 20.5661, -34.2974 ], [ 20.618, -34.3031 ], [ 20.622, -34.3167 ], [ 20.6049, -34.324 ], [ 20.5966, -34.3512 ], [ 20.6856, -34.3464 ], [ 20.7353, -34.3878 ], [ 20.7986, -34.408 ], [ 20.85, -34.4034 ], [ 20.8718, -34.4523 ], [ 20.7629, -34.4172 ], [ 20.6878, -34.4176 ], [ 20.6829, -34.3888 ], [ 20.6593, -34.3991 ], [ 20.5317, -34.3605 ], [ 20.5178, -34.3732 ], [ 20.4834, -34.3729 ], [ 20.4848, -34.4013 ], [ 20.5085, -34.4195 ], [ 20.392, -34.4263 ], [ 20.3573, -34.3884 ], [ 20.2891, -34.4178 ], [ 20.2637, -34.375 ], [ 20.2863, -34.3452 ], [ 20.2675, -34.3136 ], [ 20.2913, -34.2763 ], [ 20.2621, -34.2742 ], [ 20.2449, -34.2889 ], [ 20.175, -34.2794 ], [ 20.1486, -34.2712 ], [ 20.134, -34.2504 ], [ 20.0655, -34.2413 ], [ 20.0635, -34.217 ], [ 20.0324, -34.2036 ], [ 20.011, -34.2206 ], [ 19.9778, -34.2132 ], [ 19.94, -34.2396 ], [ 19.8804, -34.2201 ], [ 19.8899, -34.207 ], [ 19.9009, -34.2147 ], [ 19.9059, -34.1936 ], [ 19.8914, -34.1925 ], [ 19.8932, -34.1748 ], [ 19.9313, -34.1625 ], [ 19.9374, -34.1819 ], [ 19.9383, -34.1728 ], [ 19.9798, -34.1663 ], [ 19.9801, -34.1317 ], [ 20.0028, -34.1284 ], [ 19.9896, -34.1153 ], [ 20.0108, -34.0916 ], [ 20.0085, -34.0639 ], [ 20.1417, -34.0592 ], [ 20.1778, -34.0298 ], [ 20.1961, -34.04 ], [ 20.2022, -34.0786 ], [ 20.1405, -34.0854 ], [ 20.1873, -34.102 ], [ 20.2031, -34.0884 ], [ 20.23, -34.0952 ], [ 20.2218, -34.1111 ], [ 20.2468, -34.1173 ], [ 20.2497, -34.1061 ], [ 20.2727, -34.1062 ], [ 20.2701, -34.0902 ], [ 20.2913, -34.0913 ], [ 20.3057, -34.0773 ], [ 20.2862, -34.0789 ], [ 20.2858, -34.065 ], [ 20.2989, -34.0603 ], [ 20.2792, -34.0396 ], [ 20.3071, -34.0294 ], [ 20.3071, -34.0056 ], [ 20.3242, -34.0018 ], [ 20.328, -33.9731 ], [ 20.2584, -33.9417 ], [ 20.2225, -33.9128 ], [ 20.2344, -33.8979 ], [ 20.3244, -33.9496 ], [ 20.436, -33.9577 ], [ 20.4699, -33.8897 ], [ 20.4425, -33.8579 ], [ 20.4415, -33.8198 ], [ 20.4266, -33.8109 ], [ 20.4502, -33.8068 ], [ 20.4805, -33.8228 ], [ 20.5145, -33.8026 ], [ 20.4479, -33.774 ], [ 20.4728, -33.7292 ], [ 20.4692, -33.682 ], [ 20.5039, -33.682 ], [ 20.5352, -33.6607 ], [ 20.5033, -33.637 ], [ 20.5816, -33.6221 ], [ 20.5862, -33.6672 ], [ 20.666, -33.622 ], [ 20.7189, -33.6406 ], [ 20.7756, -33.6917 ], [ 20.8072, -33.6897 ], [ 20.8003, -33.715 ], [ 20.885, -33.7174 ], [ 20.8799, -33.6926 ], [ 20.9388, -33.6998 ], [ 20.9341, -33.7246 ], [ 21.0103, -33.7566 ], [ 20.9568, -33.8063 ], [ 20.9238, -33.8893 ], [ 20.9523, -33.9018 ], [ 20.9364, -33.9612 ], [ 20.9215, -33.9528 ], [ 20.8782, -33.964 ], [ 20.8678, -33.955 ], [ 20.8411, -33.9732 ], [ 20.8164, -33.9402 ], [ 20.7021, -33.9609 ], [ 20.6947, -33.976 ], [ 20.7052, -33.9902 ], [ 20.729, -33.9884 ], [ 20.7321, -33.9989 ], [ 20.7296, -34.0181 ], [ 20.694, -34.0068 ], [ 20.6999, -34.0397 ], [ 20.7227, -34.0368 ], [ 20.7286, -34.0575 ], [ 20.7476, -34.0667 ], [ 20.7404, -34.0713 ], [ 20.7543, -34.0972 ], [ 20.7032, -34.0881 ], [ 20.693, -34.1008 ], [ 20.6873, -34.0874 ], [ 20.6401, -34.086 ], [ 20.6421, -34.1353 ], [ 20.6562, -34.1448 ], [ 20.6453, -34.1755 ], [ 20.7189, -34.1955 ] ] ] } },
{ "type": "Feature", "properties": { "muni_code": "WC041" }, "geometry": { "type": "Polygon", "coordinates": [ [ [ 21.74, -33.7961 ], [ 21.6483, -33.8304 ], [ 21.5483, -33.8228 ], [ 21.4233, -33.8476 ], [ 21.3819, -33.8453 ], [ 21.3711, -33.8199 ], [ 21.1541, -33.8323 ], [ 21.0846, -33.8229 ], [ 21.0516, -33.8343 ], [ 21.0415, -33.8542 ], [ 20.9916, -33.868 ], [ 21.0026, -33.8479 ], [ 20.9434, -33.8519 ], [ 20.9568, -33.8063 ], [ 21.0103, -33.7566 ], [ 20.9341, -33.7246 ], [ 20.9388, -33.6998 ], [ 20.8799, -33.6926 ], [ 20.885, -33.7174 ], [ 20.8003, -33.715 ], [ 20.8072, -33.6897 ], [ 20.7756, -33.6917 ], [ 20.7189, -33.6406 ], [ 20.666, -33.622 ], [ 20.5862, -33.6672 ], [ 20.5816, -33.6221 ], [ 20.5031, -33.637 ], [ 20.5743, -33.5388 ], [ 20.5771, -33.5281 ], [ 20.5494, -33.5287 ], [ 20.5476, -33.5195 ], [ 20.762, -33.4908 ], [ 20.9218, -33.4307 ], [ 20.9726, -33.4225 ], [ 21.0097, -33.4393 ], [ 21.4331, -33.3942 ], [ 21.5218, -33.4144 ], [ 21.612, -33.3968 ], [ 21.68, -33.4048 ], [ 21.8272, -33.391 ], [ 21.9021, -33.365 ], [ 21.9328, -33.5164 ], [ 21.9757, -33.5807 ], [ 21.9273, -33.5792 ], [ 21.9392, -33.6218 ], [ 21.92, -33.627 ], [ 21.935, -33.6677 ], [ 21.905, -33.6796 ], [ 21.8809, -33.6673 ], [ 21.89, -33.7128 ], [ 21.8375, -33.7373 ], [ 21.7228, -33.7053 ], [ 21.7155, -33.6816 ], [ 21.7078, -33.6866 ], [ 21.6574, -33.762 ], [ 21.6888, -33.7598 ], [ 21.6905, -33.7319 ], [ 21.7135, -33.7293 ], [ 21.7223, -33.7511 ], [ 21.7486, -33.7637 ], [ 21.7311, -33.7886 ], [ 21.74, -33.7961 ] ] ] } },
{ "type": "Feature", "properties": { "muni_code": "WC042" }, "geometry": { "type": "Polygon", "coordinates": [ [ [ 21.74, -33.7961 ], [ 21.7565, -33.8195 ], [ 21.7476, -33.827 ], [ 21.7035, -33.8191 ], [ 21.7127, -33.835 ], [ 21.6989, -33.8579 ], [ 21.6628, -33.8798 ], [ 21.6759, -33.8835 ], [ 21.6739, -33.9015 ], [ 21.6529, -33.9164 ], [ 21.6585, -33.9635 ], [ 21.6402, -34.0072 ], [ 21.6664, -34.0091 ], [ 21.685, -34.0625 ], [ 21.7262, -34.0297 ], [ 21.7385, -34.0364 ], [ 21.7173, -34.0537 ], [ 21.7188, -34.0801 ], [ 21.7712, -34.0779 ], [ 21.7511, -34.0832 ], [ 21.7435, -34.1023 ], [ 21.7313, -34.0904 ], [ 21.7046, -34.0927 ], [ 21.7106, -34.103 ], [ 21.6988, -34.1145 ], [ 21.7153, -34.1193 ], [ 21.7439, -34.1584 ], [ 21.7531, -34.1875 ], [ 21.7404, -34.2021 ], [ 21.7852, -34.2823 ], [ 21.8296, -34.284 ], [ 21.8292, -34.3137 ], [ 21.887, -34.3436 ], [ 21.8714, -34.3627 ], [ 21.7293, -34.3958 ], [ 21.5226, -34.3571 ], [ 21.432, -34.3726 ], [ 21.4226, -34.3796 ], [ 21.4292, -34.3945 ], [ 21.3723, -34.4231 ], [ 21.2995, -34.4391 ], [ 21.1334, -34.3833 ], [ 21.0012, -34.365 ], [ 20.9185, -34.369 ], [ 20.85, -34.4034 ], [ 20.7983, -34.408 ], [ 20.7347, -34.3875 ], [ 20.6861, -34.3466 ], [ 20.5974, -34.3518 ], [ 20.6046, -34.3245 ], [ 20.622, -34.3167 ], [ 20.6178, -34.3027 ], [ 20.5654, -34.3023 ], [ 20.5726, -34.283 ], [ 20.6377, -34.2429 ], [ 20.6124, -34.2296 ], [ 20.6392, -34.2343 ], [ 20.7189, -34.1955 ], [ 20.6453, -34.1755 ], [ 20.6562, -34.1448 ], [ 20.6421, -34.1353 ], [ 20.6393, -34.0976 ], [ 20.6401, -34.086 ], [ 20.6873, -34.0874 ], [ 20.693, -34.1008 ], [ 20.7032, -34.0881 ], [ 20.7543, -34.0972 ], [ 20.7404, -34.0713 ], [ 20.7476, -34.0667 ], [ 20.7286, -34.0575 ], [ 20.7227, -34.0368 ], [ 20.6999, -34.0397 ], [ 20.694, -34.0068 ], [ 20.7296, -34.0181 ], [ 20.7321, -33.9989 ], [ 20.729, -33.9884 ], [ 20.7052, -33.9902 ], [ 20.6947, -33.976 ], [ 20.7021, -33.9609 ], [ 20.8164, -33.9402 ], [ 20.8411, -33.9732 ], [ 20.8678, -33.955 ], [ 20.8782, -33.964 ], [ 20.9215, -33.9528 ], [ 20.9364, -33.9612 ], [ 20.9523, -33.9018 ], [ 20.9238, -33.8893 ], [ 20.9434, -33.8519 ], [ 21.0026, -33.8479 ], [ 20.9916, -33.868 ], [ 21.0415, -33.8542 ], [ 21.0516, -33.8343 ], [ 21.0846, -33.8229 ], [ 21.1541, -33.8323 ], [ 21.3711, -33.8199 ], [ 21.3819, -33.8453 ], [ 21.4233, -33.8476 ], [ 21.5483, -33.8228 ], [ 21.6483, -33.8304 ], [ 21.74, -33.7961 ] ] ] } },
{ "type": "Feature", "properties": { "muni_code": "WC043" }, "geometry": { "type": "Polygon", "coordinates": [ [ [ 22.1237, -33.8464 ], [ 22.1342, -33.8696 ], [ 22.2337, -33.8882 ], [ 22.2335, -33.9031 ], [ 22.2679, -33.925 ], [ 22.2603, -33.9605 ], [ 22.2787, -33.9904 ], [ 22.2709, -34.0052 ], [ 22.2799, -34.0215 ], [ 22.2658, -34.0484 ], [ 22.3097, -34.0397 ], [ 22.3538, -34.0539 ], [ 22.3531, -34.0456 ], [ 22.3507, -34.0421 ], [ 22.3512, -34.0414 ], [ 22.3538, -34.0456 ], [ 22.3546, -34.0544 ], [ 22.2396, -34.0569 ], [ 22.1595, -34.0841 ], [ 22.1259, -34.1149 ], [ 22.1113, -34.157 ], [ 22.1132, -34.165 ], [ 22.1473, -34.1751 ], [ 22.1581, -34.181 ], [ 22.1607, -34.1878 ], [ 21.9647, -34.2248 ], [ 21.914, -34.2677 ], [ 21.915, -34.2911 ], [ 21.9463, -34.3002 ], [ 21.9081, -34.3192 ], [ 21.9144, -34.3388 ], [ 21.8547, -34.3335 ], [ 21.8276, -34.3115 ], [ 21.8278, -34.2825 ], [ 21.7852, -34.2823 ], [ 21.7404, -34.2021 ], [ 21.7531, -34.1875 ], [ 21.7439, -34.1584 ], [ 21.7153, -34.1193 ], [ 21.6988, -34.1145 ], [ 21.7106, -34.103 ], [ 21.7046, -34.0927 ], [ 21.7313, -34.0904 ], [ 21.7435, -34.1023 ], [ 21.7511, -34.0832 ], [ 21.7712, -34.0779 ], [ 21.7188, -34.0801 ], [ 21.7173, -34.0537 ], [ 21.7385, -34.0364 ], [ 21.7262, -34.0297 ], [ 21.685, -34.0625 ], [ 21.6664, -34.0091 ], [ 21.6404, -34.0075 ], [ 21.6585, -33.9635 ], [ 21.6529, -33.9164 ], [ 21.6739, -33.9015 ], [ 21.6759, -33.8835 ], [ 21.6628, -33.8798 ], [ 21.7004, -33.8529 ], [ 22.017, -33.8594 ], [ 22.0427, -33.8839 ], [ 22.0637, -33.883 ], [ 22.0751, -33.8495 ], [ 22.1237, -33.8464 ] ] ] } },
{ "type": "Feature", "properties": { "muni_code": "WC044" }, "geometry": { "type": "Polygon", "coordinates": [ [ [ 23.2971, -33.3886 ], [ 23.3641, -33.4618 ], [ 23.3549, -33.4412 ], [ 23.4956, -33.4434 ], [ 23.5142, -33.4627 ], [ 23.604, -33.4964 ], [ 23.5962, -33.5725 ], [ 23.6168, -33.5696 ], [ 23.6199, -33.5915 ], [ 23.675, -33.6259 ], [ 23.6704, -33.6726 ], [ 23.5859, -33.6727 ], [ 23.5565, -33.6515 ], [ 23.5413, -33.6995 ], [ 23.4399, -33.7174 ], [ 23.4301, -33.7618 ], [ 23.3946, -33.7931 ], [ 23.3255, -33.7991 ], [ 23.3344, -33.8566 ], [ 23.2839, -33.8438 ], [ 23.2794, -33.8771 ], [ 23.229, -33.8783 ], [ 23.0765, -33.8086 ], [ 23.03, -33.8068 ], [ 23.0355, -33.794 ], [ 22.9742, -33.8144 ], [ 22.8766, -33.816 ], [ 22.8003, -33.8412 ], [ 22.8006, -33.8729 ], [ 22.7716, -33.9034 ], [ 22.7791, -33.9275 ], [ 22.7268, -33.9248 ], [ 22.72, -33.9742 ], [ 22.7043, -33.9937 ], [ 22.7376, -34.0248 ], [ 22.7701, -34.0264 ], [ 22.7656, -34.0375 ], [ 22.5799, -33.9956 ], [ 22.557, -33.9977 ], [ 22.4843, -34.0516 ], [ 22.4416, -34.0589 ], [ 22.3804, -34.0617 ], [ 22.3546, -34.0544 ], [ 22.3538, -34.0456 ], [ 22.3512, -34.0414 ], [ 22.3538, -34.0539 ], [ 22.3097, -34.0397 ], [ 22.3076, -34.0481 ], [ 22.2641, -34.0467 ], [ 22.2799, -34.0215 ], [ 22.2709, -34.0052 ], [ 22.2787, -33.9904 ], [ 22.2603, -33.9605 ], [ 22.2679, -33.925 ], [ 22.2335, -33.9031 ], [ 22.2337, -33.8882 ], [ 22.1935, -33.8514 ], [ 22.2891, -33.858 ], [ 22.3688, -33.7928 ], [ 22.3212, -33.741 ], [ 22.3262, -33.7341 ], [ 22.2886, -33.7533 ], [ 22.2959, -33.7403 ], [ 22.2849, -33.7053 ], [ 22.3453, -33.7253 ], [ 22.3718, -33.6594 ], [ 22.4308, -33.6657 ], [ 22.4556, -33.647 ], [ 22.5014, -33.6389 ], [ 22.5004, -33.6492 ], [ 22.6263, -33.6224 ], [ 22.6593, -33.6438 ], [ 22.7557, -33.6407 ], [ 22.7161, -33.5317 ], [ 22.7599, -33.5307 ], [ 22.7285, -33.4542 ], [ 22.7744, -33.4197 ], [ 22.9348, -33.4291 ], [ 23.1129, -33.4008 ], [ 23.1348, -33.3876 ], [ 23.2971, -33.3886 ] ] ] } },
{ "type": "Feature", "properties": { "muni_code": "WC045" }, "geometry": { "type": "Polygon", "coordinates": [ [ [ 22.3914, -33.3641 ], [ 22.4647, -33.4045 ], [ 22.7744, -33.4197 ], [ 22.7285, -33.4542 ], [ 22.7599, -33.5307 ], [ 22.7161, -33.5317 ], [ 22.7557, -33.6407 ], [ 22.6593, -33.6438 ], [ 22.6263, -33.6224 ], [ 22.5887, -33.6367 ], [ 22.4556, -33.647 ], [ 22.4308, -33.6657 ], [ 22.3718, -33.6594 ], [ 22.3453, -33.7253 ], [ 22.2849, -33.7053 ], [ 22.2959, -33.7403 ], [ 22.2886, -33.7533 ], [ 22.3262, -33.7341 ], [ 22.3212, -33.741 ], [ 22.3688, -33.7928 ], [ 22.2891, -33.858 ], [ 22.1935, -33.8514 ], [ 22.2337, -33.8882 ], [ 22.1342, -33.8696 ], [ 22.1237, -33.8464 ], [ 22.0751, -33.8495 ], [ 22.0637, -33.883 ], [ 22.0427, -33.8839 ], [ 22.017, -33.8594 ], [ 21.7003, -33.8528 ], [ 21.7127, -33.835 ], [ 21.7035, -33.8191 ], [ 21.7409, -33.8274 ], [ 21.7565, -33.8195 ], [ 21.731, -33.7895 ], [ 21.7486, -33.7637 ], [ 21.7223, -33.7511 ], [ 21.7135, -33.7293 ], [ 21.6905, -33.7319 ], [ 21.6888, -33.7598 ], [ 21.6574, -33.762 ], [ 21.7019, -33.692 ], [ 21.7155, -33.6816 ], [ 21.7228, -33.7053 ], [ 21.8375, -33.7373 ], [ 21.89, -33.7128 ], [ 21.8809, -33.6673 ], [ 21.905, -33.6796 ], [ 21.935, -33.6677 ], [ 21.92, -33.627 ], [ 21.9392, -33.6218 ], [ 21.9273, -33.5792 ], [ 21.9757, -33.5807 ], [ 21.9328, -33.5164 ], [ 21.9021, -33.365 ], [ 21.9629, -33.3662 ], [ 22.214, -33.315 ], [ 22.3914, -33.3641 ] ] ] } },
{ "type": "Feature", "properties": { "muni_code": "WC047" }, "geometry": { "type": "Polygon", "coordinates": [ [ [ 23.554, -33.7964 ], [ 23.5619, -33.8289 ], [ 23.7033, -33.8641 ], [ 23.683, -33.884 ], [ 23.6474, -33.8928 ], [ 23.6568, -33.9069 ], [ 23.6374, -33.913 ], [ 23.6447, -33.9307 ], [ 23.6346, -33.9521 ], [ 23.6479, -33.98 ], [ 23.5565, -33.9827 ], [ 23.5282, -34.0001 ], [ 23.4124, -34.0193 ], [ 23.3845, -34.0401 ], [ 23.3715, -34.0787 ], [ 23.3755, -34.0982 ], [ 23.4125, -34.1071 ], [ 23.4069, -34.1114 ], [ 23.164, -34.0843 ], [ 23.1785, -34.0457 ], [ 23.1687, -34.0063 ], [ 23.1845, -33.9814 ], [ 23.2107, -33.9629 ], [ 23.241, -33.973 ], [ 23.2225, -33.9086 ], [ 23.2485, -33.8995 ], [ 23.229, -33.8783 ], [ 23.2794, -33.8771 ], [ 23.2839, -33.8438 ], [ 23.3344, -33.8566 ], [ 23.3255, -33.7991 ], [ 23.395, -33.7926 ], [ 23.4891, -33.8075 ], [ 23.488, -33.7915 ], [ 23.5188, -33.7821 ], [ 23.554, -33.7964 ] ] ] } },
{ "type": "Feature", "properties": { "muni_code": "WC048" }, "geometry": { "type": "Polygon", "coordinates": [ [ [ 23.0953, -33.818 ], [ 23.229, -33.8783 ], [ 23.2485, -33.8995 ], [ 23.2225, -33.9086 ], [ 23.241, -33.973 ], [ 23.2107, -33.9629 ], [ 23.1687, -34.0063 ], [ 23.1785, -34.0457 ], [ 23.1641, -34.0831 ], [ 23.0557, -34.0856 ], [ 23.0036, -34.0718 ], [ 22.9781, -34.0793 ], [ 22.9798, -34.094 ], [ 22.9143, -34.0646 ], [ 22.7376, -34.0248 ], [ 22.7044, -33.9969 ], [ 22.7098, -33.9741 ], [ 22.72, -33.9742 ], [ 22.7268, -33.9248 ], [ 22.7791, -33.9275 ], [ 22.7716, -33.9034 ], [ 22.8006, -33.8729 ], [ 22.8003, -33.8412 ], [ 22.8766, -33.816 ], [ 22.9742, -33.8144 ], [ 23.0355, -33.794 ], [ 23.03, -33.8068 ], [ 23.0953, -33.818 ] ] ] } },
{ "type": "Feature", "properties": { "muni_code": "WC051" }, "geometry": { "type": "Polygon", "coordinates": [ [ [ 20.4081, -33.4343 ], [ 20.3353, -33.4252 ], [ 20.3673, -33.3663 ], [ 20.2092, -33.3798 ], [ 20.2395, -33.3099 ], [ 20.2035, -33.3027 ], [ 20.2512, -33.2915 ], [ 20.2356, -33.2624 ], [ 20.258, -33.1884 ], [ 20.2022, -33.1701 ], [ 20.2512, -33.1499 ], [ 20.3064, -33.1593 ], [ 20.3185, -33.1209 ], [ 20.2791, -33.0639 ], [ 20.3025, -33.068 ], [ 20.3343, -33.0358 ], [ 20.3838, -33.0363 ], [ 20.395, -32.9932 ], [ 20.4347, -32.9719 ], [ 20.4386, -32.9401 ], [ 20.4993, -32.9416 ], [ 20.5612, -32.881 ], [ 20.5921, -32.9265 ], [ 20.5901, -32.943 ], [ 20.6503, -32.9323 ], [ 20.7312, -32.945 ], [ 20.7442, -32.9129 ], [ 20.7986, -32.8947 ], [ 20.8324, -32.8174 ], [ 20.8303, -32.7846 ], [ 20.7922, -32.735 ], [ 20.7898, -32.7112 ], [ 20.8228, -32.6945 ], [ 20.8441, -32.6624 ], [ 20.9628, -32.6393 ], [ 21.0945, -32.653 ], [ 21.157, -32.6289 ], [ 21.1401, -32.5898 ], [ 21.1883, -32.503 ], [ 21.2505, -32.5479 ], [ 21.2896, -32.5578 ], [ 21.2956, -32.5909 ], [ 21.3522, -32.6577 ], [ 21.4266, -32.6671 ], [ 21.428, -32.7756 ], [ 21.4456, -32.792 ], [ 21.4281, -32.8169 ], [ 21.4301, -32.849 ], [ 21.4815, -32.9113 ], [ 21.4574, -32.9275 ], [ 21.3959, -32.9379 ], [ 21.4429, -33.0005 ], [ 21.4846, -33.014 ], [ 21.5072, -33.0443 ], [ 21.5458, -33.0562 ], [ 21.5441, -33.0755 ], [ 21.5573, -33.0861 ], [ 21.5814, -33.0865 ], [ 21.5778, -33.1154 ], [ 21.6044, -33.1401 ], [ 21.6373, -33.1413 ], [ 21.6167, -33.1774 ], [ 21.6278, -33.1916 ], [ 21.6135, -33.216 ], [ 21.6373, -33.2139 ], [ 21.6429, -33.2249 ], [ 21.6367, -33.2459 ], [ 21.624, -33.2464 ], [ 21.6364, -33.3037 ], [ 21.551, -33.3408 ], [ 21.6116, -33.3347 ], [ 21.6356, -33.3586 ], [ 21.6971, -33.3565 ], [ 21.6326, -33.3769 ], [ 21.612, -33.3968 ], [ 21.5218, -33.4144 ], [ 21.4331, -33.3942 ], [ 21.0097, -33.4393 ], [ 20.9726, -33.4225 ], [ 20.762, -33.4908 ], [ 20.4782, -33.5278 ], [ 20.4756, -33.5134 ], [ 20.5017, -33.4985 ], [ 20.498, -33.4639 ], [ 20.3362, -33.4878 ], [ 20.4275, -33.4489 ], [ 20.4081, -33.4343 ] ] ] } },
{ "type": "Feature", "properties": { "muni_code": "WC052" }, "geometry": { "type": "Polygon", "coordinates": [ [ [ 22.0719, -32.6427 ], [ 22.012, -32.7242 ], [ 22.065, -32.7106 ], [ 22.1242, -32.7328 ], [ 22.1914, -32.7906 ], [ 22.2173, -32.7441 ], [ 22.3013, -32.7399 ], [ 22.3213, -32.8206 ], [ 22.384, -32.8708 ], [ 22.4557, -32.8765 ], [ 22.5219, -32.864 ], [ 22.5174, -32.8927 ], [ 22.6646, -32.9288 ], [ 22.7832, -32.9306 ], [ 22.7678, -32.9785 ], [ 22.8003, -32.9853 ], [ 22.8354, -33.0377 ], [ 22.912, -33.0145 ], [ 22.9578, -33.0451 ], [ 22.9553, -33.0731 ], [ 22.8923, -33.1416 ], [ 22.8772, -33.1869 ], [ 22.8402, -33.2202 ], [ 22.7903, -33.3073 ], [ 22.7739, -33.309 ], [ 22.7734, -33.3263 ], [ 22.7393, -33.324 ], [ 22.7357, -33.3948 ], [ 22.7845, -33.4155 ], [ 22.4647, -33.4045 ], [ 22.3913, -33.3641 ], [ 22.214, -33.315 ], [ 21.9629, -33.3662 ], [ 21.9021, -33.365 ], [ 21.8272, -33.391 ], [ 21.68, -33.4048 ], [ 21.612, -33.3968 ], [ 21.6326, -33.3769 ], [ 21.6971, -33.3565 ], [ 21.6356, -33.3586 ], [ 21.6116, -33.3347 ], [ 21.551, -33.3408 ], [ 21.6364, -33.3037 ], [ 21.624, -33.2464 ], [ 21.6367, -33.2459 ], [ 21.6429, -33.2249 ], [ 21.6373, -33.2139 ], [ 21.6135, -33.216 ], [ 21.6278, -33.1916 ], [ 21.6167, -33.1774 ], [ 21.6373, -33.1413 ], [ 21.6044, -33.1401 ], [ 21.5778, -33.1154 ], [ 21.5814, -33.0865 ], [ 21.5573, -33.0861 ], [ 21.5441, -33.0755 ], [ 21.5458, -33.0562 ], [ 21.5072, -33.0443 ], [ 21.4846, -33.014 ], [ 21.4429, -33.0005 ], [ 21.3959, -32.9379 ], [ 21.4574, -32.9275 ], [ 21.4815, -32.9113 ], [ 21.4301, -32.849 ], [ 21.4281, -32.8169 ], [ 21.4456, -32.792 ], [ 21.428, -32.7756 ], [ 21.4321, -32.7567 ], [ 21.4798, -32.7866 ], [ 21.5247, -32.7591 ], [ 21.5771, -32.7595 ], [ 21.6912, -32.7144 ], [ 21.6828, -32.6844 ], [ 21.7178, -32.6416 ], [ 21.7484, -32.6376 ], [ 21.7604, -32.6584 ], [ 21.9144, -32.6193 ], [ 22.0334, -32.5549 ], [ 22.0366, -32.5997 ], [ 22.0719, -32.6427 ] ] ] } },
{ "type": "Feature", "properties": { "muni_code": "WC053" }, "geometry": { "type": "Polygon", "coordinates": [ [ [ 22.6165, -31.8229 ], [ 22.7351, -31.7994 ], [ 22.7769, -31.8569 ], [ 22.859, -31.8183 ], [ 22.8747, -31.8616 ], [ 22.902, -31.8758 ], [ 22.9758, -31.8608 ], [ 23.0674, -31.8907 ], [ 23.0523, -31.9103 ], [ 23.0526, -31.9398 ], [ 23.0985, -31.9777 ], [ 23.1043, -31.9606 ], [ 23.1394, -31.9515 ], [ 23.2304, -31.8757 ], [ 23.225, -31.854 ], [ 23.2624, -31.8154 ], [ 23.2634, -31.7783 ], [ 23.3024, -31.7301 ], [ 23.3451, -31.7109 ], [ 23.4071, -31.7138 ], [ 23.4017, -31.6996 ], [ 23.4165, -31.6722 ], [ 23.5239, -31.7053 ], [ 23.5355, -31.6918 ], [ 23.5745, -31.6892 ], [ 23.6191, -31.6494 ], [ 23.6395, -31.6601 ], [ 23.7151, -31.647 ], [ 23.7345, -31.6546 ], [ 23.7565, -31.6957 ], [ 23.8416, -31.7151 ], [ 23.8476, -31.7292 ], [ 23.8085, -31.7637 ], [ 23.8372, -31.7679 ], [ 23.8294, -31.7803 ], [ 23.894, -31.8368 ], [ 23.9159, -31.822 ], [ 23.9179, -31.7954 ], [ 23.9487, -31.7733 ], [ 23.9631, -31.7067 ], [ 24.0468, -31.7067 ], [ 24.0285, -31.7302 ], [ 24.0709, -31.8071 ], [ 24.1525, -31.7886 ], [ 24.1837, -31.8133 ], [ 24.1548, -31.8225 ], [ 24.1533, -31.8549 ], [ 24.1236, -31.8472 ], [ 24.1054, -31.9069 ], [ 24.1642, -31.9024 ], [ 24.2224, -31.9556 ], [ 24.183, -31.9959 ], [ 24.1894, -32.0122 ], [ 24.1409, -32.0117 ], [ 24.1286, -32.0413 ], [ 24.1411, -32.0514 ], [ 24.1029, -32.0699 ], [ 24.0979, -32.1108 ], [ 24.1097, -32.0843 ], [ 24.1354, -32.0979 ], [ 24.1355, -32.1231 ], [ 24.1022, -32.1488 ], [ 24.1129, -32.1509 ], [ 24.1001, -32.164 ], [ 24.038, -32.1581 ], [ 24.044, -32.1819 ], [ 24.0305, -32.1935 ], [ 23.9611, -32.2065 ], [ 23.8923, -32.2549 ], [ 23.8511, -32.2425 ], [ 23.7662, -32.1787 ], [ 23.7471, -32.2007 ], [ 23.6705, -32.2377 ], [ 23.6489, -32.298 ], [ 23.6784, -32.3291 ], [ 23.6651, -32.3442 ], [ 23.449, -32.3233 ], [ 23.4099, -32.3892 ], [ 23.3331, -32.3511 ], [ 23.3073, -32.3959 ], [ 23.2216, -32.425 ], [ 23.2475, -32.4653 ], [ 23.2445, -32.5132 ], [ 23.2882, -32.5512 ], [ 23.3073, -32.6116 ], [ 23.3013, -32.6518 ], [ 23.2696, -32.6715 ], [ 23.3329, -32.7036 ], [ 23.3535, -32.7294 ], [ 23.3516, -32.7638 ], [ 23.3977, -32.7635 ], [ 23.3786, -32.825 ], [ 23.2011, -32.7854 ], [ 23.1875, -32.7674 ], [ 23.1493, -32.7667 ], [ 23.0893, -32.7992 ], [ 23.1164, -32.858 ], [ 23.098, -32.8737 ], [ 23.0074, -32.8728 ], [ 23.0037, -32.8983 ], [ 22.9488, -32.95 ], [ 22.9693, -32.9934 ], [ 22.9341, -33.0217 ], [ 22.912, -33.0145 ], [ 22.8354, -33.0377 ], [ 22.8003, -32.9853 ], [ 22.7678, -32.9785 ], [ 22.7832, -32.9306 ], [ 22.6646, -32.9288 ], [ 22.5174, -32.8927 ], [ 22.5219, -32.864 ], [ 22.4557, -32.8765 ], [ 22.384, -32.8708 ], [ 22.3213, -32.8206 ], [ 22.3013, -32.7399 ], [ 22.2173, -32.7441 ], [ 22.1914, -32.7906 ], [ 22.1242, -32.7328 ], [ 22.065, -32.7106 ], [ 22.012, -32.7242 ], [ 22.0719, -32.6427 ], [ 22.0366, -32.5997 ], [ 22.0334, -32.5549 ], [ 21.9144, -32.6193 ], [ 21.7604, -32.6584 ], [ 21.7484, -32.6376 ], [ 21.7178, -32.6416 ], [ 21.6828, -32.6844 ], [ 21.6912, -32.7144 ], [ 21.5771, -32.7595 ], [ 21.5247, -32.7591 ], [ 21.4798, -32.7866 ], [ 21.4321, -32.7567 ], [ 21.4266, -32.6671 ], [ 21.3522, -32.6577 ], [ 21.2956, -32.5909 ], [ 21.2896, -32.5578 ], [ 21.1878, -32.5101 ], [ 21.2311, -32.4631 ], [ 21.2815, -32.4397 ], [ 21.303, -32.4024 ], [ 21.3015, -32.3773 ], [ 21.3528, -32.3915 ], [ 21.4084, -32.3688 ], [ 21.4299, -32.3752 ], [ 21.4756, -32.3315 ], [ 21.5191, -32.337 ], [ 21.5504, -32.3269 ], [ 21.5618, -32.3147 ], [ 21.536, -32.2292 ], [ 21.6446, -32.2087 ], [ 21.6916, -32.2486 ], [ 21.7359, -32.205 ], [ 21.746, -32.2252 ], [ 21.773, -32.2268 ], [ 21.7806, -32.2509 ], [ 21.8742, -32.2766 ], [ 21.9017, -32.2709 ], [ 21.9074, -32.2528 ], [ 21.9246, -32.262 ], [ 21.9362, -32.2229 ], [ 21.9995, -32.206 ], [ 22.0164, -32.1143 ], [ 22.0696, -32.0814 ], [ 22.0897, -32.1464 ], [ 22.134, -32.0644 ], [ 22.0936, -32.0459 ], [ 22.0741, -32.0179 ], [ 22.095, -32.0011 ], [ 22.0713, -31.9393 ], [ 22.1004, -31.9243 ], [ 22.1017, -31.9005 ], [ 22.0789, -31.8549 ], [ 22.1666, -31.8931 ], [ 22.1769, -31.8207 ], [ 22.1599, -31.8097 ], [ 22.2063, -31.7923 ], [ 22.204, -31.764 ], [ 22.2601, -31.6625 ], [ 22.2729, -31.5925 ], [ 22.3123, -31.5835 ], [ 22.4958, -31.6703 ], [ 22.5648, -31.6779 ], [ 22.5661, -31.7132 ], [ 22.6191, -31.7247 ], [ 22.5783, -31.8055 ], [ 22.6165, -31.8229 ] ] ] } },
{ "type": "Feature", "properties": { "muni_code": "EC102" }, "geometry": { "type": "Polygon", "coordinates": [ [ [ 24.9802, -32.2588 ], [ 25.0033, -32.2504 ], [ 25.0551, -32.2801 ], [ 25.0781, -32.2735 ], [ 25.1283, -32.2911 ], [ 25.1676, -32.3287 ], [ 25.1861, -32.3238 ], [ 25.2136, -32.3472 ], [ 25.233, -32.3383 ], [ 25.2786, -32.3456 ], [ 25.3096, -32.3133 ], [ 25.3634, -32.3067 ], [ 25.3602, -32.3408 ], [ 25.4174, -32.3745 ], [ 25.3987, -32.413 ], [ 25.4203, -32.4234 ], [ 25.5341, -32.3945 ], [ 25.5744, -32.4578 ], [ 25.6217, -32.4568 ], [ 25.6551, -32.5069 ], [ 25.6899, -32.4991 ], [ 25.699, -32.522 ], [ 25.7855, -32.5379 ], [ 25.7974, -32.4772 ], [ 25.8584, -32.492 ], [ 25.9343, -32.4761 ], [ 25.9398, -32.5387 ], [ 25.9593, -32.5521 ], [ 26.0283, -32.54 ], [ 26.0808, -32.5466 ], [ 26.1272, -32.5954 ], [ 26.0741, -32.6383 ], [ 26.0476, -32.6328 ], [ 26.0472, -32.6543 ], [ 26.0268, -32.6701 ], [ 26.064, -32.6856 ], [ 26.032, -32.764 ], [ 26.066, -32.7869 ], [ 26.0951, -32.7643 ], [ 26.1795, -32.7634 ], [ 26.2052, -32.7494 ], [ 26.2081, -32.7696 ], [ 26.2404, -32.793 ], [ 26.2457, -32.8152 ], [ 26.189, -32.8122 ], [ 26.1685, -32.8556 ], [ 26.1804, -32.8446 ], [ 26.1832, -32.8693 ], [ 26.1992, -32.8502 ], [ 26.2103, -32.8633 ], [ 26.2257, -32.8577 ], [ 26.2194, -32.8782 ], [ 26.2361, -32.8712 ], [ 26.2608, -32.8908 ], [ 26.2748, -32.8806 ], [ 26.2851, -32.8992 ], [ 26.2749, -32.937 ], [ 26.1357, -32.9602 ], [ 26.0243, -33.0527 ], [ 26.0353, -33.0587 ], [ 26.0215, -33.0819 ], [ 26.0148, -33.0759 ], [ 25.9626, -33.11 ], [ 25.9482, -33.1727 ], [ 25.9819, -33.1796 ], [ 25.9688, -33.2004 ], [ 25.9834, -33.2045 ], [ 25.9708, -33.2329 ], [ 26.0165, -33.2504 ], [ 25.9879, -33.3066 ], [ 25.969, -33.3153 ], [ 25.7896, -33.2845 ], [ 25.6977, -33.2854 ], [ 25.6336, -33.3069 ], [ 25.6081, -33.2812 ], [ 25.5146, -33.2738 ], [ 25.4507, -33.2835 ], [ 25.3157, -33.2599 ], [ 25.1813, -33.2629 ], [ 25.1659, -33.2242 ], [ 25.174, -33.1196 ], [ 25.1137, -33.1157 ], [ 25.099, -33.041 ], [ 25.0783, -33.0431 ], [ 25.0716, -32.9933 ], [ 25.0939, -32.9912 ], [ 25.1016, -32.9512 ], [ 25.0559, -32.9463 ], [ 25.0162, -32.9149 ], [ 25.0364, -32.8955 ], [ 25.0737, -32.8918 ], [ 25.0874, -32.871 ], [ 25.0441, -32.8345 ], [ 24.989, -32.8375 ], [ 24.9925, -32.8003 ], [ 24.9775, -32.7869 ], [ 24.9338, -32.7829 ], [ 24.9338, -32.7635 ], [ 24.9122, -32.7635 ], [ 24.9108, -32.7432 ], [ 24.7841, -32.7231 ], [ 24.7833, -32.7041 ], [ 24.691, -32.6917 ], [ 24.6662, -32.7077 ], [ 24.6052, -32.7036 ], [ 24.5429, -32.7167 ], [ 24.4718, -32.7654 ], [ 24.4137, -32.737 ], [ 24.4566, -32.6408 ], [ 24.4399, -32.581 ], [ 24.4926, -32.6053 ], [ 24.5453, -32.562 ], [ 24.566, -32.5663 ], [ 24.5774, -32.5236 ], [ 24.5566, -32.5156 ], [ 24.564, -32.4783 ], [ 24.5898, -32.4438 ], [ 24.6966, -32.4078 ], [ 24.6714, -32.3794 ], [ 24.6946, -32.3541 ], [ 24.7018, -32.3822 ], [ 24.7614, -32.3776 ], [ 24.7952, -32.4092 ], [ 24.8138, -32.3805 ], [ 24.8233, -32.3831 ], [ 24.8259, -32.3691 ], [ 24.8065, -32.3581 ], [ 24.8149, -32.3456 ], [ 24.828, -32.3498 ], [ 24.8231, -32.3302 ], [ 24.8602, -32.3297 ], [ 24.9062, -32.3049 ], [ 24.922, -32.3102 ], [ 24.9292, -32.2625 ], [ 24.9496, -32.2412 ], [ 24.9802, -32.2588 ] ] ] } },
{ "type": "Feature", "properties": { "muni_code": "KZN226" }, "geometry": { "type": "Polygon", "coordinates": [ [ [ 30.56, -29.7283 ], [ 30.5657, -29.746 ], [ 30.5845, -29.7592 ], [ 30.5813, -29.8056 ], [ 30.5989, -29.8033 ], [ 30.6098, -29.8201 ], [ 30.589, -29.8349 ], [ 30.6086, -29.8347 ], [ 30.6214, -29.8851 ], [ 30.6461, -29.9044 ], [ 30.6579, -29.8951 ], [ 30.6585, -29.9217 ], [ 30.6753, -29.9222 ], [ 30.6565, -29.9847 ], [ 30.6884, -29.978 ], [ 30.701, -29.9866 ], [ 30.6626, -30.0144 ], [ 30.6742, -30.0278 ], [ 30.6653, -30.0619 ], [ 30.6759, -30.091 ], [ 30.6564, -30.0951 ], [ 30.6628, -30.0747 ], [ 30.6424, -30.0701 ], [ 30.6374, -30.0876 ], [ 30.6038, -30.106 ], [ 30.5988, -30.1228 ], [ 30.5889, -30.1185 ], [ 30.5753, -30.1447 ], [ 30.5344, -30.1217 ], [ 30.5607, -30.1227 ], [ 30.5568, -30.1073 ], [ 30.5138, -30.0871 ], [ 30.5254, -30.0511 ], [ 30.4918, -30.0286 ], [ 30.4998, -30.0069 ], [ 30.4822, -30.0073 ], [ 30.478, -30.0187 ], [ 30.4715, -29.9945 ], [ 30.4888, -29.9809 ], [ 30.4818, -29.9617 ], [ 30.5085, -29.9716 ], [ 30.5144, -29.9672 ], [ 30.5031, -29.9664 ], [ 30.484, -29.9276 ], [ 30.493, -29.8996 ], [ 30.4529, -29.8885 ], [ 30.4616, -29.8706 ], [ 30.4349, -29.8804 ], [ 30.4038, -29.8651 ], [ 30.4092, -29.8387 ], [ 30.4495, -29.8135 ], [ 30.4412, -29.791 ], [ 30.4307, -29.8046 ], [ 30.3965, -29.7627 ], [ 30.4277, -29.7287 ], [ 30.4977, -29.7195 ], [ 30.466, -29.6722 ], [ 30.4832, -29.6465 ], [ 30.4777, -29.6288 ], [ 30.5439, -29.629 ], [ 30.4952, -29.5689 ], [ 30.4977, -29.5569 ], [ 30.5118, -29.5653 ], [ 30.5129, -29.5506 ], [ 30.5423, -29.5356 ], [ 30.5512, -29.5494 ], [ 30.568, -29.5422 ], [ 30.6246, -29.5528 ], [ 30.6156, -29.5726 ], [ 30.6456, -29.585 ], [ 30.6357, -29.6017 ], [ 30.6429, -29.6237 ], [ 30.6761, -29.6204 ], [ 30.6443, -29.6317 ], [ 30.6712, -29.6475 ], [ 30.6505, -29.643 ], [ 30.6469, -29.6643 ], [ 30.6346, -29.6609 ], [ 30.6363, -29.6434 ], [ 30.6222, -29.6683 ], [ 30.5838, -29.6543 ], [ 30.56, -29.7283 ] ] ] } }
]
}
